20240216 22:45:29 INFO  [main] utility.SalesforceListenerUtility SalesforceListenerUtility.java62 - .......<test> execution started........
20240216 22:45:29 INFO  [main] base.BaseTest BaseTest.java46 - .........BeforeMethod  executed---------------
20240216 22:45:31 INFO  [main] base.BaseTest BaseTest.java66 - Browser instance has started
20240216 22:45:34 INFO  [main] base.BaseTest BaseTest.java147 - https://login.salesforce.com/ is entered
20240216 22:45:34 INFO  [main] base.BaseTest BaseTest.java180 - Waiting until page loads within  expectedtime period
20240216 22:45:34 INFO  [main] utility.SalesforceListenerUtility SalesforceListenerUtility.java27 - loginPage_EmptyPassword.......test execution started........
20240216 22:45:34 INFO  [main] automationscripts.SalesforceLoginPage_Testcases SalesforceLoginPage_Testcases.java38 - ..............started loginPage_EmptyPassword...............
20240216 22:45:34 INFO  [main] automationscripts.SalesforceLoginPage_Testcases SalesforceLoginPage_Testcases.java49 - Login | Salesforce  matched with Login | Salesforce
20240216 22:45:34 INFO  [main] automationscripts.SalesforceLoginPage_Testcases SalesforceLoginPage_Testcases.java57 - Assertion passed: Actual title is equal to Expected title
20240216 22:45:34 INFO  [main] base.BasePage BasePage.java89 - UserName  IS WAITED FOR VISIBLITY
20240216 22:45:34 INFO  [main] base.BasePage BasePage.java140 - [[ChromeDriver: chrome on MAC (7d186d9026baa6c06a7c7bdc290c68cb)] -> xpath: //*[@id='username']]Is enabled and clicked
20240216 22:45:34 INFO  [main] base.BasePage BasePage.java144 - Username textboxIs displayed  in textarea
20240216 22:45:34 INFO  [main] automationscripts.SalesforceLoginPage_Testcases SalesforceLoginPage_Testcases.java60 - User name entered
20240216 22:45:34 INFO  [main] base.BasePage BasePage.java140 - [[ChromeDriver: chrome on MAC (7d186d9026baa6c06a7c7bdc290c68cb)] -> xpath: //*[@id='password']]Is enabled and clicked
20240216 22:45:34 INFO  [main] base.BasePage BasePage.java144 - password field Is displayed  in textarea
20240216 22:45:34 INFO  [main] base.BasePage BasePage.java89 - Login Button IS WAITED FOR VISIBLITY
20240216 22:45:35 INFO  [main] base.BasePage BasePage.java70 - Login ButtonIs enabled and clicked
20240216 22:45:35 INFO  [main] base.BasePage BasePage.java236 - Element extracted text is = Please enter your password.
20240216 22:45:35 INFO  [main] automationscripts.SalesforceLoginPage_Testcases SalesforceLoginPage_Testcases.java72 - Please enter your password.  matched with Please enter your password.
20240216 22:45:35 INFO  [main] automationscripts.SalesforceLoginPage_Testcases SalesforceLoginPage_Testcases.java83 - ..............ended loginPage_EmptyPassword................
20240216 22:45:35 INFO  [main] utility.SalesforceListenerUtility SalesforceListenerUtility.java36 - loginPage_EmptyPassword.......test execution sucess........
20240216 22:45:35 INFO  [main] base.BaseTest BaseTest.java138 - browser is closed
20240216 22:45:35 INFO  [main] base.BaseTest BaseTest.java56 - ******tearDownAfterTestMethod executed***********
20240216 22:45:35 INFO  [main] utility.SalesforceListenerUtility SalesforceListenerUtility.java70 - .......<test> execution completed........
20240216 23:22:37 INFO  [main] utility.SalesforceListenerUtility SalesforceListenerUtility.java62 - .......<test> execution started........
20240216 23:22:37 INFO  [main] base.BaseTest BaseTest.java46 - .........BeforeMethod  executed---------------
20240216 23:22:37 INFO  [main] base.BaseTest BaseTest.java66 - Browser instance has started
20240216 23:22:39 INFO  [main] base.BaseTest BaseTest.java147 - https://login.salesforce.com/ is entered
20240216 23:22:39 INFO  [main] base.BaseTest BaseTest.java180 - Waiting until page loads within  expectedtime period
20240216 23:22:39 INFO  [main] utility.SalesforceListenerUtility SalesforceListenerUtility.java27 - login_Homepage.......test execution started........
20240216 23:22:39 INFO  [main] automationscripts.SalesforceLoginPage_Testcases SalesforceLoginPage_Testcases.java89 - ..............stated login_Homepage()...............
20240216 23:22:39 INFO  [main] base.BasePage BasePage.java217 - Current URL is = https://login.salesforce.com/
20240216 23:22:40 INFO  [main] automationscripts.SalesforceLoginPage_Testcases SalesforceLoginPage_Testcases.java100 - https://login.salesforce.com/  matched with https://login.salesforce.com/
20240216 23:22:40 INFO  [main] base.BasePage BasePage.java89 - UserName  IS WAITED FOR VISIBLITY
20240216 23:22:40 INFO  [main] base.BasePage BasePage.java140 - [[ChromeDriver: chrome on MAC (2843f6a89d46f439df97e1052404ef7b)] -> xpath: //*[@id='username']]Is enabled and clicked
20240216 23:22:40 INFO  [main] base.BasePage BasePage.java144 - Username textboxIs displayed  in textarea
20240216 23:22:40 INFO  [main] automationscripts.SalesforceLoginPage_Testcases SalesforceLoginPage_Testcases.java110 - User name entered successfully
20240216 23:22:40 INFO  [main] base.BasePage BasePage.java140 - [[ChromeDriver: chrome on MAC (2843f6a89d46f439df97e1052404ef7b)] -> xpath: //*[@id='password']]Is enabled and clicked
20240216 23:22:40 INFO  [main] base.BasePage BasePage.java144 - password field Is displayed  in textarea
20240216 23:22:40 INFO  [main] automationscripts.SalesforceLoginPage_Testcases SalesforceLoginPage_Testcases.java113 - Password entered successfully
20240216 23:22:40 INFO  [main] base.BasePage BasePage.java89 - Login Button IS WAITED FOR VISIBLITY
20240216 23:22:41 INFO  [main] base.BasePage BasePage.java70 - Login ButtonIs enabled and clicked
20240216 23:22:41 INFO  [main] automationscripts.SalesforceLoginPage_Testcases SalesforceLoginPage_Testcases.java121 - Login | Salesforce  matched with Home Page ~ Salesforce - Developer Edition
20240216 23:22:41 INFO  [main] automationscripts.SalesforceLoginPage_Testcases SalesforceLoginPage_Testcases.java130 - ..............ended login_Homepage()...............
20240216 23:22:41 INFO  [main] utility.SalesforceListenerUtility SalesforceListenerUtility.java36 - login_Homepage.......test execution sucess........
20240216 23:22:41 INFO  [main] base.BaseTest BaseTest.java138 - browser is closed
20240216 23:22:41 INFO  [main] base.BaseTest BaseTest.java56 - ******tearDownAfterTestMethod executed***********
20240216 23:22:41 INFO  [main] utility.SalesforceListenerUtility SalesforceListenerUtility.java70 - .......<test> execution completed........
20240216 23:34:41 INFO  [main] utility.SalesforceListenerUtility SalesforceListenerUtility.java62 - .......<test> execution started........
20240216 23:34:41 INFO  [main] base.BaseTest BaseTest.java46 - .........BeforeMethod  executed---------------
20240216 23:34:41 INFO  [main] base.BaseTest BaseTest.java66 - Browser instance has started
20240216 23:34:43 INFO  [main] base.BaseTest BaseTest.java147 - https://login.salesforce.com/ is entered
20240216 23:34:43 INFO  [main] base.BaseTest BaseTest.java180 - Waiting until page loads within  expectedtime period
20240216 23:34:43 INFO  [main] utility.SalesforceListenerUtility SalesforceListenerUtility.java27 - login_Homepage.......test execution started........
20240216 23:34:43 INFO  [main] automationscripts.SalesforceLoginPage_Testcases SalesforceLoginPage_Testcases.java92 - ..............stated login_Homepage()...............
20240216 23:34:44 INFO  [main] base.BasePage BasePage.java217 - Current URL is = https://login.salesforce.com/
20240216 23:34:44 INFO  [main] automationscripts.SalesforceLoginPage_Testcases SalesforceLoginPage_Testcases.java103 - https://login.salesforce.com/  matched with https://login.salesforce.com/
20240216 23:34:44 INFO  [main] base.BasePage BasePage.java89 - UserName  IS WAITED FOR VISIBLITY
20240216 23:34:44 INFO  [main] base.BasePage BasePage.java140 - [[ChromeDriver: chrome on MAC (adc26d5a86c9b6ae30af0bd3ef536d28)] -> xpath: //*[@id='username']]Is enabled and clicked
20240216 23:34:44 INFO  [main] base.BasePage BasePage.java144 - Username textboxIs displayed  in textarea
20240216 23:34:44 INFO  [main] automationscripts.SalesforceLoginPage_Testcases SalesforceLoginPage_Testcases.java113 - User name entered successfully
20240216 23:34:44 INFO  [main] base.BasePage BasePage.java140 - [[ChromeDriver: chrome on MAC (adc26d5a86c9b6ae30af0bd3ef536d28)] -> xpath: //*[@id='password']]Is enabled and clicked
20240216 23:34:44 INFO  [main] base.BasePage BasePage.java144 - password field Is displayed  in textarea
20240216 23:34:44 INFO  [main] automationscripts.SalesforceLoginPage_Testcases SalesforceLoginPage_Testcases.java116 - Password entered successfully
20240216 23:34:44 INFO  [main] base.BasePage BasePage.java89 - Login Button IS WAITED FOR VISIBLITY
20240216 23:34:45 INFO  [main] base.BasePage BasePage.java70 - Login ButtonIs enabled and clicked
20240216 23:34:45 ERROR [main] automationscripts.SalesforceLoginPage_Testcases SalesforceLoginPage_Testcases.java128 - Login | Salesforcenot   matched with Home Page ~ Salesforce - Developer Edition
20240216 23:34:45 ERROR [main] utility.SalesforceListenerUtility SalesforceListenerUtility.java45 - login_Homepage.......test execution completed with failure........
20240216 23:34:45 ERROR [main] base.BaseTest BaseTest.java173 - Error while capturing  the screenshot
20240216 23:34:45 INFO  [main] base.BaseTest BaseTest.java138 - browser is closed
20240216 23:34:45 INFO  [main] base.BaseTest BaseTest.java56 - ******tearDownAfterTestMethod executed***********
20240216 23:34:45 INFO  [main] utility.SalesforceListenerUtility SalesforceListenerUtility.java70 - .......<test> execution completed........
20240216 23:41:35 INFO  [main] utility.SalesforceListenerUtility SalesforceListenerUtility.java62 - .......<test> execution started........
20240216 23:41:35 INFO  [main] base.BaseTest BaseTest.java46 - .........BeforeMethod  executed---------------
20240216 23:41:35 INFO  [main] base.BaseTest BaseTest.java66 - Browser instance has started
20240216 23:41:37 INFO  [main] base.BaseTest BaseTest.java147 - https://login.salesforce.com/ is entered
20240216 23:41:37 INFO  [main] base.BaseTest BaseTest.java180 - Waiting until page loads within  expectedtime period
20240216 23:41:37 INFO  [main] utility.SalesforceListenerUtility SalesforceListenerUtility.java27 - login_Homepage.......test execution started........
20240216 23:41:37 INFO  [main] automationscripts.SalesforceLoginPage_Testcases SalesforceLoginPage_Testcases.java92 - ..............stated login_Homepage()...............
20240216 23:41:37 INFO  [main] base.BasePage BasePage.java217 - Current URL is = https://login.salesforce.com/
20240216 23:41:37 INFO  [main] automationscripts.SalesforceLoginPage_Testcases SalesforceLoginPage_Testcases.java103 - https://login.salesforce.com/  matched with https://login.salesforce.com/
20240216 23:41:37 INFO  [main] base.BasePage BasePage.java89 - UserName  IS WAITED FOR VISIBLITY
20240216 23:41:37 INFO  [main] base.BasePage BasePage.java140 - [[ChromeDriver: chrome on MAC (c86d077ccd70ee25b2e8add1090de90e)] -> xpath: //*[@id='username']]Is enabled and clicked
20240216 23:41:37 INFO  [main] base.BasePage BasePage.java144 - Username textboxIs displayed  in textarea
20240216 23:41:37 INFO  [main] automationscripts.SalesforceLoginPage_Testcases SalesforceLoginPage_Testcases.java113 - User name entered successfully
20240216 23:41:38 INFO  [main] base.BasePage BasePage.java140 - [[ChromeDriver: chrome on MAC (c86d077ccd70ee25b2e8add1090de90e)] -> xpath: //*[@id='password']]Is enabled and clicked
20240216 23:41:38 INFO  [main] base.BasePage BasePage.java144 - password field Is displayed  in textarea
20240216 23:41:38 INFO  [main] automationscripts.SalesforceLoginPage_Testcases SalesforceLoginPage_Testcases.java116 - Password entered successfully
20240216 23:41:38 INFO  [main] base.BasePage BasePage.java89 - Login Button IS WAITED FOR VISIBLITY
20240216 23:41:38 INFO  [main] base.BasePage BasePage.java70 - Login ButtonIs enabled and clicked
20240216 23:41:42 ERROR [main] automationscripts.SalesforceLoginPage_Testcases SalesforceLoginPage_Testcases.java129 - Login | Salesforce not   matched with Home Page ~ Salesforce - Developer Edition
20240216 23:41:42 ERROR [main] utility.SalesforceListenerUtility SalesforceListenerUtility.java45 - login_Homepage.......test execution completed with failure........
20240216 23:41:43 ERROR [main] base.BaseTest BaseTest.java173 - Error while capturing  the screenshot
20240216 23:41:43 INFO  [main] base.BaseTest BaseTest.java138 - browser is closed
20240216 23:41:43 INFO  [main] base.BaseTest BaseTest.java56 - ******tearDownAfterTestMethod executed***********
20240216 23:41:43 INFO  [main] utility.SalesforceListenerUtility SalesforceListenerUtility.java70 - .......<test> execution completed........
20240216 23:42:04 INFO  [main] utility.SalesforceListenerUtility SalesforceListenerUtility.java62 - .......<test> execution started........
20240216 23:42:04 INFO  [main] base.BaseTest BaseTest.java46 - .........BeforeMethod  executed---------------
20240216 23:42:04 INFO  [main] base.BaseTest BaseTest.java66 - Browser instance has started
20240216 23:42:06 INFO  [main] base.BaseTest BaseTest.java147 - https://login.salesforce.com/ is entered
20240216 23:42:06 INFO  [main] base.BaseTest BaseTest.java180 - Waiting until page loads within  expectedtime period
20240216 23:42:06 INFO  [main] utility.SalesforceListenerUtility SalesforceListenerUtility.java27 - login_Homepage.......test execution started........
20240216 23:42:06 INFO  [main] automationscripts.SalesforceLoginPage_Testcases SalesforceLoginPage_Testcases.java92 - ..............stated login_Homepage()...............
20240216 23:42:06 INFO  [main] base.BasePage BasePage.java217 - Current URL is = https://login.salesforce.com/
20240216 23:42:06 INFO  [main] automationscripts.SalesforceLoginPage_Testcases SalesforceLoginPage_Testcases.java103 - https://login.salesforce.com/  matched with https://login.salesforce.com/
20240216 23:42:06 INFO  [main] base.BasePage BasePage.java89 - UserName  IS WAITED FOR VISIBLITY
20240216 23:42:07 INFO  [main] base.BasePage BasePage.java140 - [[ChromeDriver: chrome on MAC (e5da91dc9ed77c214416ee04b915eb5d)] -> xpath: //*[@id='username']]Is enabled and clicked
20240216 23:42:07 INFO  [main] base.BasePage BasePage.java144 - Username textboxIs displayed  in textarea
20240216 23:42:07 INFO  [main] automationscripts.SalesforceLoginPage_Testcases SalesforceLoginPage_Testcases.java113 - User name entered successfully
20240216 23:42:07 INFO  [main] base.BasePage BasePage.java140 - [[ChromeDriver: chrome on MAC (e5da91dc9ed77c214416ee04b915eb5d)] -> xpath: //*[@id='password']]Is enabled and clicked
20240216 23:42:07 INFO  [main] base.BasePage BasePage.java144 - password field Is displayed  in textarea
20240216 23:42:07 INFO  [main] automationscripts.SalesforceLoginPage_Testcases SalesforceLoginPage_Testcases.java116 - Password entered successfully
20240216 23:42:07 INFO  [main] base.BasePage BasePage.java89 - Login Button IS WAITED FOR VISIBLITY
20240216 23:42:10 INFO  [main] base.BasePage BasePage.java70 - Login ButtonIs enabled and clicked
20240216 23:42:14 INFO  [main] automationscripts.SalesforceLoginPage_Testcases SalesforceLoginPage_Testcases.java126 - Home Page ~ Salesforce - Developer Edition  matched with Home Page ~ Salesforce - Developer Edition
20240216 23:42:14 INFO  [main] automationscripts.SalesforceLoginPage_Testcases SalesforceLoginPage_Testcases.java135 - ..............ended login_Homepage()...............
20240216 23:42:14 INFO  [main] utility.SalesforceListenerUtility SalesforceListenerUtility.java36 - login_Homepage.......test execution sucess........
20240216 23:42:14 INFO  [main] base.BaseTest BaseTest.java138 - browser is closed
20240216 23:42:14 INFO  [main] base.BaseTest BaseTest.java56 - ******tearDownAfterTestMethod executed***********
20240216 23:42:14 INFO  [main] utility.SalesforceListenerUtility SalesforceListenerUtility.java70 - .......<test> execution completed........
20240217 00:24:32 INFO  [main] utility.SalesforceListenerUtility SalesforceListenerUtility.java62 - .......<test> execution started........
20240217 00:24:32 INFO  [main] base.BaseTest BaseTest.java46 - .........BeforeMethod  executed---------------
20240217 00:24:33 INFO  [main] base.BaseTest BaseTest.java66 - Browser instance has started
20240217 00:24:35 INFO  [main] base.BaseTest BaseTest.java147 - https://login.salesforce.com/ is entered
20240217 00:24:35 INFO  [main] base.BaseTest BaseTest.java180 - Waiting until page loads within  expectedtime period
20240217 00:24:35 INFO  [main] utility.SalesforceListenerUtility SalesforceListenerUtility.java27 - rememberUser_checkbox.......test execution started........
20240217 00:24:35 INFO  [main] automationscripts.SalesforceLoginPage_Testcases SalesforceLoginPage_Testcases.java144 - ..............stated  rememberUser_checkbox..............
20240217 00:24:35 INFO  [main] base.BasePage BasePage.java86 - UserName  IS WAITED FOR VISIBLITY
20240217 00:24:35 INFO  [main] base.BasePage BasePage.java137 - [[ChromeDriver: chrome on MAC (bb927a728dcd594559738204f27ed933)] -> xpath: //*[@id='username']]Is enabled and clicked
20240217 00:24:35 INFO  [main] base.BasePage BasePage.java141 - Username textboxIs displayed  in textarea
20240217 00:24:35 INFO  [main] automationscripts.SalesforceLoginPage_Testcases SalesforceLoginPage_Testcases.java151 - User name entered successfully
20240217 00:24:36 INFO  [main] base.BasePage BasePage.java137 - [[ChromeDriver: chrome on MAC (bb927a728dcd594559738204f27ed933)] -> xpath: //*[@id='password']]Is enabled and clicked
20240217 00:24:36 INFO  [main] base.BasePage BasePage.java141 - password field Is displayed  in textarea
20240217 00:24:36 INFO  [main] automationscripts.SalesforceLoginPage_Testcases SalesforceLoginPage_Testcases.java154 - Password entered successfully
20240217 00:24:36 INFO  [main] base.BasePage BasePage.java86 - Login Button IS WAITED FOR VISIBLITY
20240217 00:24:36 INFO  [main] base.BasePage BasePage.java67 - Login ButtonIs enabled and clicked
20240217 00:24:36 INFO  [main] base.BasePage BasePage.java86 - Remember me checkbox IS WAITED FOR VISIBLITY
20240217 00:24:37 INFO  [main] base.BasePage BasePage.java67 - Remember me Is enabled and clicked
20240217 00:24:37 ERROR [main] utility.SalesforceListenerUtility SalesforceListenerUtility.java45 - rememberUser_checkbox.......test execution completed with failure........
20240217 00:24:37 ERROR [main] base.BaseTest BaseTest.java173 - Error while capturing  the screenshot
20240217 00:24:37 INFO  [main] base.BaseTest BaseTest.java138 - browser is closed
20240217 00:24:37 INFO  [main] base.BaseTest BaseTest.java56 - ******tearDownAfterTestMethod executed***********
20240217 00:24:37 INFO  [main] utility.SalesforceListenerUtility SalesforceListenerUtility.java70 - .......<test> execution completed........
20240217 00:24:54 INFO  [main] utility.SalesforceListenerUtility SalesforceListenerUtility.java62 - .......<test> execution started........
20240217 00:24:54 INFO  [main] base.BaseTest BaseTest.java46 - .........BeforeMethod  executed---------------
20240217 00:24:54 INFO  [main] base.BaseTest BaseTest.java66 - Browser instance has started
20240217 00:24:56 INFO  [main] base.BaseTest BaseTest.java147 - https://login.salesforce.com/ is entered
20240217 00:24:56 INFO  [main] base.BaseTest BaseTest.java180 - Waiting until page loads within  expectedtime period
20240217 00:24:56 INFO  [main] utility.SalesforceListenerUtility SalesforceListenerUtility.java27 - rememberUser_checkbox.......test execution started........
20240217 00:24:56 INFO  [main] automationscripts.SalesforceLoginPage_Testcases SalesforceLoginPage_Testcases.java144 - ..............stated  rememberUser_checkbox..............
20240217 00:24:56 INFO  [main] base.BasePage BasePage.java86 - UserName  IS WAITED FOR VISIBLITY
20240217 00:24:56 INFO  [main] base.BasePage BasePage.java137 - [[ChromeDriver: chrome on MAC (35ba41fed91c063cafb20ca4e033eb5a)] -> xpath: //*[@id='username']]Is enabled and clicked
20240217 00:24:56 INFO  [main] base.BasePage BasePage.java141 - Username textboxIs displayed  in textarea
20240217 00:24:56 INFO  [main] automationscripts.SalesforceLoginPage_Testcases SalesforceLoginPage_Testcases.java151 - User name entered successfully
20240217 00:24:57 INFO  [main] base.BasePage BasePage.java137 - [[ChromeDriver: chrome on MAC (35ba41fed91c063cafb20ca4e033eb5a)] -> xpath: //*[@id='password']]Is enabled and clicked
20240217 00:24:57 INFO  [main] base.BasePage BasePage.java141 - password field Is displayed  in textarea
20240217 00:24:57 INFO  [main] automationscripts.SalesforceLoginPage_Testcases SalesforceLoginPage_Testcases.java154 - Password entered successfully
20240217 00:24:57 INFO  [main] base.BasePage BasePage.java86 - Login Button IS WAITED FOR VISIBLITY
20240217 00:25:00 INFO  [main] base.BasePage BasePage.java67 - Login ButtonIs enabled and clicked
20240217 00:25:30 ERROR [main] base.BasePage BasePage.java89 - Remember me checkbox timeout exception
20240217 00:25:30 ERROR [main] utility.SalesforceListenerUtility SalesforceListenerUtility.java45 - rememberUser_checkbox.......test execution completed with failure........
20240217 00:25:30 ERROR [main] base.BaseTest BaseTest.java173 - Error while capturing  the screenshot
20240217 00:25:30 INFO  [main] base.BaseTest BaseTest.java138 - browser is closed
20240217 00:25:30 INFO  [main] base.BaseTest BaseTest.java56 - ******tearDownAfterTestMethod executed***********
20240217 00:25:31 INFO  [main] utility.SalesforceListenerUtility SalesforceListenerUtility.java70 - .......<test> execution completed........
20240217 00:29:10 INFO  [main] utility.SalesforceListenerUtility SalesforceListenerUtility.java62 - .......<test> execution started........
20240217 00:29:10 INFO  [main] base.BaseTest BaseTest.java46 - .........BeforeMethod  executed---------------
20240217 00:29:10 INFO  [main] base.BaseTest BaseTest.java66 - Browser instance has started
20240217 00:29:12 INFO  [main] base.BaseTest BaseTest.java147 - https://login.salesforce.com/ is entered
20240217 00:29:12 INFO  [main] base.BaseTest BaseTest.java180 - Waiting until page loads within  expectedtime period
20240217 00:29:12 INFO  [main] utility.SalesforceListenerUtility SalesforceListenerUtility.java27 - rememberUser_checkbox.......test execution started........
20240217 00:29:12 INFO  [main] automationscripts.SalesforceLoginPage_Testcases SalesforceLoginPage_Testcases.java144 - ..............stated  rememberUser_checkbox..............
20240217 00:29:13 INFO  [main] base.BasePage BasePage.java86 - UserName  IS WAITED FOR VISIBLITY
20240217 00:29:13 INFO  [main] base.BasePage BasePage.java137 - [[ChromeDriver: chrome on MAC (96f76ca35136be94ded5303c6b167319)] -> xpath: //*[@id='username']]Is enabled and clicked
20240217 00:29:13 INFO  [main] base.BasePage BasePage.java141 - Username textboxIs displayed  in textarea
20240217 00:29:13 INFO  [main] automationscripts.SalesforceLoginPage_Testcases SalesforceLoginPage_Testcases.java151 - User name entered successfully
20240217 00:29:13 INFO  [main] base.BasePage BasePage.java137 - [[ChromeDriver: chrome on MAC (96f76ca35136be94ded5303c6b167319)] -> xpath: //*[@id='password']]Is enabled and clicked
20240217 00:29:13 INFO  [main] base.BasePage BasePage.java141 - password field Is displayed  in textarea
20240217 00:29:13 INFO  [main] automationscripts.SalesforceLoginPage_Testcases SalesforceLoginPage_Testcases.java154 - Password entered successfully
20240217 00:29:13 INFO  [main] base.BasePage BasePage.java86 - Remember me checkbox IS WAITED FOR VISIBLITY
20240217 00:29:14 INFO  [main] base.BasePage BasePage.java67 - Remember me Is enabled and clicked
20240217 00:29:14 INFO  [main] base.BasePage BasePage.java86 - Login Button IS WAITED FOR VISIBLITY
20240217 00:29:16 INFO  [main] base.BasePage BasePage.java67 - Login ButtonIs enabled and clicked
20240217 00:29:18 ERROR [main] utility.SalesforceListenerUtility SalesforceListenerUtility.java45 - rememberUser_checkbox.......test execution completed with failure........
20240217 00:29:18 INFO  [main] base.BaseTest BaseTest.java168 - captures the screenshot
20240217 00:29:18 INFO  [main] base.BaseTest BaseTest.java138 - browser is closed
20240217 00:29:18 INFO  [main] base.BaseTest BaseTest.java56 - ******tearDownAfterTestMethod executed***********
20240217 00:29:18 INFO  [main] utility.SalesforceListenerUtility SalesforceListenerUtility.java70 - .......<test> execution completed........
20240217 00:32:47 INFO  [main] utility.SalesforceListenerUtility SalesforceListenerUtility.java62 - .......<test> execution started........
20240217 00:32:47 INFO  [main] base.BaseTest BaseTest.java46 - .........BeforeMethod  executed---------------
20240217 00:32:47 INFO  [main] base.BaseTest BaseTest.java66 - Browser instance has started
20240217 00:32:50 INFO  [main] base.BaseTest BaseTest.java147 - https://login.salesforce.com/ is entered
20240217 00:32:50 INFO  [main] base.BaseTest BaseTest.java180 - Waiting until page loads within  expectedtime period
20240217 00:32:50 INFO  [main] utility.SalesforceListenerUtility SalesforceListenerUtility.java27 - rememberUser_checkbox.......test execution started........
20240217 00:32:50 INFO  [main] automationscripts.SalesforceLoginPage_Testcases SalesforceLoginPage_Testcases.java144 - ..............stated  rememberUser_checkbox..............
20240217 00:32:50 INFO  [main] base.BasePage BasePage.java87 - UserName  IS WAITED FOR VISIBLITY
20240217 00:32:50 INFO  [main] base.BasePage BasePage.java138 - [[ChromeDriver: chrome on MAC (bd739c358e08d3428bb6c5c3c161cf4f)] -> xpath: //*[@id='username']]Is enabled and clicked
20240217 00:32:50 INFO  [main] base.BasePage BasePage.java142 - Username textboxIs displayed  in textarea
20240217 00:32:50 INFO  [main] automationscripts.SalesforceLoginPage_Testcases SalesforceLoginPage_Testcases.java151 - User name entered successfully
20240217 00:32:51 INFO  [main] base.BasePage BasePage.java138 - [[ChromeDriver: chrome on MAC (bd739c358e08d3428bb6c5c3c161cf4f)] -> xpath: //*[@id='password']]Is enabled and clicked
20240217 00:32:51 INFO  [main] base.BasePage BasePage.java142 - password field Is displayed  in textarea
20240217 00:32:51 INFO  [main] automationscripts.SalesforceLoginPage_Testcases SalesforceLoginPage_Testcases.java154 - Password entered successfully
20240217 00:32:51 INFO  [main] base.BasePage BasePage.java87 - Remember me checkbox IS WAITED FOR VISIBLITY
20240217 00:32:51 INFO  [main] base.BasePage BasePage.java68 - Remember me Is enabled and clicked
20240217 00:32:51 INFO  [main] base.BasePage BasePage.java87 - Login Button IS WAITED FOR VISIBLITY
20240217 00:32:56 INFO  [main] base.BasePage BasePage.java68 - Login ButtonIs enabled and clicked
20240217 00:32:56 INFO  [main] automationscripts.SalesforceLoginPage_Testcases SalesforceLoginPage_Testcases.java169 - Home Page ~ Salesforce - Developer Edition  matched with Home Page ~ Salesforce - Developer Edition
20240217 00:32:56 INFO  [main] base.BasePage BasePage.java87 - User account  IS WAITED FOR VISIBLITY
20240217 00:33:26 ERROR [main] base.BasePage BasePage.java90 - Logout Button  timeout exception
20240217 00:33:26 ERROR [main] utility.SalesforceListenerUtility SalesforceListenerUtility.java45 - rememberUser_checkbox.......test execution completed with failure........
20240217 00:33:26 INFO  [main] base.BaseTest BaseTest.java168 - captures the screenshot
20240217 00:33:27 INFO  [main] base.BaseTest BaseTest.java138 - browser is closed
20240217 00:33:27 INFO  [main] base.BaseTest BaseTest.java56 - ******tearDownAfterTestMethod executed***********
20240217 00:33:27 INFO  [main] utility.SalesforceListenerUtility SalesforceListenerUtility.java70 - .......<test> execution completed........
20240217 00:35:17 INFO  [main] utility.SalesforceListenerUtility SalesforceListenerUtility.java62 - .......<test> execution started........
20240217 00:35:17 INFO  [main] base.BaseTest BaseTest.java46 - .........BeforeMethod  executed---------------
20240217 00:35:17 INFO  [main] base.BaseTest BaseTest.java66 - Browser instance has started
20240217 00:35:20 INFO  [main] base.BaseTest BaseTest.java147 - https://login.salesforce.com/ is entered
20240217 00:35:20 INFO  [main] base.BaseTest BaseTest.java180 - Waiting until page loads within  expectedtime period
20240217 00:35:20 INFO  [main] utility.SalesforceListenerUtility SalesforceListenerUtility.java27 - loginPage_EmptyPassword.......test execution started........
20240217 00:35:20 INFO  [main] automationscripts.SalesforceLoginPage_Testcases SalesforceLoginPage_Testcases.java39 - ..............started loginPage_EmptyPassword...............
20240217 00:35:20 INFO  [main] automationscripts.SalesforceLoginPage_Testcases SalesforceLoginPage_Testcases.java50 - Login | Salesforce  matched with Login | Salesforce
20240217 00:35:20 INFO  [main] automationscripts.SalesforceLoginPage_Testcases SalesforceLoginPage_Testcases.java58 - Assertion passed: Actual title is equal to Expected title
20240217 00:35:20 INFO  [main] base.BasePage BasePage.java87 - UserName  IS WAITED FOR VISIBLITY
20240217 00:35:21 INFO  [main] base.BasePage BasePage.java138 - [[ChromeDriver: chrome on MAC (5043d4724d3e6b4ecfa3c63fefcf7849)] -> xpath: //*[@id='username']]Is enabled and clicked
20240217 00:35:21 INFO  [main] base.BasePage BasePage.java142 - Username textboxIs displayed  in textarea
20240217 00:35:21 INFO  [main] automationscripts.SalesforceLoginPage_Testcases SalesforceLoginPage_Testcases.java61 - User name entered
20240217 00:35:21 INFO  [main] base.BasePage BasePage.java138 - [[ChromeDriver: chrome on MAC (5043d4724d3e6b4ecfa3c63fefcf7849)] -> xpath: //*[@id='password']]Is enabled and clicked
20240217 00:35:21 INFO  [main] base.BasePage BasePage.java142 - password field Is displayed  in textarea
20240217 00:35:21 INFO  [main] base.BasePage BasePage.java87 - Login Button IS WAITED FOR VISIBLITY
20240217 00:35:21 INFO  [main] base.BasePage BasePage.java68 - Login ButtonIs enabled and clicked
20240217 00:35:21 INFO  [main] base.BasePage BasePage.java234 - Element extracted text is = Please enter your password.
20240217 00:35:21 INFO  [main] automationscripts.SalesforceLoginPage_Testcases SalesforceLoginPage_Testcases.java73 - Please enter your password.  matched with Please enter your password.
20240217 00:35:21 INFO  [main] automationscripts.SalesforceLoginPage_Testcases SalesforceLoginPage_Testcases.java86 - ..............ended loginPage_EmptyPassword................
20240217 00:35:21 INFO  [main] utility.SalesforceListenerUtility SalesforceListenerUtility.java36 - loginPage_EmptyPassword.......test execution sucess........
20240217 00:35:22 INFO  [main] base.BaseTest BaseTest.java138 - browser is closed
20240217 00:35:22 INFO  [main] base.BaseTest BaseTest.java56 - ******tearDownAfterTestMethod executed***********
20240217 00:35:22 INFO  [main] utility.SalesforceListenerUtility SalesforceListenerUtility.java70 - .......<test> execution completed........
20240217 01:14:29 INFO  [main] utility.SalesforceListenerUtility SalesforceListenerUtility.java62 - .......<test> execution started........
20240217 01:14:29 INFO  [main] base.BaseTest BaseTest.java46 - .........BeforeMethod  executed---------------
20240217 01:14:29 INFO  [main] base.BaseTest BaseTest.java66 - Browser instance has started
20240217 01:14:32 INFO  [main] base.BaseTest BaseTest.java147 - https://login.salesforce.com/ is entered
20240217 01:14:32 INFO  [main] base.BaseTest BaseTest.java180 - Waiting until page loads within  expectedtime period
20240217 01:14:32 INFO  [main] utility.SalesforceListenerUtility SalesforceListenerUtility.java27 - testForgotPasssword.......test execution started........
20240217 01:14:32 INFO  [main] automationscripts.SalesforceLoginPage_Testcases SalesforceLoginPage_Testcases.java204 - ..............stated testForgotPasssword..............
20240217 01:14:32 ERROR [main] utility.SalesforceListenerUtility SalesforceListenerUtility.java45 - testForgotPasssword.......test execution completed with failure........
20240217 01:14:32 INFO  [main] base.BaseTest BaseTest.java168 - captures the screenshot
20240217 01:14:32 INFO  [main] base.BaseTest BaseTest.java138 - browser is closed
20240217 01:14:32 INFO  [main] base.BaseTest BaseTest.java56 - ******tearDownAfterTestMethod executed***********
20240217 01:14:32 INFO  [main] utility.SalesforceListenerUtility SalesforceListenerUtility.java70 - .......<test> execution completed........
20240217 01:14:46 INFO  [main] utility.SalesforceListenerUtility SalesforceListenerUtility.java62 - .......<test> execution started........
20240217 01:14:46 INFO  [main] base.BaseTest BaseTest.java46 - .........BeforeMethod  executed---------------
20240217 01:14:46 INFO  [main] base.BaseTest BaseTest.java66 - Browser instance has started
20240217 01:14:48 INFO  [main] base.BaseTest BaseTest.java147 - https://login.salesforce.com/ is entered
20240217 01:14:48 INFO  [main] base.BaseTest BaseTest.java180 - Waiting until page loads within  expectedtime period
20240217 01:14:48 INFO  [main] utility.SalesforceListenerUtility SalesforceListenerUtility.java27 - testForgotPasssword.......test execution started........
20240217 01:14:48 INFO  [main] automationscripts.SalesforceLoginPage_Testcases SalesforceLoginPage_Testcases.java204 - ..............stated testForgotPasssword..............
20240217 01:14:49 INFO  [main] base.BasePage BasePage.java68 - Forgot ButtonIs enabled and clicked
20240217 01:14:49 INFO  [main] automationscripts.SalesforceLoginPage_Testcases SalesforceLoginPage_Testcases.java217 - Forgot Your Password | Salesforce  matched with Forgot Your Password | Salesforce
20240217 01:14:49 INFO  [main] base.BasePage BasePage.java87 - User Name  IS WAITED FOR VISIBLITY
20240217 01:14:49 INFO  [main] base.BasePage BasePage.java138 - [[ChromeDriver: chrome on MAC (ed64b954e32f95c96d738d9179e72584)] -> xpath: //input[@id='un']]Is enabled and clicked
20240217 01:14:49 INFO  [main] base.BasePage BasePage.java142 - Username textboxIs displayed  in textarea
20240217 01:14:50 INFO  [main] base.BasePage BasePage.java68 - Continue Is enabled and clicked
20240217 01:14:50 INFO  [main] automationscripts.SalesforceLoginPage_Testcases SalesforceLoginPage_Testcases.java237 - Check Your Email | Salesforce  matched with Check Your Email | Salesforce
20240217 01:14:50 INFO  [main] base.BasePage BasePage.java234 - Element extracted text is = Check Your Email
20240217 01:14:50 INFO  [main] automationscripts.SalesforceLoginPage_Testcases SalesforceLoginPage_Testcases.java249 - Check Your Email  matched with Check Your Email
20240217 01:14:50 INFO  [main] automationscripts.SalesforceLoginPage_Testcases SalesforceLoginPage_Testcases.java259 - ..............ended testForgotPasssword..............
20240217 01:14:50 INFO  [main] utility.SalesforceListenerUtility SalesforceListenerUtility.java36 - testForgotPasssword.......test execution sucess........
20240217 01:14:50 INFO  [main] base.BaseTest BaseTest.java138 - browser is closed
20240217 01:14:50 INFO  [main] base.BaseTest BaseTest.java56 - ******tearDownAfterTestMethod executed***********
20240217 01:14:50 INFO  [main] utility.SalesforceListenerUtility SalesforceListenerUtility.java70 - .......<test> execution completed........
20240217 01:24:24 INFO  [main] utility.SalesforceListenerUtility SalesforceListenerUtility.java62 - .......<test> execution started........
20240217 01:24:25 INFO  [main] base.BaseTest BaseTest.java46 - .........BeforeMethod  executed---------------
20240217 01:24:25 INFO  [main] base.BaseTest BaseTest.java66 - Browser instance has started
20240217 01:24:27 INFO  [main] base.BaseTest BaseTest.java147 - https://login.salesforce.com/ is entered
20240217 01:24:27 INFO  [main] base.BaseTest BaseTest.java180 - Waiting until page loads within  expectedtime period
20240217 01:24:27 INFO  [main] utility.SalesforceListenerUtility SalesforceListenerUtility.java27 - loginErrorMessage.......test execution started........
20240217 01:24:27 INFO  [main] automationscripts.SalesforceLoginPage_Testcases SalesforceLoginPage_Testcases.java265 - ..............stated loginErrorMessage..............
20240217 01:24:27 INFO  [main] base.BasePage BasePage.java87 - UserName  IS WAITED FOR VISIBLITY
20240217 01:24:27 INFO  [main] base.BasePage BasePage.java138 - [[ChromeDriver: chrome on MAC (1bd9ed140d973d42094cbad64cb90f00)] -> xpath: //*[@id='username']]Is enabled and clicked
20240217 01:24:28 INFO  [main] base.BasePage BasePage.java142 - Username textboxIs displayed  in textarea
20240217 01:24:28 INFO  [main] automationscripts.SalesforceLoginPage_Testcases SalesforceLoginPage_Testcases.java272 - User name entered successfully
20240217 01:24:28 INFO  [main] base.BasePage BasePage.java138 - [[ChromeDriver: chrome on MAC (1bd9ed140d973d42094cbad64cb90f00)] -> xpath: //*[@id='password']]Is enabled and clicked
20240217 01:24:28 INFO  [main] base.BasePage BasePage.java142 - password field Is displayed  in textarea
20240217 01:24:28 INFO  [main] base.BasePage BasePage.java87 - Login Button IS WAITED FOR VISIBLITY
20240217 01:24:29 INFO  [main] base.BasePage BasePage.java68 - Login ButtonIs enabled and clicked
20240217 01:24:29 INFO  [main] base.BasePage BasePage.java234 - Element extracted text is = Please check your username and password. If you still can't log in, contact your Salesforce administrator.
20240217 01:24:29 INFO  [main] automationscripts.SalesforceLoginPage_Testcases SalesforceLoginPage_Testcases.java283 - Please check your username and password. If you still can't log in, contact your Salesforce administrator.  matched with Please check your username and password. If you still can't log in, contact your Salesforce administrator.
20240217 01:24:29 INFO  [main] utility.SalesforceListenerUtility SalesforceListenerUtility.java36 - loginErrorMessage.......test execution sucess........
20240217 01:24:29 INFO  [main] base.BaseTest BaseTest.java138 - browser is closed
20240217 01:24:29 INFO  [main] base.BaseTest BaseTest.java56 - ******tearDownAfterTestMethod executed***********
20240217 01:24:29 INFO  [main] utility.SalesforceListenerUtility SalesforceListenerUtility.java70 - .......<test> execution completed........
20240217 13:22:06 INFO  [main] utility.SalesforceListenerUtility SalesforceListenerUtility.java62 - .......<test> execution started........
20240217 13:22:06 INFO  [main] base.BaseTest BaseTest.java46 - .........BeforeMethod  executed---------------
20240217 13:22:07 INFO  [main] base.BaseTest BaseTest.java66 - Browser instance has started
20240217 13:22:10 INFO  [main] base.BaseTest BaseTest.java147 - https://login.salesforce.com/ is entered
20240217 13:22:10 INFO  [main] base.BaseTest BaseTest.java180 - Waiting until page loads within  expectedtime period
20240217 13:22:10 INFO  [main] utility.SalesforceListenerUtility SalesforceListenerUtility.java27 - loginPage_EmptyPassword.......test execution started........
20240217 13:22:10 INFO  [main] automationscripts.SalesforceLoginPage_Testcases SalesforceLoginPage_Testcases.java43 - ..............started loginPage_EmptyPassword...............
20240217 13:22:10 INFO  [main] automationscripts.SalesforceLoginPage_Testcases SalesforceLoginPage_Testcases.java54 - Login | Salesforce  matched with Login | Salesforce
20240217 13:22:10 INFO  [main] automationscripts.SalesforceLoginPage_Testcases SalesforceLoginPage_Testcases.java62 - Assertion passed: Actual title is equal to Expected title
20240217 13:22:10 INFO  [main] base.BasePage BasePage.java87 - UserName  IS WAITED FOR VISIBLITY
20240217 13:22:10 INFO  [main] base.BasePage BasePage.java138 - [[ChromeDriver: chrome on MAC (6dcc23848967be0215d6fea132f2b3df)] -> xpath: //*[@id='username']]Is enabled and clicked
20240217 13:22:11 INFO  [main] base.BasePage BasePage.java142 - Username textboxIs displayed  in textarea
20240217 13:22:11 INFO  [main] automationscripts.SalesforceLoginPage_Testcases SalesforceLoginPage_Testcases.java65 - User name entered
20240217 13:22:11 INFO  [main] base.BasePage BasePage.java138 - [[ChromeDriver: chrome on MAC (6dcc23848967be0215d6fea132f2b3df)] -> xpath: //*[@id='password']]Is enabled and clicked
20240217 13:22:11 INFO  [main] base.BasePage BasePage.java142 - password field Is displayed  in textarea
20240217 13:22:11 INFO  [main] base.BasePage BasePage.java87 - Login Button IS WAITED FOR VISIBLITY
20240217 13:22:12 INFO  [main] base.BasePage BasePage.java68 - Login ButtonIs enabled and clicked
20240217 13:22:12 INFO  [main] base.BasePage BasePage.java234 - Element extracted text is = Please enter your password.
20240217 13:22:12 INFO  [main] automationscripts.SalesforceLoginPage_Testcases SalesforceLoginPage_Testcases.java77 - Please enter your password.  matched with Please enter your password.
20240217 13:22:12 INFO  [main] automationscripts.SalesforceLoginPage_Testcases SalesforceLoginPage_Testcases.java90 - ..............ended loginPage_EmptyPassword................
20240217 13:22:12 INFO  [main] utility.SalesforceListenerUtility SalesforceListenerUtility.java36 - loginPage_EmptyPassword.......test execution sucess........
20240217 13:22:12 INFO  [main] base.BaseTest BaseTest.java138 - browser is closed
20240217 13:22:12 INFO  [main] base.BaseTest BaseTest.java56 - ******tearDownAfterTestMethod executed***********
20240217 13:22:12 INFO  [main] base.BaseTest BaseTest.java46 - .........BeforeMethod  executed---------------
20240217 13:22:12 INFO  [main] base.BaseTest BaseTest.java66 - Browser instance has started
20240217 13:22:14 INFO  [main] base.BaseTest BaseTest.java147 - https://login.salesforce.com/ is entered
20240217 13:22:14 INFO  [main] base.BaseTest BaseTest.java180 - Waiting until page loads within  expectedtime period
20240217 13:22:14 INFO  [main] utility.SalesforceListenerUtility SalesforceListenerUtility.java27 - testForgotPasssword.......test execution started........
20240217 13:22:14 INFO  [main] automationscripts.SalesforceLoginPage_Testcases SalesforceLoginPage_Testcases.java206 - ..............stated testForgotPasssword..............
20240217 13:22:14 INFO  [main] base.BasePage BasePage.java68 - Forgot ButtonIs enabled and clicked
20240217 13:22:14 INFO  [main] automationscripts.SalesforceLoginPage_Testcases SalesforceLoginPage_Testcases.java219 - Forgot Your Password | Salesforce  matched with Forgot Your Password | Salesforce
20240217 13:22:14 INFO  [main] base.BasePage BasePage.java87 - User Name  IS WAITED FOR VISIBLITY
20240217 13:22:14 INFO  [main] base.BasePage BasePage.java138 - [[ChromeDriver: chrome on MAC (5a2151ed3ea9ac8d061dd9ae0b777611)] -> xpath: //input[@id='un']]Is enabled and clicked
20240217 13:22:14 INFO  [main] base.BasePage BasePage.java142 - Username textboxIs displayed  in textarea
20240217 13:22:15 INFO  [main] base.BasePage BasePage.java68 - Continue Is enabled and clicked
20240217 13:22:15 INFO  [main] automationscripts.SalesforceLoginPage_Testcases SalesforceLoginPage_Testcases.java239 - Check Your Email | Salesforce  matched with Check Your Email | Salesforce
20240217 13:22:15 INFO  [main] base.BasePage BasePage.java234 - Element extracted text is = Check Your Email
20240217 13:22:15 INFO  [main] automationscripts.SalesforceLoginPage_Testcases SalesforceLoginPage_Testcases.java251 - Check Your Email  matched with Check Your Email
20240217 13:22:15 INFO  [main] automationscripts.SalesforceLoginPage_Testcases SalesforceLoginPage_Testcases.java261 - ..............ended testForgotPasssword..............
20240217 13:22:15 INFO  [main] utility.SalesforceListenerUtility SalesforceListenerUtility.java36 - testForgotPasssword.......test execution sucess........
20240217 13:22:15 INFO  [main] base.BaseTest BaseTest.java138 - browser is closed
20240217 13:22:15 INFO  [main] base.BaseTest BaseTest.java56 - ******tearDownAfterTestMethod executed***********
20240217 13:22:15 INFO  [main] base.BaseTest BaseTest.java46 - .........BeforeMethod  executed---------------
20240217 13:22:15 INFO  [main] base.BaseTest BaseTest.java66 - Browser instance has started
20240217 13:22:17 INFO  [main] base.BaseTest BaseTest.java147 - https://login.salesforce.com/ is entered
20240217 13:22:17 INFO  [main] base.BaseTest BaseTest.java180 - Waiting until page loads within  expectedtime period
20240217 13:22:17 INFO  [main] utility.SalesforceListenerUtility SalesforceListenerUtility.java27 - loginErrorMessage.......test execution started........
20240217 13:22:17 INFO  [main] automationscripts.SalesforceLoginPage_Testcases SalesforceLoginPage_Testcases.java267 - ..............stated loginErrorMessage..............
20240217 13:22:17 INFO  [main] base.BasePage BasePage.java87 - UserName  IS WAITED FOR VISIBLITY
20240217 13:22:17 INFO  [main] base.BasePage BasePage.java138 - [[ChromeDriver: chrome on MAC (77c33b2e4a8b291f644a690e8c95d2f1)] -> xpath: //*[@id='username']]Is enabled and clicked
20240217 13:22:17 INFO  [main] base.BasePage BasePage.java142 - Username textboxIs displayed  in textarea
20240217 13:22:17 INFO  [main] automationscripts.SalesforceLoginPage_Testcases SalesforceLoginPage_Testcases.java274 - User name entered successfully
20240217 13:22:17 INFO  [main] base.BasePage BasePage.java138 - [[ChromeDriver: chrome on MAC (77c33b2e4a8b291f644a690e8c95d2f1)] -> xpath: //*[@id='password']]Is enabled and clicked
20240217 13:22:17 INFO  [main] base.BasePage BasePage.java142 - password field Is displayed  in textarea
20240217 13:22:17 INFO  [main] base.BasePage BasePage.java87 - Login Button IS WAITED FOR VISIBLITY
20240217 13:22:18 INFO  [main] base.BasePage BasePage.java68 - Login ButtonIs enabled and clicked
20240217 13:22:18 INFO  [main] base.BasePage BasePage.java234 - Element extracted text is = Please check your username and password. If you still can't log in, contact your Salesforce administrator.
20240217 13:22:18 INFO  [main] automationscripts.SalesforceLoginPage_Testcases SalesforceLoginPage_Testcases.java285 - Please check your username and password. If you still can't log in, contact your Salesforce administrator.  matched with Please check your username and password. If you still can't log in, contact your Salesforce administrator.
20240217 13:22:18 INFO  [main] utility.SalesforceListenerUtility SalesforceListenerUtility.java36 - loginErrorMessage.......test execution sucess........
20240217 13:22:18 INFO  [main] base.BaseTest BaseTest.java138 - browser is closed
20240217 13:22:18 INFO  [main] base.BaseTest BaseTest.java56 - ******tearDownAfterTestMethod executed***********
20240217 13:22:18 INFO  [main] base.BaseTest BaseTest.java46 - .........BeforeMethod  executed---------------
20240217 13:22:18 INFO  [main] base.BaseTest BaseTest.java66 - Browser instance has started
20240217 13:22:19 INFO  [main] base.BaseTest BaseTest.java147 - https://login.salesforce.com/ is entered
20240217 13:22:19 INFO  [main] base.BaseTest BaseTest.java180 - Waiting until page loads within  expectedtime period
20240217 13:22:19 INFO  [main] utility.SalesforceListenerUtility SalesforceListenerUtility.java27 - login_Homepage.......test execution started........
20240217 13:22:19 INFO  [main] automationscripts.SalesforceLoginPage_Testcases SalesforceLoginPage_Testcases.java96 - ..............stated login_Homepage()...............
20240217 13:22:19 INFO  [main] base.BasePage BasePage.java215 - Current URL is = https://login.salesforce.com/
20240217 13:22:19 INFO  [main] automationscripts.SalesforceLoginPage_Testcases SalesforceLoginPage_Testcases.java107 - https://login.salesforce.com/  matched with https://login.salesforce.com/
20240217 13:22:19 INFO  [main] base.BasePage BasePage.java87 - UserName  IS WAITED FOR VISIBLITY
20240217 13:22:20 INFO  [main] base.BasePage BasePage.java138 - [[ChromeDriver: chrome on MAC (62ed266ac7633420ea804826842232aa)] -> xpath: //*[@id='username']]Is enabled and clicked
20240217 13:22:20 INFO  [main] base.BasePage BasePage.java142 - Username textboxIs displayed  in textarea
20240217 13:22:20 INFO  [main] automationscripts.SalesforceLoginPage_Testcases SalesforceLoginPage_Testcases.java117 - User name entered successfully
20240217 13:22:20 INFO  [main] base.BasePage BasePage.java138 - [[ChromeDriver: chrome on MAC (62ed266ac7633420ea804826842232aa)] -> xpath: //*[@id='password']]Is enabled and clicked
20240217 13:22:20 INFO  [main] base.BasePage BasePage.java142 - password field Is displayed  in textarea
20240217 13:22:20 INFO  [main] automationscripts.SalesforceLoginPage_Testcases SalesforceLoginPage_Testcases.java120 - Password entered successfully
20240217 13:22:20 INFO  [main] base.BasePage BasePage.java87 - Login Button IS WAITED FOR VISIBLITY
20240217 13:22:23 INFO  [main] base.BasePage BasePage.java68 - Login ButtonIs enabled and clicked
20240217 13:22:23 ERROR [main] utility.SalesforceListenerUtility SalesforceListenerUtility.java45 - login_Homepage.......test execution completed with failure........
20240217 13:22:25 INFO  [main] base.BaseTest BaseTest.java168 - captures the screenshot
20240217 13:22:25 INFO  [main] base.BaseTest BaseTest.java138 - browser is closed
20240217 13:22:25 INFO  [main] base.BaseTest BaseTest.java56 - ******tearDownAfterTestMethod executed***********
20240217 13:22:25 INFO  [main] base.BaseTest BaseTest.java46 - .........BeforeMethod  executed---------------
20240217 13:22:25 INFO  [main] base.BaseTest BaseTest.java66 - Browser instance has started
20240217 13:22:27 INFO  [main] base.BaseTest BaseTest.java147 - https://login.salesforce.com/ is entered
20240217 13:22:27 INFO  [main] base.BaseTest BaseTest.java180 - Waiting until page loads within  expectedtime period
20240217 13:22:27 INFO  [main] utility.SalesforceListenerUtility SalesforceListenerUtility.java27 - rememberUser_checkbox.......test execution started........
20240217 13:22:27 INFO  [main] automationscripts.SalesforceLoginPage_Testcases SalesforceLoginPage_Testcases.java148 - ..............stated  rememberUser_checkbox..............
20240217 13:22:27 INFO  [main] base.BasePage BasePage.java87 - UserName  IS WAITED FOR VISIBLITY
20240217 13:22:27 INFO  [main] base.BasePage BasePage.java138 - [[ChromeDriver: chrome on MAC (f357189e404c8fef6950f0605c202a35)] -> xpath: //*[@id='username']]Is enabled and clicked
20240217 13:22:27 INFO  [main] base.BasePage BasePage.java142 - Username textboxIs displayed  in textarea
20240217 13:22:27 INFO  [main] automationscripts.SalesforceLoginPage_Testcases SalesforceLoginPage_Testcases.java155 - User name entered successfully
20240217 13:22:28 INFO  [main] base.BasePage BasePage.java138 - [[ChromeDriver: chrome on MAC (f357189e404c8fef6950f0605c202a35)] -> xpath: //*[@id='password']]Is enabled and clicked
20240217 13:22:28 INFO  [main] base.BasePage BasePage.java142 - password field Is displayed  in textarea
20240217 13:22:28 INFO  [main] automationscripts.SalesforceLoginPage_Testcases SalesforceLoginPage_Testcases.java158 - Password entered successfully
20240217 13:22:28 INFO  [main] base.BasePage BasePage.java87 - Remember me checkbox IS WAITED FOR VISIBLITY
20240217 13:22:28 INFO  [main] base.BasePage BasePage.java68 - Remember me Is enabled and clicked
20240217 13:22:28 INFO  [main] base.BasePage BasePage.java87 - Login Button IS WAITED FOR VISIBLITY
20240217 13:22:30 INFO  [main] base.BasePage BasePage.java68 - Login ButtonIs enabled and clicked
20240217 13:22:32 INFO  [main] automationscripts.SalesforceLoginPage_Testcases SalesforceLoginPage_Testcases.java173 - Home Page ~ Salesforce - Developer Edition  matched with Home Page ~ Salesforce - Developer Edition
20240217 13:22:32 INFO  [main] base.BasePage BasePage.java87 - User account  IS WAITED FOR VISIBLITY
20240217 13:22:34 INFO  [main] base.BasePage BasePage.java87 - Username Label  IS WAITED FOR VISIBLITY
20240217 13:22:34 ERROR [main] utility.SalesforceListenerUtility SalesforceListenerUtility.java45 - rememberUser_checkbox.......test execution completed with failure........
20240217 13:22:34 INFO  [main] base.BaseTest BaseTest.java168 - captures the screenshot
20240217 13:22:35 INFO  [main] base.BaseTest BaseTest.java138 - browser is closed
20240217 13:22:35 INFO  [main] base.BaseTest BaseTest.java56 - ******tearDownAfterTestMethod executed***********
20240217 13:22:35 INFO  [main] utility.SalesforceListenerUtility SalesforceListenerUtility.java70 - .......<test> execution completed........
20240217 14:21:28 INFO  [main] utility.SalesforceListenerUtility SalesforceListenerUtility.java62 - .......<test> execution started........
20240217 14:21:28 INFO  [main] base.BaseTest BaseTest.java46 - .........BeforeMethod  executed---------------
20240217 14:21:29 INFO  [main] base.BaseTest BaseTest.java66 - Browser instance has started
20240217 14:21:31 INFO  [main] base.BaseTest BaseTest.java147 - https://login.salesforce.com/ is entered
20240217 14:21:31 INFO  [main] base.BaseTest BaseTest.java180 - Waiting until page loads within  expectedtime period
20240217 14:21:31 INFO  [main] utility.SalesforceListenerUtility SalesforceListenerUtility.java27 - loginPage_EmptyPassword.......test execution started........
20240217 14:21:31 INFO  [main] automationscripts.SalesforceLoginPage_Testcases SalesforceLoginPage_Testcases.java43 - ..............started loginPage_EmptyPassword...............
20240217 14:21:31 INFO  [main] automationscripts.SalesforceLoginPage_Testcases SalesforceLoginPage_Testcases.java54 - Login | Salesforce  matched with Login | Salesforce
20240217 14:21:31 INFO  [main] automationscripts.SalesforceLoginPage_Testcases SalesforceLoginPage_Testcases.java62 - Assertion passed: Actual title is equal to Expected title
20240217 14:21:31 INFO  [main] base.BasePage BasePage.java87 - UserName  IS WAITED FOR VISIBLITY
20240217 14:21:31 INFO  [main] base.BasePage BasePage.java138 - [[ChromeDriver: chrome on MAC (c3df41a6c15ebe2e1895cf605d247ab7)] -> xpath: //*[@id='username']]Is enabled and clicked
20240217 14:21:32 INFO  [main] base.BasePage BasePage.java142 - Username textboxIs displayed  in textarea
20240217 14:21:32 INFO  [main] automationscripts.SalesforceLoginPage_Testcases SalesforceLoginPage_Testcases.java65 - User name entered
20240217 14:21:32 INFO  [main] base.BasePage BasePage.java138 - [[ChromeDriver: chrome on MAC (c3df41a6c15ebe2e1895cf605d247ab7)] -> xpath: //*[@id='password']]Is enabled and clicked
20240217 14:21:32 INFO  [main] base.BasePage BasePage.java142 - password field Is displayed  in textarea
20240217 14:21:32 INFO  [main] base.BasePage BasePage.java87 - Login Button IS WAITED FOR VISIBLITY
20240217 14:21:33 INFO  [main] base.BasePage BasePage.java68 - Login ButtonIs enabled and clicked
20240217 14:21:33 INFO  [main] base.BasePage BasePage.java234 - Element extracted text is = Please enter your password.
20240217 14:21:33 INFO  [main] automationscripts.SalesforceLoginPage_Testcases SalesforceLoginPage_Testcases.java77 - Please enter your password.  matched with Please enter your password.
20240217 14:21:33 INFO  [main] automationscripts.SalesforceLoginPage_Testcases SalesforceLoginPage_Testcases.java90 - ..............ended loginPage_EmptyPassword................
20240217 14:21:33 INFO  [main] utility.SalesforceListenerUtility SalesforceListenerUtility.java36 - loginPage_EmptyPassword.......test execution sucess........
20240217 14:21:33 INFO  [main] base.BaseTest BaseTest.java138 - browser is closed
20240217 14:21:33 INFO  [main] base.BaseTest BaseTest.java56 - ******tearDownAfterTestMethod executed***********
20240217 14:21:33 INFO  [main] base.BaseTest BaseTest.java46 - .........BeforeMethod  executed---------------
20240217 14:21:33 INFO  [main] base.BaseTest BaseTest.java66 - Browser instance has started
20240217 14:21:35 INFO  [main] base.BaseTest BaseTest.java147 - https://login.salesforce.com/ is entered
20240217 14:21:35 INFO  [main] base.BaseTest BaseTest.java180 - Waiting until page loads within  expectedtime period
20240217 14:21:35 INFO  [main] utility.SalesforceListenerUtility SalesforceListenerUtility.java27 - testForgotPasssword.......test execution started........
20240217 14:21:35 INFO  [main] automationscripts.SalesforceLoginPage_Testcases SalesforceLoginPage_Testcases.java205 - ..............stated testForgotPasssword..............
20240217 14:21:35 INFO  [main] base.BasePage BasePage.java68 - Forgot ButtonIs enabled and clicked
20240217 14:21:35 INFO  [main] automationscripts.SalesforceLoginPage_Testcases SalesforceLoginPage_Testcases.java218 - Forgot Your Password | Salesforce  matched with Forgot Your Password | Salesforce
20240217 14:21:35 INFO  [main] base.BasePage BasePage.java87 - User Name  IS WAITED FOR VISIBLITY
20240217 14:21:35 INFO  [main] base.BasePage BasePage.java138 - [[ChromeDriver: chrome on MAC (e9370823c9b17f0bfd9a5dcde9fcf12d)] -> xpath: //input[@id='un']]Is enabled and clicked
20240217 14:21:35 INFO  [main] base.BasePage BasePage.java142 - Username textboxIs displayed  in textarea
20240217 14:21:36 INFO  [main] base.BasePage BasePage.java68 - Continue Is enabled and clicked
20240217 14:21:36 INFO  [main] automationscripts.SalesforceLoginPage_Testcases SalesforceLoginPage_Testcases.java238 - Check Your Email | Salesforce  matched with Check Your Email | Salesforce
20240217 14:21:36 INFO  [main] base.BasePage BasePage.java234 - Element extracted text is = Check Your Email
20240217 14:21:36 INFO  [main] automationscripts.SalesforceLoginPage_Testcases SalesforceLoginPage_Testcases.java250 - Check Your Email  matched with Check Your Email
20240217 14:21:36 INFO  [main] automationscripts.SalesforceLoginPage_Testcases SalesforceLoginPage_Testcases.java260 - ..............ended testForgotPasssword..............
20240217 14:21:36 INFO  [main] utility.SalesforceListenerUtility SalesforceListenerUtility.java36 - testForgotPasssword.......test execution sucess........
20240217 14:21:36 INFO  [main] base.BaseTest BaseTest.java138 - browser is closed
20240217 14:21:36 INFO  [main] base.BaseTest BaseTest.java56 - ******tearDownAfterTestMethod executed***********
20240217 14:21:36 INFO  [main] base.BaseTest BaseTest.java46 - .........BeforeMethod  executed---------------
20240217 14:21:36 INFO  [main] base.BaseTest BaseTest.java66 - Browser instance has started
20240217 14:21:38 INFO  [main] base.BaseTest BaseTest.java147 - https://login.salesforce.com/ is entered
20240217 14:21:38 INFO  [main] base.BaseTest BaseTest.java180 - Waiting until page loads within  expectedtime period
20240217 14:21:38 INFO  [main] utility.SalesforceListenerUtility SalesforceListenerUtility.java27 - loginErrorMessage.......test execution started........
20240217 14:21:38 INFO  [main] automationscripts.SalesforceLoginPage_Testcases SalesforceLoginPage_Testcases.java266 - ..............stated loginErrorMessage..............
20240217 14:21:38 INFO  [main] base.BasePage BasePage.java87 - UserName  IS WAITED FOR VISIBLITY
20240217 14:21:38 INFO  [main] base.BasePage BasePage.java138 - [[ChromeDriver: chrome on MAC (88345466bfbdb595f84496b026cc0425)] -> xpath: //*[@id='username']]Is enabled and clicked
20240217 14:21:38 INFO  [main] base.BasePage BasePage.java142 - Username textboxIs displayed  in textarea
20240217 14:21:38 INFO  [main] automationscripts.SalesforceLoginPage_Testcases SalesforceLoginPage_Testcases.java273 - User name entered successfully
20240217 14:21:38 INFO  [main] base.BasePage BasePage.java138 - [[ChromeDriver: chrome on MAC (88345466bfbdb595f84496b026cc0425)] -> xpath: //*[@id='password']]Is enabled and clicked
20240217 14:21:38 INFO  [main] base.BasePage BasePage.java142 - password field Is displayed  in textarea
20240217 14:21:39 INFO  [main] base.BasePage BasePage.java87 - Login Button IS WAITED FOR VISIBLITY
20240217 14:21:39 INFO  [main] base.BasePage BasePage.java68 - Login ButtonIs enabled and clicked
20240217 14:21:39 INFO  [main] base.BasePage BasePage.java234 - Element extracted text is = Please check your username and password. If you still can't log in, contact your Salesforce administrator.
20240217 14:21:39 INFO  [main] automationscripts.SalesforceLoginPage_Testcases SalesforceLoginPage_Testcases.java284 - Please check your username and password. If you still can't log in, contact your Salesforce administrator.  matched with Please check your username and password. If you still can't log in, contact your Salesforce administrator.
20240217 14:21:39 INFO  [main] utility.SalesforceListenerUtility SalesforceListenerUtility.java36 - loginErrorMessage.......test execution sucess........
20240217 14:21:39 INFO  [main] base.BaseTest BaseTest.java138 - browser is closed
20240217 14:21:39 INFO  [main] base.BaseTest BaseTest.java56 - ******tearDownAfterTestMethod executed***********
20240217 14:21:39 INFO  [main] base.BaseTest BaseTest.java46 - .........BeforeMethod  executed---------------
20240217 14:21:39 INFO  [main] base.BaseTest BaseTest.java66 - Browser instance has started
20240217 14:21:42 INFO  [main] base.BaseTest BaseTest.java147 - https://login.salesforce.com/ is entered
20240217 14:21:42 INFO  [main] base.BaseTest BaseTest.java180 - Waiting until page loads within  expectedtime period
20240217 14:21:42 INFO  [main] utility.SalesforceListenerUtility SalesforceListenerUtility.java27 - login_Homepage.......test execution started........
20240217 14:21:42 INFO  [main] automationscripts.SalesforceLoginPage_Testcases SalesforceLoginPage_Testcases.java96 - ..............stated login_Homepage()...............
20240217 14:21:42 INFO  [main] base.BasePage BasePage.java215 - Current URL is = https://login.salesforce.com/
20240217 14:21:42 INFO  [main] automationscripts.SalesforceLoginPage_Testcases SalesforceLoginPage_Testcases.java107 - https://login.salesforce.com/  matched with https://login.salesforce.com/
20240217 14:21:42 INFO  [main] base.BasePage BasePage.java87 - UserName  IS WAITED FOR VISIBLITY
20240217 14:21:42 INFO  [main] base.BasePage BasePage.java138 - [[ChromeDriver: chrome on MAC (1969d858123df3a8af0efc3555e43615)] -> xpath: //*[@id='username']]Is enabled and clicked
20240217 14:21:42 INFO  [main] base.BasePage BasePage.java142 - Username textboxIs displayed  in textarea
20240217 14:21:42 INFO  [main] automationscripts.SalesforceLoginPage_Testcases SalesforceLoginPage_Testcases.java117 - User name entered successfully
20240217 14:21:42 INFO  [main] base.BasePage BasePage.java138 - [[ChromeDriver: chrome on MAC (1969d858123df3a8af0efc3555e43615)] -> xpath: //*[@id='password']]Is enabled and clicked
20240217 14:21:42 INFO  [main] base.BasePage BasePage.java142 - password field Is displayed  in textarea
20240217 14:21:42 INFO  [main] automationscripts.SalesforceLoginPage_Testcases SalesforceLoginPage_Testcases.java120 - Password entered successfully
20240217 14:21:42 INFO  [main] base.BasePage BasePage.java87 - Login Button IS WAITED FOR VISIBLITY
20240217 14:21:45 INFO  [main] base.BasePage BasePage.java68 - Login ButtonIs enabled and clicked
20240217 14:21:47 INFO  [main] automationscripts.SalesforceLoginPage_Testcases SalesforceLoginPage_Testcases.java132 - Home Page ~ Salesforce - Developer Edition  matched with Home Page ~ Salesforce - Developer Edition
20240217 14:21:47 INFO  [main] automationscripts.SalesforceLoginPage_Testcases SalesforceLoginPage_Testcases.java141 - ..............ended login_Homepage()...............
20240217 14:21:47 INFO  [main] utility.SalesforceListenerUtility SalesforceListenerUtility.java36 - login_Homepage.......test execution sucess........
20240217 14:21:47 INFO  [main] base.BaseTest BaseTest.java138 - browser is closed
20240217 14:21:47 INFO  [main] base.BaseTest BaseTest.java56 - ******tearDownAfterTestMethod executed***********
20240217 14:21:47 INFO  [main] base.BaseTest BaseTest.java46 - .........BeforeMethod  executed---------------
20240217 14:21:47 INFO  [main] base.BaseTest BaseTest.java66 - Browser instance has started
20240217 14:21:48 INFO  [main] base.BaseTest BaseTest.java147 - https://login.salesforce.com/ is entered
20240217 14:21:48 INFO  [main] base.BaseTest BaseTest.java180 - Waiting until page loads within  expectedtime period
20240217 14:21:48 INFO  [main] utility.SalesforceListenerUtility SalesforceListenerUtility.java27 - rememberUser_checkbox.......test execution started........
20240217 14:21:48 INFO  [main] automationscripts.SalesforceLoginPage_Testcases SalesforceLoginPage_Testcases.java147 - ..............stated  rememberUser_checkbox..............
20240217 14:21:48 INFO  [main] base.BasePage BasePage.java87 - UserName  IS WAITED FOR VISIBLITY
20240217 14:21:49 INFO  [main] base.BasePage BasePage.java138 - [[ChromeDriver: chrome on MAC (b84726562ec632f1c3d0c872a02e4aa2)] -> xpath: //*[@id='username']]Is enabled and clicked
20240217 14:21:49 INFO  [main] base.BasePage BasePage.java142 - Username textboxIs displayed  in textarea
20240217 14:21:49 INFO  [main] automationscripts.SalesforceLoginPage_Testcases SalesforceLoginPage_Testcases.java154 - User name entered successfully
20240217 14:21:49 INFO  [main] base.BasePage BasePage.java138 - [[ChromeDriver: chrome on MAC (b84726562ec632f1c3d0c872a02e4aa2)] -> xpath: //*[@id='password']]Is enabled and clicked
20240217 14:21:49 INFO  [main] base.BasePage BasePage.java142 - password field Is displayed  in textarea
20240217 14:21:49 INFO  [main] automationscripts.SalesforceLoginPage_Testcases SalesforceLoginPage_Testcases.java157 - Password entered successfully
20240217 14:21:49 INFO  [main] base.BasePage BasePage.java87 - Remember me checkbox IS WAITED FOR VISIBLITY
20240217 14:21:50 INFO  [main] base.BasePage BasePage.java68 - Remember me Is enabled and clicked
20240217 14:21:50 INFO  [main] base.BasePage BasePage.java87 - Login Button IS WAITED FOR VISIBLITY
20240217 14:21:52 INFO  [main] base.BasePage BasePage.java68 - Login ButtonIs enabled and clicked
20240217 14:21:53 INFO  [main] automationscripts.SalesforceLoginPage_Testcases SalesforceLoginPage_Testcases.java172 - Home Page ~ Salesforce - Developer Edition  matched with Home Page ~ Salesforce - Developer Edition
20240217 14:21:53 INFO  [main] base.BasePage BasePage.java87 - User account  IS WAITED FOR VISIBLITY
20240217 14:21:56 INFO  [main] base.BasePage BasePage.java87 - Username Label  IS WAITED FOR VISIBLITY
20240217 14:21:56 INFO  [main] base.BasePage BasePage.java234 - Element extracted text is = sweety123@yahoo.com
20240217 14:21:56 INFO  [main] automationscripts.SalesforceLoginPage_Testcases SalesforceLoginPage_Testcases.java189 - sweety123@yahoo.com  matched with sweety123@yahoo.com
20240217 14:21:56 INFO  [main] automationscripts.SalesforceLoginPage_Testcases SalesforceLoginPage_Testcases.java199 - .............ended rememberUser_checkbox..............
20240217 14:21:56 INFO  [main] utility.SalesforceListenerUtility SalesforceListenerUtility.java36 - rememberUser_checkbox.......test execution sucess........
20240217 14:21:56 INFO  [main] base.BaseTest BaseTest.java138 - browser is closed
20240217 14:21:56 INFO  [main] base.BaseTest BaseTest.java56 - ******tearDownAfterTestMethod executed***********
20240217 14:21:56 INFO  [main] utility.SalesforceListenerUtility SalesforceListenerUtility.java70 - .......<test> execution completed........
20240217 14:45:53 INFO  [main] utility.SalesforceListenerUtility SalesforceListenerUtility.java62 - .......<test> execution started........
20240217 14:45:53 INFO  [main] base.BaseTest BaseTest.java46 - .........BeforeMethod  executed---------------
20240217 14:45:54 INFO  [main] base.BaseTest BaseTest.java66 - Browser instance has started
20240217 14:45:56 INFO  [main] base.BaseTest BaseTest.java147 - https://login.salesforce.com/ is entered
20240217 14:45:56 INFO  [main] base.BaseTest BaseTest.java180 - Waiting until page loads within  expectedtime period
20240217 14:45:56 INFO  [main] utility.SalesforceListenerUtility SalesforceListenerUtility.java27 - loginPage_EmptyPassword.......test execution started........
20240217 14:45:56 INFO  [main] automationscripts.SalesforceLoginPage_Testcases SalesforceLoginPage_Testcases.java43 - ..............started loginPage_EmptyPassword...............
20240217 14:45:56 INFO  [main] automationscripts.SalesforceLoginPage_Testcases SalesforceLoginPage_Testcases.java54 - Login | Salesforce  matched with Login | Salesforce
20240217 14:45:56 INFO  [main] automationscripts.SalesforceLoginPage_Testcases SalesforceLoginPage_Testcases.java62 - Assertion passed: Actual title is equal to Expected title
20240217 14:45:56 INFO  [main] base.BasePage BasePage.java87 - UserName  IS WAITED FOR VISIBLITY
20240217 14:45:57 INFO  [main] base.BasePage BasePage.java138 - [[ChromeDriver: chrome on MAC (4669e6293cecb9d06b328fac0ac377dd)] -> xpath: //*[@id='username']]Is enabled and clicked
20240217 14:45:57 INFO  [main] base.BasePage BasePage.java142 - Username textboxIs displayed  in textarea
20240217 14:45:57 INFO  [main] automationscripts.SalesforceLoginPage_Testcases SalesforceLoginPage_Testcases.java65 - User name entered
20240217 14:45:57 INFO  [main] base.BasePage BasePage.java138 - [[ChromeDriver: chrome on MAC (4669e6293cecb9d06b328fac0ac377dd)] -> xpath: //*[@id='password']]Is enabled and clicked
20240217 14:45:57 INFO  [main] base.BasePage BasePage.java142 - password field Is displayed  in textarea
20240217 14:45:58 INFO  [main] base.BasePage BasePage.java87 - Login Button IS WAITED FOR VISIBLITY
20240217 14:45:58 INFO  [main] base.BasePage BasePage.java68 - Login ButtonIs enabled and clicked
20240217 14:45:58 INFO  [main] base.BasePage BasePage.java234 - Element extracted text is = Please enter your password.
20240217 14:45:58 INFO  [main] automationscripts.SalesforceLoginPage_Testcases SalesforceLoginPage_Testcases.java77 - Please enter your password.  matched with Please enter your password.
20240217 14:45:58 INFO  [main] automationscripts.SalesforceLoginPage_Testcases SalesforceLoginPage_Testcases.java90 - ..............ended loginPage_EmptyPassword................
20240217 14:45:58 INFO  [main] utility.SalesforceListenerUtility SalesforceListenerUtility.java36 - loginPage_EmptyPassword.......test execution sucess........
20240217 14:45:58 INFO  [main] base.BaseTest BaseTest.java138 - browser is closed
20240217 14:45:58 INFO  [main] base.BaseTest BaseTest.java56 - ******tearDownAfterTestMethod executed***********
20240217 14:45:58 INFO  [main] base.BaseTest BaseTest.java46 - .........BeforeMethod  executed---------------
20240217 14:45:58 INFO  [main] base.BaseTest BaseTest.java66 - Browser instance has started
20240217 14:46:00 INFO  [main] base.BaseTest BaseTest.java147 - https://login.salesforce.com/ is entered
20240217 14:46:00 INFO  [main] base.BaseTest BaseTest.java180 - Waiting until page loads within  expectedtime period
20240217 14:46:00 INFO  [main] utility.SalesforceListenerUtility SalesforceListenerUtility.java27 - testForgotPasssword.......test execution started........
20240217 14:46:00 INFO  [main] automationscripts.SalesforceLoginPage_Testcases SalesforceLoginPage_Testcases.java205 - ..............stated testForgotPasssword..............
20240217 14:46:00 INFO  [main] base.BasePage BasePage.java68 - Forgot ButtonIs enabled and clicked
20240217 14:46:00 INFO  [main] automationscripts.SalesforceLoginPage_Testcases SalesforceLoginPage_Testcases.java218 - Forgot Your Password | Salesforce  matched with Forgot Your Password | Salesforce
20240217 14:46:00 INFO  [main] base.BasePage BasePage.java87 - User Name  IS WAITED FOR VISIBLITY
20240217 14:46:00 INFO  [main] base.BasePage BasePage.java138 - [[ChromeDriver: chrome on MAC (50ca4ca091095595be1d2f961ace77d1)] -> xpath: //input[@id='un']]Is enabled and clicked
20240217 14:46:00 INFO  [main] base.BasePage BasePage.java142 - Username textboxIs displayed  in textarea
20240217 14:46:01 INFO  [main] base.BasePage BasePage.java68 - Continue Is enabled and clicked
20240217 14:46:01 INFO  [main] automationscripts.SalesforceLoginPage_Testcases SalesforceLoginPage_Testcases.java238 - Check Your Email | Salesforce  matched with Check Your Email | Salesforce
20240217 14:46:01 INFO  [main] base.BasePage BasePage.java234 - Element extracted text is = Check Your Email
20240217 14:46:01 INFO  [main] automationscripts.SalesforceLoginPage_Testcases SalesforceLoginPage_Testcases.java250 - Check Your Email  matched with Check Your Email
20240217 14:46:01 INFO  [main] automationscripts.SalesforceLoginPage_Testcases SalesforceLoginPage_Testcases.java260 - ..............ended testForgotPasssword..............
20240217 14:46:01 INFO  [main] utility.SalesforceListenerUtility SalesforceListenerUtility.java36 - testForgotPasssword.......test execution sucess........
20240217 14:46:01 INFO  [main] base.BaseTest BaseTest.java138 - browser is closed
20240217 14:46:01 INFO  [main] base.BaseTest BaseTest.java56 - ******tearDownAfterTestMethod executed***********
20240217 14:46:01 INFO  [main] base.BaseTest BaseTest.java46 - .........BeforeMethod  executed---------------
20240217 14:46:01 INFO  [main] base.BaseTest BaseTest.java66 - Browser instance has started
20240217 14:46:03 INFO  [main] base.BaseTest BaseTest.java147 - https://login.salesforce.com/ is entered
20240217 14:46:03 INFO  [main] base.BaseTest BaseTest.java180 - Waiting until page loads within  expectedtime period
20240217 14:46:03 INFO  [main] utility.SalesforceListenerUtility SalesforceListenerUtility.java27 - loginErrorMessage.......test execution started........
20240217 14:46:03 INFO  [main] automationscripts.SalesforceLoginPage_Testcases SalesforceLoginPage_Testcases.java266 - ..............stated loginErrorMessage..............
20240217 14:46:03 INFO  [main] base.BasePage BasePage.java87 - UserName  IS WAITED FOR VISIBLITY
20240217 14:46:03 INFO  [main] base.BasePage BasePage.java138 - [[ChromeDriver: chrome on MAC (5278e6ffd70bd7b0b53673eaf6dd7b3f)] -> xpath: //*[@id='username']]Is enabled and clicked
20240217 14:46:03 INFO  [main] base.BasePage BasePage.java142 - Username textboxIs displayed  in textarea
20240217 14:46:03 INFO  [main] automationscripts.SalesforceLoginPage_Testcases SalesforceLoginPage_Testcases.java273 - User name entered successfully
20240217 14:46:03 INFO  [main] base.BasePage BasePage.java138 - [[ChromeDriver: chrome on MAC (5278e6ffd70bd7b0b53673eaf6dd7b3f)] -> xpath: //*[@id='password']]Is enabled and clicked
20240217 14:46:03 INFO  [main] base.BasePage BasePage.java142 - password field Is displayed  in textarea
20240217 14:46:03 INFO  [main] base.BasePage BasePage.java87 - Login Button IS WAITED FOR VISIBLITY
20240217 14:46:04 INFO  [main] base.BasePage BasePage.java68 - Login ButtonIs enabled and clicked
20240217 14:46:04 INFO  [main] base.BasePage BasePage.java234 - Element extracted text is = Please check your username and password. If you still can't log in, contact your Salesforce administrator.
20240217 14:46:04 INFO  [main] automationscripts.SalesforceLoginPage_Testcases SalesforceLoginPage_Testcases.java284 - Please check your username and password. If you still can't log in, contact your Salesforce administrator.  matched with Please check your username and password. If you still can't log in, contact your Salesforce administrator.
20240217 14:46:04 INFO  [main] utility.SalesforceListenerUtility SalesforceListenerUtility.java36 - loginErrorMessage.......test execution sucess........
20240217 14:46:04 INFO  [main] base.BaseTest BaseTest.java138 - browser is closed
20240217 14:46:04 INFO  [main] base.BaseTest BaseTest.java56 - ******tearDownAfterTestMethod executed***********
20240217 14:46:04 INFO  [main] base.BaseTest BaseTest.java46 - .........BeforeMethod  executed---------------
20240217 14:46:04 INFO  [main] base.BaseTest BaseTest.java66 - Browser instance has started
20240217 14:46:06 INFO  [main] base.BaseTest BaseTest.java147 - https://login.salesforce.com/ is entered
20240217 14:46:06 INFO  [main] base.BaseTest BaseTest.java180 - Waiting until page loads within  expectedtime period
20240217 14:46:06 INFO  [main] utility.SalesforceListenerUtility SalesforceListenerUtility.java27 - login_Homepage.......test execution started........
20240217 14:46:06 INFO  [main] automationscripts.SalesforceLoginPage_Testcases SalesforceLoginPage_Testcases.java96 - ..............stated login_Homepage()...............
20240217 14:46:06 INFO  [main] base.BasePage BasePage.java215 - Current URL is = https://login.salesforce.com/
20240217 14:46:06 INFO  [main] automationscripts.SalesforceLoginPage_Testcases SalesforceLoginPage_Testcases.java107 - https://login.salesforce.com/  matched with https://login.salesforce.com/
20240217 14:46:06 INFO  [main] base.BasePage BasePage.java87 - UserName  IS WAITED FOR VISIBLITY
20240217 14:46:06 INFO  [main] base.BasePage BasePage.java138 - [[ChromeDriver: chrome on MAC (86c9387b2f88c2f46587f230384c5f32)] -> xpath: //*[@id='username']]Is enabled and clicked
20240217 14:46:06 INFO  [main] base.BasePage BasePage.java142 - Username textboxIs displayed  in textarea
20240217 14:46:06 INFO  [main] automationscripts.SalesforceLoginPage_Testcases SalesforceLoginPage_Testcases.java117 - User name entered successfully
20240217 14:46:06 INFO  [main] base.BasePage BasePage.java138 - [[ChromeDriver: chrome on MAC (86c9387b2f88c2f46587f230384c5f32)] -> xpath: //*[@id='password']]Is enabled and clicked
20240217 14:46:06 INFO  [main] base.BasePage BasePage.java142 - password field Is displayed  in textarea
20240217 14:46:07 INFO  [main] automationscripts.SalesforceLoginPage_Testcases SalesforceLoginPage_Testcases.java120 - Password entered successfully
20240217 14:46:07 INFO  [main] base.BasePage BasePage.java87 - Login Button IS WAITED FOR VISIBLITY
20240217 14:46:09 INFO  [main] base.BasePage BasePage.java68 - Login ButtonIs enabled and clicked
20240217 14:46:10 INFO  [main] automationscripts.SalesforceLoginPage_Testcases SalesforceLoginPage_Testcases.java132 - Home Page ~ Salesforce - Developer Edition  matched with Home Page ~ Salesforce - Developer Edition
20240217 14:46:10 INFO  [main] automationscripts.SalesforceLoginPage_Testcases SalesforceLoginPage_Testcases.java141 - ..............ended login_Homepage()...............
20240217 14:46:10 INFO  [main] utility.SalesforceListenerUtility SalesforceListenerUtility.java36 - login_Homepage.......test execution sucess........
20240217 14:46:11 INFO  [main] base.BaseTest BaseTest.java138 - browser is closed
20240217 14:46:11 INFO  [main] base.BaseTest BaseTest.java56 - ******tearDownAfterTestMethod executed***********
20240217 14:46:11 INFO  [main] base.BaseTest BaseTest.java46 - .........BeforeMethod  executed---------------
20240217 14:46:11 INFO  [main] base.BaseTest BaseTest.java66 - Browser instance has started
20240217 14:46:12 INFO  [main] base.BaseTest BaseTest.java147 - https://login.salesforce.com/ is entered
20240217 14:46:12 INFO  [main] base.BaseTest BaseTest.java180 - Waiting until page loads within  expectedtime period
20240217 14:46:12 INFO  [main] utility.SalesforceListenerUtility SalesforceListenerUtility.java27 - rememberUser_checkbox.......test execution started........
20240217 14:46:12 INFO  [main] automationscripts.SalesforceLoginPage_Testcases SalesforceLoginPage_Testcases.java147 - ..............stated  rememberUser_checkbox..............
20240217 14:46:12 INFO  [main] base.BasePage BasePage.java87 - UserName  IS WAITED FOR VISIBLITY
20240217 14:46:12 INFO  [main] base.BasePage BasePage.java138 - [[ChromeDriver: chrome on MAC (5ecd4ff9e6e6d9d939e53b7ec39b56da)] -> xpath: //*[@id='username']]Is enabled and clicked
20240217 14:46:12 INFO  [main] base.BasePage BasePage.java142 - Username textboxIs displayed  in textarea
20240217 14:46:12 INFO  [main] automationscripts.SalesforceLoginPage_Testcases SalesforceLoginPage_Testcases.java154 - User name entered successfully
20240217 14:46:13 INFO  [main] base.BasePage BasePage.java138 - [[ChromeDriver: chrome on MAC (5ecd4ff9e6e6d9d939e53b7ec39b56da)] -> xpath: //*[@id='password']]Is enabled and clicked
20240217 14:46:13 INFO  [main] base.BasePage BasePage.java142 - password field Is displayed  in textarea
20240217 14:46:13 INFO  [main] automationscripts.SalesforceLoginPage_Testcases SalesforceLoginPage_Testcases.java157 - Password entered successfully
20240217 14:46:13 INFO  [main] base.BasePage BasePage.java87 - Remember me checkbox IS WAITED FOR VISIBLITY
20240217 14:46:13 INFO  [main] base.BasePage BasePage.java68 - Remember me Is enabled and clicked
20240217 14:46:13 INFO  [main] base.BasePage BasePage.java87 - Login Button IS WAITED FOR VISIBLITY
20240217 14:46:15 INFO  [main] base.BasePage BasePage.java68 - Login ButtonIs enabled and clicked
20240217 14:46:17 INFO  [main] automationscripts.SalesforceLoginPage_Testcases SalesforceLoginPage_Testcases.java172 - Home Page ~ Salesforce - Developer Edition  matched with Home Page ~ Salesforce - Developer Edition
20240217 14:46:17 INFO  [main] base.BasePage BasePage.java87 - User account  IS WAITED FOR VISIBLITY
20240217 14:46:20 INFO  [main] base.BasePage BasePage.java87 - Username Label  IS WAITED FOR VISIBLITY
20240217 14:46:20 INFO  [main] base.BasePage BasePage.java234 - Element extracted text is = sweety123@yahoo.com
20240217 14:46:20 INFO  [main] automationscripts.SalesforceLoginPage_Testcases SalesforceLoginPage_Testcases.java189 - sweety123@yahoo.com  matched with sweety123@yahoo.com
20240217 14:46:20 INFO  [main] automationscripts.SalesforceLoginPage_Testcases SalesforceLoginPage_Testcases.java199 - .............ended rememberUser_checkbox..............
20240217 14:46:20 INFO  [main] utility.SalesforceListenerUtility SalesforceListenerUtility.java36 - rememberUser_checkbox.......test execution sucess........
20240217 14:46:20 INFO  [main] base.BaseTest BaseTest.java138 - browser is closed
20240217 14:46:20 INFO  [main] base.BaseTest BaseTest.java56 - ******tearDownAfterTestMethod executed***********
20240217 14:46:20 INFO  [main] utility.SalesforceListenerUtility SalesforceListenerUtility.java70 - .......<test> execution completed........
20240219 17:04:10 INFO  [main] utility.SalesforceListenerUtility SalesforceListenerUtility.java62 - .......<test> execution started........
20240219 17:04:11 INFO  [main] base.BaseTest BaseTest.java46 - .........BeforeMethod  executed---------------
20240219 17:04:11 INFO  [main] base.BaseTest BaseTest.java66 - Browser instance has started
20240219 17:04:16 INFO  [main] base.BaseTest BaseTest.java147 - https://login.salesforce.com/ is entered
20240219 17:04:16 INFO  [main] base.BaseTest BaseTest.java180 - Waiting until page loads within  expectedtime period
20240219 17:04:16 INFO  [main] utility.SalesforceListenerUtility SalesforceListenerUtility.java27 - loginPage_EmptyPassword.......test execution started........
20240219 17:04:16 INFO  [main] automationscripts.SalesforceLoginPage_Testcases SalesforceLoginPage_Testcases.java43 - ..............started loginPage_EmptyPassword...............
20240219 17:04:16 INFO  [main] automationscripts.SalesforceLoginPage_Testcases SalesforceLoginPage_Testcases.java54 - Login | Salesforce  matched with Login | Salesforce
20240219 17:04:16 INFO  [main] automationscripts.SalesforceLoginPage_Testcases SalesforceLoginPage_Testcases.java62 - Assertion passed: Actual title is equal to Expected title
20240219 17:04:16 INFO  [main] base.BasePage BasePage.java87 - UserName  IS WAITED FOR VISIBLITY
20240219 17:04:17 INFO  [main] base.BasePage BasePage.java138 - [[ChromeDriver: chrome on MAC (ef57126ce6c94578b27c847ddb70bdf5)] -> xpath: //*[@id='username']]Is enabled and clicked
20240219 17:04:18 INFO  [main] base.BasePage BasePage.java142 - Username textboxIs displayed  in textarea
20240219 17:04:18 INFO  [main] automationscripts.SalesforceLoginPage_Testcases SalesforceLoginPage_Testcases.java65 - User name entered
20240219 17:04:18 INFO  [main] base.BasePage BasePage.java138 - [[ChromeDriver: chrome on MAC (ef57126ce6c94578b27c847ddb70bdf5)] -> xpath: //*[@id='password']]Is enabled and clicked
20240219 17:04:18 INFO  [main] base.BasePage BasePage.java142 - password field Is displayed  in textarea
20240219 17:04:18 INFO  [main] base.BasePage BasePage.java87 - Login Button IS WAITED FOR VISIBLITY
20240219 17:04:18 INFO  [main] base.BasePage BasePage.java68 - Login ButtonIs enabled and clicked
20240219 17:04:18 INFO  [main] base.BasePage BasePage.java234 - Element extracted text is = Please enter your password.
20240219 17:04:18 INFO  [main] automationscripts.SalesforceLoginPage_Testcases SalesforceLoginPage_Testcases.java77 - Please enter your password.  matched with Please enter your password.
20240219 17:04:18 INFO  [main] automationscripts.SalesforceLoginPage_Testcases SalesforceLoginPage_Testcases.java90 - ..............ended loginPage_EmptyPassword................
20240219 17:04:18 INFO  [main] utility.SalesforceListenerUtility SalesforceListenerUtility.java36 - loginPage_EmptyPassword.......test execution sucess........
20240219 17:04:18 INFO  [main] base.BaseTest BaseTest.java138 - browser is closed
20240219 17:04:18 INFO  [main] base.BaseTest BaseTest.java56 - ******tearDownAfterTestMethod executed***********
20240219 17:04:19 INFO  [main] base.BaseTest BaseTest.java46 - .........BeforeMethod  executed---------------
20240219 17:04:19 INFO  [main] base.BaseTest BaseTest.java66 - Browser instance has started
20240219 17:04:20 INFO  [main] base.BaseTest BaseTest.java147 - https://login.salesforce.com/ is entered
20240219 17:04:20 INFO  [main] base.BaseTest BaseTest.java180 - Waiting until page loads within  expectedtime period
20240219 17:04:20 INFO  [main] utility.SalesforceListenerUtility SalesforceListenerUtility.java27 - testForgotPasssword.......test execution started........
20240219 17:04:20 INFO  [main] automationscripts.SalesforceLoginPage_Testcases SalesforceLoginPage_Testcases.java205 - ..............stated testForgotPasssword..............
20240219 17:04:21 INFO  [main] base.BasePage BasePage.java68 - Forgot ButtonIs enabled and clicked
20240219 17:04:21 INFO  [main] automationscripts.SalesforceLoginPage_Testcases SalesforceLoginPage_Testcases.java218 - Forgot Your Password | Salesforce  matched with Forgot Your Password | Salesforce
20240219 17:04:21 INFO  [main] base.BasePage BasePage.java87 - User Name  IS WAITED FOR VISIBLITY
20240219 17:04:21 INFO  [main] base.BasePage BasePage.java138 - [[ChromeDriver: chrome on MAC (927fb458c7059d640895c76cbb001dc4)] -> xpath: //input[@id='un']]Is enabled and clicked
20240219 17:04:21 INFO  [main] base.BasePage BasePage.java142 - Username textboxIs displayed  in textarea
20240219 17:04:22 INFO  [main] base.BasePage BasePage.java68 - Continue Is enabled and clicked
20240219 17:04:22 INFO  [main] automationscripts.SalesforceLoginPage_Testcases SalesforceLoginPage_Testcases.java238 - Check Your Email | Salesforce  matched with Check Your Email | Salesforce
20240219 17:04:22 INFO  [main] base.BasePage BasePage.java234 - Element extracted text is = Check Your Email
20240219 17:04:22 INFO  [main] automationscripts.SalesforceLoginPage_Testcases SalesforceLoginPage_Testcases.java250 - Check Your Email  matched with Check Your Email
20240219 17:04:22 INFO  [main] automationscripts.SalesforceLoginPage_Testcases SalesforceLoginPage_Testcases.java260 - ..............ended testForgotPasssword..............
20240219 17:04:22 INFO  [main] utility.SalesforceListenerUtility SalesforceListenerUtility.java36 - testForgotPasssword.......test execution sucess........
20240219 17:04:22 INFO  [main] base.BaseTest BaseTest.java138 - browser is closed
20240219 17:04:22 INFO  [main] base.BaseTest BaseTest.java56 - ******tearDownAfterTestMethod executed***********
20240219 17:04:22 INFO  [main] base.BaseTest BaseTest.java46 - .........BeforeMethod  executed---------------
20240219 17:04:22 INFO  [main] base.BaseTest BaseTest.java66 - Browser instance has started
20240219 17:04:24 INFO  [main] base.BaseTest BaseTest.java147 - https://login.salesforce.com/ is entered
20240219 17:04:24 INFO  [main] base.BaseTest BaseTest.java180 - Waiting until page loads within  expectedtime period
20240219 17:04:24 INFO  [main] utility.SalesforceListenerUtility SalesforceListenerUtility.java27 - loginErrorMessage.......test execution started........
20240219 17:04:24 INFO  [main] automationscripts.SalesforceLoginPage_Testcases SalesforceLoginPage_Testcases.java266 - ..............stated loginErrorMessage..............
20240219 17:04:24 INFO  [main] base.BasePage BasePage.java87 - UserName  IS WAITED FOR VISIBLITY
20240219 17:04:24 INFO  [main] base.BasePage BasePage.java138 - [[ChromeDriver: chrome on MAC (6dfab8aadef288e07e561662d4114a47)] -> xpath: //*[@id='username']]Is enabled and clicked
20240219 17:04:24 INFO  [main] base.BasePage BasePage.java142 - Username textboxIs displayed  in textarea
20240219 17:04:24 INFO  [main] automationscripts.SalesforceLoginPage_Testcases SalesforceLoginPage_Testcases.java273 - User name entered successfully
20240219 17:04:24 INFO  [main] base.BasePage BasePage.java138 - [[ChromeDriver: chrome on MAC (6dfab8aadef288e07e561662d4114a47)] -> xpath: //*[@id='password']]Is enabled and clicked
20240219 17:04:24 INFO  [main] base.BasePage BasePage.java142 - password field Is displayed  in textarea
20240219 17:04:25 INFO  [main] base.BasePage BasePage.java87 - Login Button IS WAITED FOR VISIBLITY
20240219 17:04:25 INFO  [main] base.BasePage BasePage.java68 - Login ButtonIs enabled and clicked
20240219 17:04:25 INFO  [main] base.BasePage BasePage.java234 - Element extracted text is = Please check your username and password. If you still can't log in, contact your Salesforce administrator.
20240219 17:04:25 INFO  [main] automationscripts.SalesforceLoginPage_Testcases SalesforceLoginPage_Testcases.java284 - Please check your username and password. If you still can't log in, contact your Salesforce administrator.  matched with Please check your username and password. If you still can't log in, contact your Salesforce administrator.
20240219 17:04:25 INFO  [main] utility.SalesforceListenerUtility SalesforceListenerUtility.java36 - loginErrorMessage.......test execution sucess........
20240219 17:04:25 INFO  [main] base.BaseTest BaseTest.java138 - browser is closed
20240219 17:04:25 INFO  [main] base.BaseTest BaseTest.java56 - ******tearDownAfterTestMethod executed***********
20240219 17:04:25 INFO  [main] base.BaseTest BaseTest.java46 - .........BeforeMethod  executed---------------
20240219 17:04:25 INFO  [main] base.BaseTest BaseTest.java66 - Browser instance has started
20240219 17:04:27 INFO  [main] base.BaseTest BaseTest.java147 - https://login.salesforce.com/ is entered
20240219 17:04:27 INFO  [main] base.BaseTest BaseTest.java180 - Waiting until page loads within  expectedtime period
20240219 17:04:27 INFO  [main] utility.SalesforceListenerUtility SalesforceListenerUtility.java27 - login_Homepage.......test execution started........
20240219 17:04:27 INFO  [main] automationscripts.SalesforceLoginPage_Testcases SalesforceLoginPage_Testcases.java96 - ..............stated login_Homepage()...............
20240219 17:04:27 INFO  [main] base.BasePage BasePage.java215 - Current URL is = https://login.salesforce.com/
20240219 17:04:27 INFO  [main] automationscripts.SalesforceLoginPage_Testcases SalesforceLoginPage_Testcases.java107 - https://login.salesforce.com/  matched with https://login.salesforce.com/
20240219 17:04:27 INFO  [main] base.BasePage BasePage.java87 - UserName  IS WAITED FOR VISIBLITY
20240219 17:04:27 INFO  [main] base.BasePage BasePage.java138 - [[ChromeDriver: chrome on MAC (53e00966a4ad9ca1649aa8a15d92408f)] -> xpath: //*[@id='username']]Is enabled and clicked
20240219 17:04:27 INFO  [main] base.BasePage BasePage.java142 - Username textboxIs displayed  in textarea
20240219 17:04:27 INFO  [main] automationscripts.SalesforceLoginPage_Testcases SalesforceLoginPage_Testcases.java117 - User name entered successfully
20240219 17:04:28 INFO  [main] base.BasePage BasePage.java138 - [[ChromeDriver: chrome on MAC (53e00966a4ad9ca1649aa8a15d92408f)] -> xpath: //*[@id='password']]Is enabled and clicked
20240219 17:04:28 INFO  [main] base.BasePage BasePage.java142 - password field Is displayed  in textarea
20240219 17:04:28 INFO  [main] automationscripts.SalesforceLoginPage_Testcases SalesforceLoginPage_Testcases.java120 - Password entered successfully
20240219 17:04:28 INFO  [main] base.BasePage BasePage.java87 - Login Button IS WAITED FOR VISIBLITY
20240219 17:04:31 INFO  [main] base.BasePage BasePage.java68 - Login ButtonIs enabled and clicked
20240219 17:04:33 INFO  [main] automationscripts.SalesforceLoginPage_Testcases SalesforceLoginPage_Testcases.java132 - Home Page ~ Salesforce - Developer Edition  matched with Home Page ~ Salesforce - Developer Edition
20240219 17:04:33 INFO  [main] automationscripts.SalesforceLoginPage_Testcases SalesforceLoginPage_Testcases.java141 - ..............ended login_Homepage()...............
20240219 17:04:33 INFO  [main] utility.SalesforceListenerUtility SalesforceListenerUtility.java36 - login_Homepage.......test execution sucess........
20240219 17:04:33 INFO  [main] base.BaseTest BaseTest.java138 - browser is closed
20240219 17:04:33 INFO  [main] base.BaseTest BaseTest.java56 - ******tearDownAfterTestMethod executed***********
20240219 17:04:33 INFO  [main] base.BaseTest BaseTest.java46 - .........BeforeMethod  executed---------------
20240219 17:04:33 INFO  [main] base.BaseTest BaseTest.java66 - Browser instance has started
20240219 17:04:35 INFO  [main] base.BaseTest BaseTest.java147 - https://login.salesforce.com/ is entered
20240219 17:04:35 INFO  [main] base.BaseTest BaseTest.java180 - Waiting until page loads within  expectedtime period
20240219 17:04:35 INFO  [main] utility.SalesforceListenerUtility SalesforceListenerUtility.java27 - rememberUser_checkbox.......test execution started........
20240219 17:04:35 INFO  [main] automationscripts.SalesforceLoginPage_Testcases SalesforceLoginPage_Testcases.java147 - ..............stated  rememberUser_checkbox..............
20240219 17:04:35 INFO  [main] base.BasePage BasePage.java87 - UserName  IS WAITED FOR VISIBLITY
20240219 17:04:35 INFO  [main] base.BasePage BasePage.java138 - [[ChromeDriver: chrome on MAC (28f07fe57c77ea5c7d834533be997b54)] -> xpath: //*[@id='username']]Is enabled and clicked
20240219 17:04:35 INFO  [main] base.BasePage BasePage.java142 - Username textboxIs displayed  in textarea
20240219 17:04:35 INFO  [main] automationscripts.SalesforceLoginPage_Testcases SalesforceLoginPage_Testcases.java154 - User name entered successfully
20240219 17:04:35 INFO  [main] base.BasePage BasePage.java138 - [[ChromeDriver: chrome on MAC (28f07fe57c77ea5c7d834533be997b54)] -> xpath: //*[@id='password']]Is enabled and clicked
20240219 17:04:35 INFO  [main] base.BasePage BasePage.java142 - password field Is displayed  in textarea
20240219 17:04:35 INFO  [main] automationscripts.SalesforceLoginPage_Testcases SalesforceLoginPage_Testcases.java157 - Password entered successfully
20240219 17:04:35 INFO  [main] base.BasePage BasePage.java87 - Remember me checkbox IS WAITED FOR VISIBLITY
20240219 17:04:35 INFO  [main] base.BasePage BasePage.java68 - Remember me Is enabled and clicked
20240219 17:04:36 INFO  [main] base.BasePage BasePage.java87 - Login Button IS WAITED FOR VISIBLITY
20240219 17:04:38 INFO  [main] base.BasePage BasePage.java68 - Login ButtonIs enabled and clicked
20240219 17:04:40 INFO  [main] automationscripts.SalesforceLoginPage_Testcases SalesforceLoginPage_Testcases.java172 - Home Page ~ Salesforce - Developer Edition  matched with Home Page ~ Salesforce - Developer Edition
20240219 17:04:40 INFO  [main] base.BasePage BasePage.java87 - User account  IS WAITED FOR VISIBLITY
20240219 17:04:42 INFO  [main] base.BasePage BasePage.java87 - Username Label  IS WAITED FOR VISIBLITY
20240219 17:04:42 INFO  [main] base.BasePage BasePage.java234 - Element extracted text is = sweety123@yahoo.com
20240219 17:04:42 INFO  [main] automationscripts.SalesforceLoginPage_Testcases SalesforceLoginPage_Testcases.java189 - sweety123@yahoo.com  matched with sweety123@yahoo.com
20240219 17:04:42 INFO  [main] automationscripts.SalesforceLoginPage_Testcases SalesforceLoginPage_Testcases.java199 - .............ended rememberUser_checkbox..............
20240219 17:04:42 INFO  [main] utility.SalesforceListenerUtility SalesforceListenerUtility.java36 - rememberUser_checkbox.......test execution sucess........
20240219 17:04:42 INFO  [main] base.BaseTest BaseTest.java138 - browser is closed
20240219 17:04:42 INFO  [main] base.BaseTest BaseTest.java56 - ******tearDownAfterTestMethod executed***********
20240219 17:04:42 INFO  [main] utility.SalesforceListenerUtility SalesforceListenerUtility.java70 - .......<test> execution completed........
20240221 00:08:43 INFO  [main] utility.SalesforceListenerUtility SalesforceListenerUtility.java77 - .......<test> execution started........
20240221 00:08:43 INFO  [main] base.BaseTest BaseTest.java46 - .........BeforeMethod  executed---------------
20240221 00:08:44 INFO  [main] base.BaseTest BaseTest.java66 - Browser instance has started
20240221 00:08:46 INFO  [main] base.BaseTest BaseTest.java147 - https://login.salesforce.com/ is entered
20240221 00:08:46 INFO  [main] base.BaseTest BaseTest.java180 - Waiting until page loads within  expectedtime period
20240221 00:08:46 INFO  [main] utility.SalesforceListenerUtility SalesforceListenerUtility.java40 - loginPage_EmptyPassword.......test execution started........
20240221 00:08:46 INFO  [main] automationscripts.SalesforceLoginPage_Testcases SalesforceLoginPage_Testcases.java43 - ..............started loginPage_EmptyPassword...............
20240221 00:08:46 INFO  [main] automationscripts.SalesforceLoginPage_Testcases SalesforceLoginPage_Testcases.java54 - Login | Salesforce  matched with Login | Salesforce
20240221 00:08:46 INFO  [main] automationscripts.SalesforceLoginPage_Testcases SalesforceLoginPage_Testcases.java62 - Assertion passed: Actual title is equal to Expected title
20240221 00:08:47 INFO  [main] base.BasePage BasePage.java87 - UserName  IS WAITED FOR VISIBLITY
20240221 00:08:47 INFO  [main] base.BasePage BasePage.java138 - [[ChromeDriver: chrome on MAC (1c36e291328f418606443cccd3ca60a4)] -> xpath: //*[@id='username']]Is enabled and clicked
20240221 00:08:47 INFO  [main] base.BasePage BasePage.java142 - Username textboxIs displayed  in textarea
20240221 00:08:47 INFO  [main] automationscripts.SalesforceLoginPage_Testcases SalesforceLoginPage_Testcases.java65 - User name entered
20240221 00:08:48 INFO  [main] base.BasePage BasePage.java138 - [[ChromeDriver: chrome on MAC (1c36e291328f418606443cccd3ca60a4)] -> xpath: //*[@id='password']]Is enabled and clicked
20240221 00:08:48 INFO  [main] base.BasePage BasePage.java142 - password field Is displayed  in textarea
20240221 00:08:48 INFO  [main] base.BasePage BasePage.java87 - Login Button IS WAITED FOR VISIBLITY
20240221 00:08:48 INFO  [main] base.BasePage BasePage.java68 - Login ButtonIs enabled and clicked
20240221 00:08:48 INFO  [main] base.BasePage BasePage.java234 - Element extracted text is = Please enter your password.
20240221 00:08:48 INFO  [main] automationscripts.SalesforceLoginPage_Testcases SalesforceLoginPage_Testcases.java77 - Please enter your password.  matched with Please enter your password.
20240221 00:08:48 INFO  [main] automationscripts.SalesforceLoginPage_Testcases SalesforceLoginPage_Testcases.java88 - All assertions Passed
20240221 00:08:48 INFO  [main] automationscripts.SalesforceLoginPage_Testcases SalesforceLoginPage_Testcases.java91 - ..............ended loginPage_EmptyPassword................
20240221 00:08:48 INFO  [main] utility.SalesforceListenerUtility SalesforceListenerUtility.java50 - loginPage_EmptyPassword.......test execution sucess........
20240221 00:08:49 INFO  [main] base.BaseTest BaseTest.java138 - browser is closed
20240221 00:08:49 INFO  [main] base.BaseTest BaseTest.java56 - ******tearDownAfterTestMethod executed***********
20240221 00:08:49 INFO  [main] base.BaseTest BaseTest.java46 - .........BeforeMethod  executed---------------
20240221 00:08:49 INFO  [main] base.BaseTest BaseTest.java66 - Browser instance has started
20240221 00:08:51 INFO  [main] base.BaseTest BaseTest.java147 - https://login.salesforce.com/ is entered
20240221 00:08:51 INFO  [main] base.BaseTest BaseTest.java180 - Waiting until page loads within  expectedtime period
20240221 00:08:51 INFO  [main] utility.SalesforceListenerUtility SalesforceListenerUtility.java40 - testForgotPasssword.......test execution started........
20240221 00:08:51 INFO  [main] automationscripts.SalesforceLoginPage_Testcases SalesforceLoginPage_Testcases.java208 - ..............stated testForgotPasssword..............
20240221 00:08:53 INFO  [main] base.BasePage BasePage.java68 - Forgot ButtonIs enabled and clicked
20240221 00:08:53 INFO  [main] automationscripts.SalesforceLoginPage_Testcases SalesforceLoginPage_Testcases.java221 - Forgot Your Password | Salesforce  matched with Forgot Your Password | Salesforce
20240221 00:08:53 INFO  [main] base.BasePage BasePage.java87 - User Name  IS WAITED FOR VISIBLITY
20240221 00:08:53 INFO  [main] base.BasePage BasePage.java138 - [[ChromeDriver: chrome on MAC (f77a5151e15c5ea3b1c3267648abfc2a)] -> xpath: //input[@id='un']]Is enabled and clicked
20240221 00:08:53 INFO  [main] base.BasePage BasePage.java142 - Username textboxIs displayed  in textarea
20240221 00:08:55 INFO  [main] base.BasePage BasePage.java68 - Continue Is enabled and clicked
20240221 00:08:55 INFO  [main] automationscripts.SalesforceLoginPage_Testcases SalesforceLoginPage_Testcases.java241 - Check Your Email | Salesforce  matched with Check Your Email | Salesforce
20240221 00:08:55 INFO  [main] base.BasePage BasePage.java234 - Element extracted text is = Check Your Email
20240221 00:08:55 INFO  [main] automationscripts.SalesforceLoginPage_Testcases SalesforceLoginPage_Testcases.java253 - Check Your Email  matched with Check Your Email
20240221 00:08:55 INFO  [main] automationscripts.SalesforceLoginPage_Testcases SalesforceLoginPage_Testcases.java261 - All assertions Passed
20240221 00:08:55 INFO  [main] automationscripts.SalesforceLoginPage_Testcases SalesforceLoginPage_Testcases.java264 - ..............ended testForgotPasssword..............
20240221 00:08:55 INFO  [main] utility.SalesforceListenerUtility SalesforceListenerUtility.java50 - testForgotPasssword.......test execution sucess........
20240221 00:08:55 INFO  [main] base.BaseTest BaseTest.java138 - browser is closed
20240221 00:08:55 INFO  [main] base.BaseTest BaseTest.java56 - ******tearDownAfterTestMethod executed***********
20240221 00:08:55 INFO  [main] base.BaseTest BaseTest.java46 - .........BeforeMethod  executed---------------
20240221 00:08:55 INFO  [main] base.BaseTest BaseTest.java66 - Browser instance has started
20240221 00:08:57 INFO  [main] base.BaseTest BaseTest.java147 - https://login.salesforce.com/ is entered
20240221 00:08:57 INFO  [main] base.BaseTest BaseTest.java180 - Waiting until page loads within  expectedtime period
20240221 00:08:57 INFO  [main] utility.SalesforceListenerUtility SalesforceListenerUtility.java40 - loginErrorMessage.......test execution started........
20240221 00:08:57 INFO  [main] automationscripts.SalesforceLoginPage_Testcases SalesforceLoginPage_Testcases.java270 - ..............stated loginErrorMessage..............
20240221 00:08:57 INFO  [main] base.BasePage BasePage.java87 - UserName  IS WAITED FOR VISIBLITY
20240221 00:08:57 INFO  [main] base.BasePage BasePage.java138 - [[ChromeDriver: chrome on MAC (f708dcc0c262894fb8b2f04d17b06401)] -> xpath: //*[@id='username']]Is enabled and clicked
20240221 00:08:58 INFO  [main] base.BasePage BasePage.java142 - Username textboxIs displayed  in textarea
20240221 00:08:58 INFO  [main] automationscripts.SalesforceLoginPage_Testcases SalesforceLoginPage_Testcases.java277 - User name entered successfully
20240221 00:08:58 INFO  [main] base.BasePage BasePage.java138 - [[ChromeDriver: chrome on MAC (f708dcc0c262894fb8b2f04d17b06401)] -> xpath: //*[@id='password']]Is enabled and clicked
20240221 00:08:58 INFO  [main] base.BasePage BasePage.java142 - password field Is displayed  in textarea
20240221 00:08:58 INFO  [main] base.BasePage BasePage.java87 - Login Button IS WAITED FOR VISIBLITY
20240221 00:08:59 INFO  [main] base.BasePage BasePage.java68 - Login ButtonIs enabled and clicked
20240221 00:08:59 INFO  [main] base.BasePage BasePage.java234 - Element extracted text is = Please check your username and password. If you still can't log in, contact your Salesforce administrator.
20240221 00:08:59 INFO  [main] automationscripts.SalesforceLoginPage_Testcases SalesforceLoginPage_Testcases.java288 - Please check your username and password. If you still can't log in, contact your Salesforce administrator.  matched with Please check your username and password. If you still can't log in, contact your Salesforce administrator.
20240221 00:08:59 INFO  [main] automationscripts.SalesforceLoginPage_Testcases SalesforceLoginPage_Testcases.java295 - All assertions Passed
20240221 00:08:59 INFO  [main] automationscripts.SalesforceLoginPage_Testcases SalesforceLoginPage_Testcases.java297 - ..............ended loginErrorMessage..............
20240221 00:08:59 INFO  [main] utility.SalesforceListenerUtility SalesforceListenerUtility.java50 - loginErrorMessage.......test execution sucess........
20240221 00:08:59 INFO  [main] base.BaseTest BaseTest.java138 - browser is closed
20240221 00:08:59 INFO  [main] base.BaseTest BaseTest.java56 - ******tearDownAfterTestMethod executed***********
20240221 00:08:59 INFO  [main] base.BaseTest BaseTest.java46 - .........BeforeMethod  executed---------------
20240221 00:08:59 INFO  [main] base.BaseTest BaseTest.java66 - Browser instance has started
20240221 00:09:01 INFO  [main] base.BaseTest BaseTest.java147 - https://login.salesforce.com/ is entered
20240221 00:09:01 INFO  [main] base.BaseTest BaseTest.java180 - Waiting until page loads within  expectedtime period
20240221 00:09:01 INFO  [main] utility.SalesforceListenerUtility SalesforceListenerUtility.java40 - login_Homepage.......test execution started........
20240221 00:09:01 INFO  [main] automationscripts.SalesforceLoginPage_Testcases SalesforceLoginPage_Testcases.java97 - ..............stated login_Homepage()...............
20240221 00:09:01 INFO  [main] base.BasePage BasePage.java215 - Current URL is = https://login.salesforce.com/
20240221 00:09:01 INFO  [main] automationscripts.SalesforceLoginPage_Testcases SalesforceLoginPage_Testcases.java108 - https://login.salesforce.com/  matched with https://login.salesforce.com/
20240221 00:09:01 INFO  [main] base.BasePage BasePage.java87 - UserName  IS WAITED FOR VISIBLITY
20240221 00:09:01 INFO  [main] base.BasePage BasePage.java138 - [[ChromeDriver: chrome on MAC (5bfd00f03a28f774edc0b3a3a9a2e3b4)] -> xpath: //*[@id='username']]Is enabled and clicked
20240221 00:09:02 INFO  [main] base.BasePage BasePage.java142 - Username textboxIs displayed  in textarea
20240221 00:09:02 INFO  [main] automationscripts.SalesforceLoginPage_Testcases SalesforceLoginPage_Testcases.java118 - User name entered successfully
20240221 00:09:02 INFO  [main] base.BasePage BasePage.java138 - [[ChromeDriver: chrome on MAC (5bfd00f03a28f774edc0b3a3a9a2e3b4)] -> xpath: //*[@id='password']]Is enabled and clicked
20240221 00:09:02 INFO  [main] base.BasePage BasePage.java142 - password field Is displayed  in textarea
20240221 00:09:02 INFO  [main] automationscripts.SalesforceLoginPage_Testcases SalesforceLoginPage_Testcases.java121 - Password entered successfully
20240221 00:09:03 INFO  [main] base.BasePage BasePage.java87 - Login Button IS WAITED FOR VISIBLITY
20240221 00:09:05 INFO  [main] base.BasePage BasePage.java68 - Login ButtonIs enabled and clicked
20240221 00:09:07 INFO  [main] automationscripts.SalesforceLoginPage_Testcases SalesforceLoginPage_Testcases.java133 - Home Page ~ Salesforce - Developer Edition  matched with Home Page ~ Salesforce - Developer Edition
20240221 00:09:07 INFO  [main] automationscripts.SalesforceLoginPage_Testcases SalesforceLoginPage_Testcases.java141 - All assertions Passed
20240221 00:09:07 INFO  [main] automationscripts.SalesforceLoginPage_Testcases SalesforceLoginPage_Testcases.java143 - ..............ended login_Homepage()...............
20240221 00:09:07 INFO  [main] utility.SalesforceListenerUtility SalesforceListenerUtility.java50 - login_Homepage.......test execution sucess........
20240221 00:09:07 INFO  [main] base.BaseTest BaseTest.java138 - browser is closed
20240221 00:09:07 INFO  [main] base.BaseTest BaseTest.java56 - ******tearDownAfterTestMethod executed***********
20240221 00:09:07 INFO  [main] base.BaseTest BaseTest.java46 - .........BeforeMethod  executed---------------
20240221 00:09:07 INFO  [main] base.BaseTest BaseTest.java66 - Browser instance has started
20240221 00:09:09 INFO  [main] base.BaseTest BaseTest.java147 - https://login.salesforce.com/ is entered
20240221 00:09:09 INFO  [main] base.BaseTest BaseTest.java180 - Waiting until page loads within  expectedtime period
20240221 00:09:09 INFO  [main] utility.SalesforceListenerUtility SalesforceListenerUtility.java40 - rememberUser_checkbox.......test execution started........
20240221 00:09:09 INFO  [main] automationscripts.SalesforceLoginPage_Testcases SalesforceLoginPage_Testcases.java149 - ..............stated  rememberUser_checkbox..............
20240221 00:09:09 INFO  [main] base.BasePage BasePage.java87 - UserName  IS WAITED FOR VISIBLITY
20240221 00:09:09 INFO  [main] base.BasePage BasePage.java138 - [[ChromeDriver: chrome on MAC (3f62253716c67d5fed73066b8a3b0ca4)] -> xpath: //*[@id='username']]Is enabled and clicked
20240221 00:09:10 INFO  [main] base.BasePage BasePage.java142 - Username textboxIs displayed  in textarea
20240221 00:09:10 INFO  [main] automationscripts.SalesforceLoginPage_Testcases SalesforceLoginPage_Testcases.java156 - User name entered successfully
20240221 00:09:10 INFO  [main] base.BasePage BasePage.java138 - [[ChromeDriver: chrome on MAC (3f62253716c67d5fed73066b8a3b0ca4)] -> xpath: //*[@id='password']]Is enabled and clicked
20240221 00:09:10 INFO  [main] base.BasePage BasePage.java142 - password field Is displayed  in textarea
20240221 00:09:10 INFO  [main] automationscripts.SalesforceLoginPage_Testcases SalesforceLoginPage_Testcases.java159 - Password entered successfully
20240221 00:09:10 INFO  [main] base.BasePage BasePage.java87 - Remember me checkbox IS WAITED FOR VISIBLITY
20240221 00:09:10 INFO  [main] base.BasePage BasePage.java68 - Remember me Is enabled and clicked
20240221 00:09:10 INFO  [main] base.BasePage BasePage.java87 - Login Button IS WAITED FOR VISIBLITY
20240221 00:09:13 INFO  [main] base.BasePage BasePage.java68 - Login ButtonIs enabled and clicked
20240221 00:09:15 INFO  [main] automationscripts.SalesforceLoginPage_Testcases SalesforceLoginPage_Testcases.java174 - Home Page ~ Salesforce - Developer Edition  matched with Home Page ~ Salesforce - Developer Edition
20240221 00:09:15 INFO  [main] base.BasePage BasePage.java87 - User account  IS WAITED FOR VISIBLITY
20240221 00:09:17 INFO  [main] base.BasePage BasePage.java87 - Username Label  IS WAITED FOR VISIBLITY
20240221 00:09:17 INFO  [main] base.BasePage BasePage.java234 - Element extracted text is = sweety123@yahoo.com
20240221 00:09:17 INFO  [main] automationscripts.SalesforceLoginPage_Testcases SalesforceLoginPage_Testcases.java191 - sweety123@yahoo.com  matched with sweety123@yahoo.com
20240221 00:09:17 INFO  [main] automationscripts.SalesforceLoginPage_Testcases SalesforceLoginPage_Testcases.java199 - All assertions Passed
20240221 00:09:17 INFO  [main] automationscripts.SalesforceLoginPage_Testcases SalesforceLoginPage_Testcases.java202 - .............ended rememberUser_checkbox..............
20240221 00:09:17 INFO  [main] utility.SalesforceListenerUtility SalesforceListenerUtility.java50 - rememberUser_checkbox.......test execution sucess........
20240221 00:09:17 INFO  [main] base.BaseTest BaseTest.java138 - browser is closed
20240221 00:09:17 INFO  [main] base.BaseTest BaseTest.java56 - ******tearDownAfterTestMethod executed***********
20240221 00:09:17 INFO  [main] utility.SalesforceListenerUtility SalesforceListenerUtility.java85 - .......<test> execution completed........
20240221 00:18:29 INFO  [main] utility.SalesforceListenerUtility SalesforceListenerUtility.java65 - .......<test> execution started........
20240221 00:18:29 INFO  [main] base.BaseTest BaseTest.java46 - .........BeforeMethod  executed---------------
20240221 00:18:30 INFO  [main] base.BaseTest BaseTest.java66 - Browser instance has started
20240221 00:18:33 INFO  [main] base.BaseTest BaseTest.java147 - https://login.salesforce.com/ is entered
20240221 00:18:33 INFO  [main] base.BaseTest BaseTest.java180 - Waiting until page loads within  expectedtime period
20240221 00:18:33 INFO  [main] utility.SalesforceListenerUtility SalesforceListenerUtility.java28 - loginPage_EmptyPassword.......test execution started........
20240221 00:18:33 INFO  [main] automationscripts.SalesforceLoginPage_Testcases SalesforceLoginPage_Testcases.java43 - ..............started loginPage_EmptyPassword...............
20240221 00:18:33 INFO  [main] automationscripts.SalesforceLoginPage_Testcases SalesforceLoginPage_Testcases.java54 - Login | Salesforce  matched with Login | Salesforce
20240221 00:18:33 INFO  [main] automationscripts.SalesforceLoginPage_Testcases SalesforceLoginPage_Testcases.java62 - Assertion passed: Actual title is equal to Expected title
20240221 00:18:33 INFO  [main] base.BasePage BasePage.java87 - UserName  IS WAITED FOR VISIBLITY
20240221 00:18:33 INFO  [main] base.BasePage BasePage.java138 - [[ChromeDriver: chrome on MAC (7a80c15e32977529f94b4b1649f6e35f)] -> xpath: //*[@id='username']]Is enabled and clicked
20240221 00:18:34 INFO  [main] base.BasePage BasePage.java142 - Username textboxIs displayed  in textarea
20240221 00:18:34 INFO  [main] automationscripts.SalesforceLoginPage_Testcases SalesforceLoginPage_Testcases.java65 - User name entered
20240221 00:18:34 INFO  [main] base.BasePage BasePage.java138 - [[ChromeDriver: chrome on MAC (7a80c15e32977529f94b4b1649f6e35f)] -> xpath: //*[@id='password']]Is enabled and clicked
20240221 00:18:34 INFO  [main] base.BasePage BasePage.java142 - password field Is displayed  in textarea
20240221 00:18:34 INFO  [main] base.BasePage BasePage.java87 - Login Button IS WAITED FOR VISIBLITY
20240221 00:18:34 INFO  [main] base.BasePage BasePage.java68 - Login ButtonIs enabled and clicked
20240221 00:18:34 INFO  [main] base.BasePage BasePage.java234 - Element extracted text is = Please enter your password.
20240221 00:18:34 INFO  [main] automationscripts.SalesforceLoginPage_Testcases SalesforceLoginPage_Testcases.java77 - Please enter your password.  matched with Please enter your password.
20240221 00:18:34 INFO  [main] automationscripts.SalesforceLoginPage_Testcases SalesforceLoginPage_Testcases.java88 - All assertions Passed
20240221 00:18:34 INFO  [main] automationscripts.SalesforceLoginPage_Testcases SalesforceLoginPage_Testcases.java91 - ..............ended loginPage_EmptyPassword................
20240221 00:18:34 INFO  [main] utility.SalesforceListenerUtility SalesforceListenerUtility.java38 - loginPage_EmptyPassword.......test execution sucess........
20240221 00:18:34 INFO  [main] base.BaseTest BaseTest.java138 - browser is closed
20240221 00:18:34 INFO  [main] base.BaseTest BaseTest.java56 - ******tearDownAfterTestMethod executed***********
20240221 00:18:34 INFO  [main] base.BaseTest BaseTest.java46 - .........BeforeMethod  executed---------------
20240221 00:18:35 INFO  [main] base.BaseTest BaseTest.java66 - Browser instance has started
20240221 00:18:36 INFO  [main] base.BaseTest BaseTest.java147 - https://login.salesforce.com/ is entered
20240221 00:18:36 INFO  [main] base.BaseTest BaseTest.java180 - Waiting until page loads within  expectedtime period
20240221 00:18:36 INFO  [main] utility.SalesforceListenerUtility SalesforceListenerUtility.java28 - testForgotPasssword.......test execution started........
20240221 00:18:36 INFO  [main] automationscripts.SalesforceLoginPage_Testcases SalesforceLoginPage_Testcases.java208 - ..............stated testForgotPasssword..............
20240221 00:18:37 INFO  [main] base.BasePage BasePage.java68 - Forgot ButtonIs enabled and clicked
20240221 00:18:37 INFO  [main] automationscripts.SalesforceLoginPage_Testcases SalesforceLoginPage_Testcases.java221 - Forgot Your Password | Salesforce  matched with Forgot Your Password | Salesforce
20240221 00:18:37 INFO  [main] base.BasePage BasePage.java87 - User Name  IS WAITED FOR VISIBLITY
20240221 00:18:37 INFO  [main] base.BasePage BasePage.java138 - [[ChromeDriver: chrome on MAC (e997b15e98714345cec78be67a678ce6)] -> xpath: //input[@id='un']]Is enabled and clicked
20240221 00:18:37 INFO  [main] base.BasePage BasePage.java142 - Username textboxIs displayed  in textarea
20240221 00:18:38 INFO  [main] base.BasePage BasePage.java68 - Continue Is enabled and clicked
20240221 00:18:38 INFO  [main] automationscripts.SalesforceLoginPage_Testcases SalesforceLoginPage_Testcases.java241 - Check Your Email | Salesforce  matched with Check Your Email | Salesforce
20240221 00:18:38 INFO  [main] base.BasePage BasePage.java234 - Element extracted text is = Check Your Email
20240221 00:18:38 INFO  [main] automationscripts.SalesforceLoginPage_Testcases SalesforceLoginPage_Testcases.java253 - Check Your Email  matched with Check Your Email
20240221 00:18:38 INFO  [main] automationscripts.SalesforceLoginPage_Testcases SalesforceLoginPage_Testcases.java261 - All assertions Passed
20240221 00:18:38 INFO  [main] automationscripts.SalesforceLoginPage_Testcases SalesforceLoginPage_Testcases.java264 - ..............ended testForgotPasssword..............
20240221 00:18:38 INFO  [main] utility.SalesforceListenerUtility SalesforceListenerUtility.java38 - testForgotPasssword.......test execution sucess........
20240221 00:18:38 INFO  [main] base.BaseTest BaseTest.java138 - browser is closed
20240221 00:18:38 INFO  [main] base.BaseTest BaseTest.java56 - ******tearDownAfterTestMethod executed***********
20240221 00:18:38 INFO  [main] base.BaseTest BaseTest.java46 - .........BeforeMethod  executed---------------
20240221 00:18:38 INFO  [main] base.BaseTest BaseTest.java66 - Browser instance has started
20240221 00:18:39 INFO  [main] base.BaseTest BaseTest.java147 - https://login.salesforce.com/ is entered
20240221 00:18:39 INFO  [main] base.BaseTest BaseTest.java180 - Waiting until page loads within  expectedtime period
20240221 00:18:39 INFO  [main] utility.SalesforceListenerUtility SalesforceListenerUtility.java28 - loginErrorMessage.......test execution started........
20240221 00:18:39 INFO  [main] automationscripts.SalesforceLoginPage_Testcases SalesforceLoginPage_Testcases.java270 - ..............stated loginErrorMessage..............
20240221 00:18:40 INFO  [main] base.BasePage BasePage.java87 - UserName  IS WAITED FOR VISIBLITY
20240221 00:18:40 INFO  [main] base.BasePage BasePage.java138 - [[ChromeDriver: chrome on MAC (5773d54ab27af551719719f9a2556754)] -> xpath: //*[@id='username']]Is enabled and clicked
20240221 00:18:40 INFO  [main] base.BasePage BasePage.java142 - Username textboxIs displayed  in textarea
20240221 00:18:40 INFO  [main] automationscripts.SalesforceLoginPage_Testcases SalesforceLoginPage_Testcases.java277 - User name entered successfully
20240221 00:18:40 INFO  [main] base.BasePage BasePage.java138 - [[ChromeDriver: chrome on MAC (5773d54ab27af551719719f9a2556754)] -> xpath: //*[@id='password']]Is enabled and clicked
20240221 00:18:40 INFO  [main] base.BasePage BasePage.java142 - password field Is displayed  in textarea
20240221 00:18:40 INFO  [main] base.BasePage BasePage.java87 - Login Button IS WAITED FOR VISIBLITY
20240221 00:18:41 INFO  [main] base.BasePage BasePage.java68 - Login ButtonIs enabled and clicked
20240221 00:18:41 INFO  [main] base.BasePage BasePage.java234 - Element extracted text is = Please check your username and password. If you still can't log in, contact your Salesforce administrator.
20240221 00:18:41 INFO  [main] automationscripts.SalesforceLoginPage_Testcases SalesforceLoginPage_Testcases.java288 - Please check your username and password. If you still can't log in, contact your Salesforce administrator.  matched with Please check your username and password. If you still can't log in, contact your Salesforce administrator.
20240221 00:18:41 INFO  [main] automationscripts.SalesforceLoginPage_Testcases SalesforceLoginPage_Testcases.java295 - All assertions Passed
20240221 00:18:41 INFO  [main] automationscripts.SalesforceLoginPage_Testcases SalesforceLoginPage_Testcases.java297 - ..............ended loginErrorMessage..............
20240221 00:18:41 INFO  [main] utility.SalesforceListenerUtility SalesforceListenerUtility.java38 - loginErrorMessage.......test execution sucess........
20240221 00:18:41 INFO  [main] base.BaseTest BaseTest.java138 - browser is closed
20240221 00:18:41 INFO  [main] base.BaseTest BaseTest.java56 - ******tearDownAfterTestMethod executed***********
20240221 00:18:41 INFO  [main] base.BaseTest BaseTest.java46 - .........BeforeMethod  executed---------------
20240221 00:18:41 INFO  [main] base.BaseTest BaseTest.java66 - Browser instance has started
20240221 00:18:43 INFO  [main] base.BaseTest BaseTest.java147 - https://login.salesforce.com/ is entered
20240221 00:18:43 INFO  [main] base.BaseTest BaseTest.java180 - Waiting until page loads within  expectedtime period
20240221 00:18:43 INFO  [main] utility.SalesforceListenerUtility SalesforceListenerUtility.java28 - login_Homepage.......test execution started........
20240221 00:18:43 INFO  [main] automationscripts.SalesforceLoginPage_Testcases SalesforceLoginPage_Testcases.java97 - ..............stated login_Homepage()...............
20240221 00:18:43 INFO  [main] base.BasePage BasePage.java215 - Current URL is = https://login.salesforce.com/
20240221 00:18:43 INFO  [main] automationscripts.SalesforceLoginPage_Testcases SalesforceLoginPage_Testcases.java108 - https://login.salesforce.com/  matched with https://login.salesforce.com/
20240221 00:18:43 INFO  [main] base.BasePage BasePage.java87 - UserName  IS WAITED FOR VISIBLITY
20240221 00:18:43 INFO  [main] base.BasePage BasePage.java138 - [[ChromeDriver: chrome on MAC (3651e5e99298a539f67a618e159d4d40)] -> xpath: //*[@id='username']]Is enabled and clicked
20240221 00:18:43 INFO  [main] base.BasePage BasePage.java142 - Username textboxIs displayed  in textarea
20240221 00:18:43 INFO  [main] automationscripts.SalesforceLoginPage_Testcases SalesforceLoginPage_Testcases.java118 - User name entered successfully
20240221 00:18:44 INFO  [main] base.BasePage BasePage.java138 - [[ChromeDriver: chrome on MAC (3651e5e99298a539f67a618e159d4d40)] -> xpath: //*[@id='password']]Is enabled and clicked
20240221 00:18:44 INFO  [main] base.BasePage BasePage.java142 - password field Is displayed  in textarea
20240221 00:18:44 INFO  [main] automationscripts.SalesforceLoginPage_Testcases SalesforceLoginPage_Testcases.java121 - Password entered successfully
20240221 00:18:44 INFO  [main] base.BasePage BasePage.java87 - Login Button IS WAITED FOR VISIBLITY
20240221 00:18:47 INFO  [main] base.BasePage BasePage.java68 - Login ButtonIs enabled and clicked
20240221 00:18:49 INFO  [main] automationscripts.SalesforceLoginPage_Testcases SalesforceLoginPage_Testcases.java133 - Home Page ~ Salesforce - Developer Edition  matched with Home Page ~ Salesforce - Developer Edition
20240221 00:18:49 INFO  [main] automationscripts.SalesforceLoginPage_Testcases SalesforceLoginPage_Testcases.java141 - All assertions Passed
20240221 00:18:49 INFO  [main] automationscripts.SalesforceLoginPage_Testcases SalesforceLoginPage_Testcases.java143 - ..............ended login_Homepage()...............
20240221 00:18:49 INFO  [main] utility.SalesforceListenerUtility SalesforceListenerUtility.java38 - login_Homepage.......test execution sucess........
20240221 00:18:49 INFO  [main] base.BaseTest BaseTest.java138 - browser is closed
20240221 00:18:49 INFO  [main] base.BaseTest BaseTest.java56 - ******tearDownAfterTestMethod executed***********
20240221 00:18:49 INFO  [main] base.BaseTest BaseTest.java46 - .........BeforeMethod  executed---------------
20240221 00:18:49 INFO  [main] base.BaseTest BaseTest.java66 - Browser instance has started
20240221 00:18:51 INFO  [main] base.BaseTest BaseTest.java147 - https://login.salesforce.com/ is entered
20240221 00:18:51 INFO  [main] base.BaseTest BaseTest.java180 - Waiting until page loads within  expectedtime period
20240221 00:18:51 INFO  [main] utility.SalesforceListenerUtility SalesforceListenerUtility.java28 - rememberUser_checkbox.......test execution started........
20240221 00:18:51 INFO  [main] automationscripts.SalesforceLoginPage_Testcases SalesforceLoginPage_Testcases.java149 - ..............stated  rememberUser_checkbox..............
20240221 00:18:51 INFO  [main] base.BasePage BasePage.java87 - UserName  IS WAITED FOR VISIBLITY
20240221 00:18:51 INFO  [main] base.BasePage BasePage.java138 - [[ChromeDriver: chrome on MAC (67c40781e91a888f78300a40661a1a4d)] -> xpath: //*[@id='username']]Is enabled and clicked
20240221 00:18:51 INFO  [main] base.BasePage BasePage.java142 - Username textboxIs displayed  in textarea
20240221 00:18:51 INFO  [main] automationscripts.SalesforceLoginPage_Testcases SalesforceLoginPage_Testcases.java156 - User name entered successfully
20240221 00:18:52 INFO  [main] base.BasePage BasePage.java138 - [[ChromeDriver: chrome on MAC (67c40781e91a888f78300a40661a1a4d)] -> xpath: //*[@id='password']]Is enabled and clicked
20240221 00:18:52 INFO  [main] base.BasePage BasePage.java142 - password field Is displayed  in textarea
20240221 00:18:52 INFO  [main] automationscripts.SalesforceLoginPage_Testcases SalesforceLoginPage_Testcases.java159 - Password entered successfully
20240221 00:18:52 INFO  [main] base.BasePage BasePage.java87 - Remember me checkbox IS WAITED FOR VISIBLITY
20240221 00:18:52 INFO  [main] base.BasePage BasePage.java68 - Remember me Is enabled and clicked
20240221 00:18:52 INFO  [main] base.BasePage BasePage.java87 - Login Button IS WAITED FOR VISIBLITY
20240221 00:18:57 INFO  [main] base.BasePage BasePage.java68 - Login ButtonIs enabled and clicked
20240221 00:18:57 INFO  [main] automationscripts.SalesforceLoginPage_Testcases SalesforceLoginPage_Testcases.java174 - Home Page ~ Salesforce - Developer Edition  matched with Home Page ~ Salesforce - Developer Edition
20240221 00:18:57 INFO  [main] base.BasePage BasePage.java87 - User account  IS WAITED FOR VISIBLITY
20240221 00:18:59 INFO  [main] base.BasePage BasePage.java87 - Username Label  IS WAITED FOR VISIBLITY
20240221 00:18:59 INFO  [main] base.BasePage BasePage.java234 - Element extracted text is = sweety123@yahoo.com
20240221 00:18:59 INFO  [main] automationscripts.SalesforceLoginPage_Testcases SalesforceLoginPage_Testcases.java191 - sweety123@yahoo.com  matched with sweety123@yahoo.com
20240221 00:18:59 INFO  [main] automationscripts.SalesforceLoginPage_Testcases SalesforceLoginPage_Testcases.java199 - All assertions Passed
20240221 00:18:59 INFO  [main] automationscripts.SalesforceLoginPage_Testcases SalesforceLoginPage_Testcases.java202 - .............ended rememberUser_checkbox..............
20240221 00:18:59 INFO  [main] utility.SalesforceListenerUtility SalesforceListenerUtility.java38 - rememberUser_checkbox.......test execution sucess........
20240221 00:19:00 INFO  [main] base.BaseTest BaseTest.java138 - browser is closed
20240221 00:19:00 INFO  [main] base.BaseTest BaseTest.java56 - ******tearDownAfterTestMethod executed***********
20240221 00:19:00 INFO  [main] utility.SalesforceListenerUtility SalesforceListenerUtility.java73 - .......<test> execution completed........
20240222 11:21:35 INFO  [main] utility.SalesforceListenerUtility SalesforceListenerUtility.java65 - .......<test> execution started........
20240222 11:21:35 INFO  [main] base.BaseTest BaseTest.java46 - .........BeforeMethod  executed---------------
20240222 11:21:37 INFO  [main] base.BaseTest BaseTest.java66 - Browser instance has started
20240222 11:21:39 INFO  [main] base.BaseTest BaseTest.java147 - https://login.salesforce.com/ is entered
20240222 11:21:39 INFO  [main] base.BaseTest BaseTest.java180 - Waiting until page loads within  expectedtime period
20240222 11:21:39 INFO  [main] utility.SalesforceListenerUtility SalesforceListenerUtility.java28 - loginPage_EmptyPassword.......test execution started........
20240222 11:21:40 INFO  [main] automationscripts.SalesforceLoginPage_Testcases SalesforceLoginPage_Testcases.java43 - ..............started loginPage_EmptyPassword...............
20240222 11:21:40 INFO  [main] automationscripts.SalesforceLoginPage_Testcases SalesforceLoginPage_Testcases.java54 - Login | Salesforce  matched with Login | Salesforce
20240222 11:21:40 INFO  [main] automationscripts.SalesforceLoginPage_Testcases SalesforceLoginPage_Testcases.java62 - Assertion passed: Actual title is equal to Expected title
20240222 11:21:40 INFO  [main] base.BasePage BasePage.java87 - UserName  IS WAITED FOR VISIBLITY
20240222 11:21:40 INFO  [main] base.BasePage BasePage.java138 - [[ChromeDriver: chrome on MAC (550c54803fe596a3a68283fa0a18eedf)] -> xpath: //*[@id='username']]Is enabled and clicked
20240222 11:21:41 INFO  [main] base.BasePage BasePage.java142 - Username textboxIs displayed  in textarea
20240222 11:21:41 INFO  [main] automationscripts.SalesforceLoginPage_Testcases SalesforceLoginPage_Testcases.java65 - User name entered
20240222 11:21:41 INFO  [main] base.BasePage BasePage.java138 - [[ChromeDriver: chrome on MAC (550c54803fe596a3a68283fa0a18eedf)] -> xpath: //*[@id='password']]Is enabled and clicked
20240222 11:21:41 INFO  [main] base.BasePage BasePage.java142 - password field Is displayed  in textarea
20240222 11:21:41 INFO  [main] base.BasePage BasePage.java87 - Login Button IS WAITED FOR VISIBLITY
20240222 11:21:42 INFO  [main] base.BasePage BasePage.java68 - Login ButtonIs enabled and clicked
20240222 11:21:42 INFO  [main] base.BasePage BasePage.java234 - Element extracted text is = Please enter your password.
20240222 11:21:42 INFO  [main] automationscripts.SalesforceLoginPage_Testcases SalesforceLoginPage_Testcases.java77 - Please enter your password.  matched with Please enter your password.
20240222 11:21:42 INFO  [main] automationscripts.SalesforceLoginPage_Testcases SalesforceLoginPage_Testcases.java88 - All assertions Passed
20240222 11:21:42 INFO  [main] automationscripts.SalesforceLoginPage_Testcases SalesforceLoginPage_Testcases.java91 - ..............ended loginPage_EmptyPassword................
20240222 11:21:42 INFO  [main] utility.SalesforceListenerUtility SalesforceListenerUtility.java38 - loginPage_EmptyPassword.......test execution sucess........
20240222 11:21:42 INFO  [main] base.BaseTest BaseTest.java138 - browser is closed
20240222 11:21:42 INFO  [main] base.BaseTest BaseTest.java56 - ******tearDownAfterTestMethod executed***********
20240222 11:21:42 INFO  [main] utility.SalesforceListenerUtility SalesforceListenerUtility.java73 - .......<test> execution completed........
20240311 17:48:34 INFO  [main] utility.SalesforceListenerUtility SalesforceListenerUtility.java65 - .......<test> execution started........
20240311 17:48:34 INFO  [main] base.BaseTest BaseTest.java46 - .........BeforeMethod  executed---------------
20240311 17:48:37 INFO  [main] base.BaseTest BaseTest.java66 - Browser instance has started
20240311 17:48:39 INFO  [main] base.BaseTest BaseTest.java147 - https://login.salesforce.com/ is entered
20240311 17:48:39 INFO  [main] base.BaseTest BaseTest.java180 - Waiting until page loads within  expectedtime period
20240311 17:48:39 INFO  [main] utility.SalesforceListenerUtility SalesforceListenerUtility.java28 - loginPage_EmptyPassword.......test execution started........
20240311 17:48:39 INFO  [main] automationscripts.SalesforceLoginPage_Testcases SalesforceLoginPage_Testcases.java43 - ..............started loginPage_EmptyPassword...............
20240311 17:48:39 INFO  [main] automationscripts.SalesforceLoginPage_Testcases SalesforceLoginPage_Testcases.java54 - Login | Salesforce  matched with Login | Salesforce
20240311 17:48:39 INFO  [main] automationscripts.SalesforceLoginPage_Testcases SalesforceLoginPage_Testcases.java62 - Assertion passed: Actual title is equal to Expected title
20240311 17:48:40 INFO  [main] base.BasePage BasePage.java87 - UserName  IS WAITED FOR VISIBLITY
20240311 17:48:40 INFO  [main] base.BasePage BasePage.java138 - [[ChromeDriver: chrome on MAC (b4a5112bafca9b8752be4a784616e0f0)] -> xpath: //*[@id='username']]Is enabled and clicked
20240311 17:48:40 INFO  [main] base.BasePage BasePage.java142 - Username textboxIs displayed  in textarea
20240311 17:48:40 INFO  [main] automationscripts.SalesforceLoginPage_Testcases SalesforceLoginPage_Testcases.java65 - User name entered
20240311 17:48:40 INFO  [main] base.BasePage BasePage.java138 - [[ChromeDriver: chrome on MAC (b4a5112bafca9b8752be4a784616e0f0)] -> xpath: //*[@id='password']]Is enabled and clicked
20240311 17:48:40 INFO  [main] base.BasePage BasePage.java142 - password field Is displayed  in textarea
20240311 17:48:40 INFO  [main] base.BasePage BasePage.java87 - Login Button IS WAITED FOR VISIBLITY
20240311 17:48:41 INFO  [main] base.BasePage BasePage.java68 - Login ButtonIs enabled and clicked
20240311 17:48:41 INFO  [main] base.BasePage BasePage.java234 - Element extracted text is = Please enter your password.
20240311 17:48:41 INFO  [main] automationscripts.SalesforceLoginPage_Testcases SalesforceLoginPage_Testcases.java77 - Please enter your password.  matched with Please enter your password.
20240311 17:48:41 INFO  [main] automationscripts.SalesforceLoginPage_Testcases SalesforceLoginPage_Testcases.java88 - All assertions Passed
20240311 17:48:41 INFO  [main] automationscripts.SalesforceLoginPage_Testcases SalesforceLoginPage_Testcases.java91 - ..............ended loginPage_EmptyPassword................
20240311 17:48:41 INFO  [main] utility.SalesforceListenerUtility SalesforceListenerUtility.java38 - loginPage_EmptyPassword.......test execution sucess........
20240311 17:48:42 INFO  [main] base.BaseTest BaseTest.java138 - browser is closed
20240311 17:48:42 INFO  [main] base.BaseTest BaseTest.java56 - ******tearDownAfterTestMethod executed***********
20240311 17:48:42 INFO  [main] base.BaseTest BaseTest.java46 - .........BeforeMethod  executed---------------
20240311 17:48:42 INFO  [main] base.BaseTest BaseTest.java66 - Browser instance has started
20240311 17:48:44 INFO  [main] base.BaseTest BaseTest.java147 - https://login.salesforce.com/ is entered
20240311 17:48:44 INFO  [main] base.BaseTest BaseTest.java180 - Waiting until page loads within  expectedtime period
20240311 17:48:44 INFO  [main] utility.SalesforceListenerUtility SalesforceListenerUtility.java28 - testForgotPasssword.......test execution started........
20240311 17:48:44 INFO  [main] automationscripts.SalesforceLoginPage_Testcases SalesforceLoginPage_Testcases.java208 - ..............stated testForgotPasssword..............
20240311 17:48:44 INFO  [main] base.BasePage BasePage.java68 - Forgot ButtonIs enabled and clicked
20240311 17:48:44 INFO  [main] automationscripts.SalesforceLoginPage_Testcases SalesforceLoginPage_Testcases.java221 - Forgot Your Password | Salesforce  matched with Forgot Your Password | Salesforce
20240311 17:48:44 INFO  [main] base.BasePage BasePage.java87 - User Name  IS WAITED FOR VISIBLITY
20240311 17:48:44 INFO  [main] base.BasePage BasePage.java138 - [[ChromeDriver: chrome on MAC (d6d40297dd90b7c02c519f2ea2fbd56b)] -> xpath: //input[@id='un']]Is enabled and clicked
20240311 17:48:44 INFO  [main] base.BasePage BasePage.java142 - Username textboxIs displayed  in textarea
20240311 17:48:45 INFO  [main] base.BasePage BasePage.java68 - Continue Is enabled and clicked
20240311 17:48:45 INFO  [main] automationscripts.SalesforceLoginPage_Testcases SalesforceLoginPage_Testcases.java241 - Check Your Email | Salesforce  matched with Check Your Email | Salesforce
20240311 17:48:45 INFO  [main] base.BasePage BasePage.java234 - Element extracted text is = Check Your Email
20240311 17:48:45 INFO  [main] automationscripts.SalesforceLoginPage_Testcases SalesforceLoginPage_Testcases.java253 - Check Your Email  matched with Check Your Email
20240311 17:48:45 INFO  [main] automationscripts.SalesforceLoginPage_Testcases SalesforceLoginPage_Testcases.java261 - All assertions Passed
20240311 17:48:45 INFO  [main] automationscripts.SalesforceLoginPage_Testcases SalesforceLoginPage_Testcases.java264 - ..............ended testForgotPasssword..............
20240311 17:48:45 INFO  [main] utility.SalesforceListenerUtility SalesforceListenerUtility.java38 - testForgotPasssword.......test execution sucess........
20240311 17:48:45 INFO  [main] base.BaseTest BaseTest.java138 - browser is closed
20240311 17:48:45 INFO  [main] base.BaseTest BaseTest.java56 - ******tearDownAfterTestMethod executed***********
20240311 17:48:45 INFO  [main] base.BaseTest BaseTest.java46 - .........BeforeMethod  executed---------------
20240311 17:48:45 INFO  [main] base.BaseTest BaseTest.java66 - Browser instance has started
20240311 17:48:46 INFO  [main] base.BaseTest BaseTest.java147 - https://login.salesforce.com/ is entered
20240311 17:48:46 INFO  [main] base.BaseTest BaseTest.java180 - Waiting until page loads within  expectedtime period
20240311 17:48:46 INFO  [main] utility.SalesforceListenerUtility SalesforceListenerUtility.java28 - loginErrorMessage.......test execution started........
20240311 17:48:46 INFO  [main] automationscripts.SalesforceLoginPage_Testcases SalesforceLoginPage_Testcases.java270 - ..............stated loginErrorMessage..............
20240311 17:48:46 INFO  [main] base.BasePage BasePage.java87 - UserName  IS WAITED FOR VISIBLITY
20240311 17:48:47 INFO  [main] base.BasePage BasePage.java138 - [[ChromeDriver: chrome on MAC (a19b6529838de838f080805771ba3d07)] -> xpath: //*[@id='username']]Is enabled and clicked
20240311 17:48:47 INFO  [main] base.BasePage BasePage.java142 - Username textboxIs displayed  in textarea
20240311 17:48:47 INFO  [main] automationscripts.SalesforceLoginPage_Testcases SalesforceLoginPage_Testcases.java277 - User name entered successfully
20240311 17:48:47 INFO  [main] base.BasePage BasePage.java138 - [[ChromeDriver: chrome on MAC (a19b6529838de838f080805771ba3d07)] -> xpath: //*[@id='password']]Is enabled and clicked
20240311 17:48:47 INFO  [main] base.BasePage BasePage.java142 - password field Is displayed  in textarea
20240311 17:48:47 INFO  [main] base.BasePage BasePage.java87 - Login Button IS WAITED FOR VISIBLITY
20240311 17:48:48 INFO  [main] base.BasePage BasePage.java68 - Login ButtonIs enabled and clicked
20240311 17:48:48 INFO  [main] base.BasePage BasePage.java234 - Element extracted text is = Please check your username and password. If you still can't log in, contact your Salesforce administrator.
20240311 17:48:48 INFO  [main] automationscripts.SalesforceLoginPage_Testcases SalesforceLoginPage_Testcases.java288 - Please check your username and password. If you still can't log in, contact your Salesforce administrator.  matched with Please check your username and password. If you still can't log in, contact your Salesforce administrator.
20240311 17:48:48 INFO  [main] automationscripts.SalesforceLoginPage_Testcases SalesforceLoginPage_Testcases.java295 - All assertions Passed
20240311 17:48:48 INFO  [main] automationscripts.SalesforceLoginPage_Testcases SalesforceLoginPage_Testcases.java297 - ..............ended loginErrorMessage..............
20240311 17:48:48 INFO  [main] utility.SalesforceListenerUtility SalesforceListenerUtility.java38 - loginErrorMessage.......test execution sucess........
20240311 17:48:48 INFO  [main] base.BaseTest BaseTest.java138 - browser is closed
20240311 17:48:48 INFO  [main] base.BaseTest BaseTest.java56 - ******tearDownAfterTestMethod executed***********
20240311 17:48:48 INFO  [main] base.BaseTest BaseTest.java46 - .........BeforeMethod  executed---------------
20240311 17:48:48 INFO  [main] base.BaseTest BaseTest.java66 - Browser instance has started
20240311 17:48:49 INFO  [main] base.BaseTest BaseTest.java147 - https://login.salesforce.com/ is entered
20240311 17:48:49 INFO  [main] base.BaseTest BaseTest.java180 - Waiting until page loads within  expectedtime period
20240311 17:48:49 INFO  [main] utility.SalesforceListenerUtility SalesforceListenerUtility.java28 - login_Homepage.......test execution started........
20240311 17:48:49 INFO  [main] automationscripts.SalesforceLoginPage_Testcases SalesforceLoginPage_Testcases.java97 - ..............stated login_Homepage()...............
20240311 17:48:49 INFO  [main] base.BasePage BasePage.java215 - Current URL is = https://login.salesforce.com/
20240311 17:48:49 INFO  [main] automationscripts.SalesforceLoginPage_Testcases SalesforceLoginPage_Testcases.java108 - https://login.salesforce.com/  matched with https://login.salesforce.com/
20240311 17:48:49 INFO  [main] base.BasePage BasePage.java87 - UserName  IS WAITED FOR VISIBLITY
20240311 17:48:49 INFO  [main] base.BasePage BasePage.java138 - [[ChromeDriver: chrome on MAC (8cf30d5c68711a80e250c84972831f47)] -> xpath: //*[@id='username']]Is enabled and clicked
20240311 17:48:49 INFO  [main] base.BasePage BasePage.java142 - Username textboxIs displayed  in textarea
20240311 17:48:49 INFO  [main] automationscripts.SalesforceLoginPage_Testcases SalesforceLoginPage_Testcases.java118 - User name entered successfully
20240311 17:48:50 INFO  [main] base.BasePage BasePage.java138 - [[ChromeDriver: chrome on MAC (8cf30d5c68711a80e250c84972831f47)] -> xpath: //*[@id='password']]Is enabled and clicked
20240311 17:48:50 INFO  [main] base.BasePage BasePage.java142 - password field Is displayed  in textarea
20240311 17:48:50 INFO  [main] automationscripts.SalesforceLoginPage_Testcases SalesforceLoginPage_Testcases.java121 - Password entered successfully
20240311 17:48:50 INFO  [main] base.BasePage BasePage.java87 - Login Button IS WAITED FOR VISIBLITY
20240311 17:48:53 INFO  [main] base.BasePage BasePage.java68 - Login ButtonIs enabled and clicked
20240311 17:48:55 INFO  [main] automationscripts.SalesforceLoginPage_Testcases SalesforceLoginPage_Testcases.java133 - Home Page ~ Salesforce - Developer Edition  matched with Home Page ~ Salesforce - Developer Edition
20240311 17:48:55 INFO  [main] automationscripts.SalesforceLoginPage_Testcases SalesforceLoginPage_Testcases.java141 - All assertions Passed
20240311 17:48:55 INFO  [main] automationscripts.SalesforceLoginPage_Testcases SalesforceLoginPage_Testcases.java143 - ..............ended login_Homepage()...............
20240311 17:48:55 INFO  [main] utility.SalesforceListenerUtility SalesforceListenerUtility.java38 - login_Homepage.......test execution sucess........
20240311 17:48:55 INFO  [main] base.BaseTest BaseTest.java138 - browser is closed
20240311 17:48:55 INFO  [main] base.BaseTest BaseTest.java56 - ******tearDownAfterTestMethod executed***********
20240311 17:48:55 INFO  [main] base.BaseTest BaseTest.java46 - .........BeforeMethod  executed---------------
20240311 17:48:55 INFO  [main] base.BaseTest BaseTest.java66 - Browser instance has started
20240311 17:48:56 INFO  [main] base.BaseTest BaseTest.java147 - https://login.salesforce.com/ is entered
20240311 17:48:56 INFO  [main] base.BaseTest BaseTest.java180 - Waiting until page loads within  expectedtime period
20240311 17:48:56 INFO  [main] utility.SalesforceListenerUtility SalesforceListenerUtility.java28 - rememberUser_checkbox.......test execution started........
20240311 17:48:56 INFO  [main] automationscripts.SalesforceLoginPage_Testcases SalesforceLoginPage_Testcases.java149 - ..............stated  rememberUser_checkbox..............
20240311 17:48:56 INFO  [main] base.BasePage BasePage.java87 - UserName  IS WAITED FOR VISIBLITY
20240311 17:48:56 INFO  [main] base.BasePage BasePage.java138 - [[ChromeDriver: chrome on MAC (2ac0f27ea387b2fdb50be36475bd9924)] -> xpath: //*[@id='username']]Is enabled and clicked
20240311 17:48:56 INFO  [main] base.BasePage BasePage.java142 - Username textboxIs displayed  in textarea
20240311 17:48:56 INFO  [main] automationscripts.SalesforceLoginPage_Testcases SalesforceLoginPage_Testcases.java156 - User name entered successfully
20240311 17:48:57 INFO  [main] base.BasePage BasePage.java138 - [[ChromeDriver: chrome on MAC (2ac0f27ea387b2fdb50be36475bd9924)] -> xpath: //*[@id='password']]Is enabled and clicked
20240311 17:48:57 INFO  [main] base.BasePage BasePage.java142 - password field Is displayed  in textarea
20240311 17:48:57 INFO  [main] automationscripts.SalesforceLoginPage_Testcases SalesforceLoginPage_Testcases.java159 - Password entered successfully
20240311 17:48:57 INFO  [main] base.BasePage BasePage.java87 - Remember me checkbox IS WAITED FOR VISIBLITY
20240311 17:48:57 INFO  [main] base.BasePage BasePage.java68 - Remember me Is enabled and clicked
20240311 17:48:57 INFO  [main] base.BasePage BasePage.java87 - Login Button IS WAITED FOR VISIBLITY
20240311 17:49:01 INFO  [main] base.BasePage BasePage.java68 - Login ButtonIs enabled and clicked
20240311 17:49:01 INFO  [main] automationscripts.SalesforceLoginPage_Testcases SalesforceLoginPage_Testcases.java174 - Home Page ~ Salesforce - Developer Edition  matched with Home Page ~ Salesforce - Developer Edition
20240311 17:49:01 INFO  [main] base.BasePage BasePage.java87 - User account  IS WAITED FOR VISIBLITY
20240311 17:49:04 INFO  [main] base.BasePage BasePage.java87 - Username Label  IS WAITED FOR VISIBLITY
20240311 17:49:04 INFO  [main] base.BasePage BasePage.java234 - Element extracted text is = sweety123@yahoo.com
20240311 17:49:04 INFO  [main] automationscripts.SalesforceLoginPage_Testcases SalesforceLoginPage_Testcases.java191 - sweety123@yahoo.com  matched with sweety123@yahoo.com
20240311 17:49:04 INFO  [main] automationscripts.SalesforceLoginPage_Testcases SalesforceLoginPage_Testcases.java199 - All assertions Passed
20240311 17:49:04 INFO  [main] automationscripts.SalesforceLoginPage_Testcases SalesforceLoginPage_Testcases.java202 - .............ended rememberUser_checkbox..............
20240311 17:49:04 INFO  [main] utility.SalesforceListenerUtility SalesforceListenerUtility.java38 - rememberUser_checkbox.......test execution sucess........
20240311 17:49:04 INFO  [main] base.BaseTest BaseTest.java138 - browser is closed
20240311 17:49:04 INFO  [main] base.BaseTest BaseTest.java56 - ******tearDownAfterTestMethod executed***********
20240311 17:49:04 INFO  [main] utility.SalesforceListenerUtility SalesforceListenerUtility.java73 - .......<test> execution completed........
20240530 18:55:17 INFO  [main] utility.SalesforceListenerUtility SalesforceListenerUtility.java65 - .......<test> execution started........
20240530 18:55:17 INFO  [main] base.BaseTest BaseTest.java46 - .........BeforeMethod  executed---------------
20240530 19:02:01 INFO  [main] utility.SalesforceListenerUtility SalesforceListenerUtility.java65 - .......<test> execution started........
20240530 19:02:01 INFO  [main] base.BaseTest BaseTest.java46 - .........BeforeMethod  executed---------------
20240530 19:02:06 INFO  [main] base.BaseTest BaseTest.java66 - Browser instance has started
20240530 19:02:11 INFO  [main] base.BaseTest BaseTest.java147 - https://login.salesforce.com/ is entered
20240530 19:02:11 INFO  [main] base.BaseTest BaseTest.java180 - Waiting until page loads within  expectedtime period
20240530 19:02:11 INFO  [main] utility.SalesforceListenerUtility SalesforceListenerUtility.java28 - login_Homepage.......test execution started........
20240530 19:02:11 INFO  [main] lighteningSalesforce.LoginAccountsTestcases LoginAccountsTestcases.java20 - ..............stated login_Homepage()...............
20240530 19:02:11 INFO  [main] base.BasePage BasePage.java215 - Current URL is = https://login.salesforce.com/
20240530 19:02:11 INFO  [main] lighteningSalesforce.LoginAccountsTestcases LoginAccountsTestcases.java31 - https://login.salesforce.com/  matched with https://login.salesforce.com/
20240530 19:02:11 INFO  [main] base.BasePage BasePage.java87 - UserName  IS WAITED FOR VISIBLITY
20240530 19:02:12 INFO  [main] base.BasePage BasePage.java138 - [[ChromeDriver: chrome on MAC (dac6bafb6552d4cca996d0007ae53e2c)] -> xpath: //*[@id='username']]Is enabled and clicked
20240530 19:02:12 INFO  [main] base.BasePage BasePage.java142 - Username textboxIs displayed  in textarea
20240530 19:02:12 INFO  [main] lighteningSalesforce.LoginAccountsTestcases LoginAccountsTestcases.java41 - User name entered successfully
20240530 19:02:12 INFO  [main] base.BasePage BasePage.java138 - [[ChromeDriver: chrome on MAC (dac6bafb6552d4cca996d0007ae53e2c)] -> xpath: //*[@id='password']]Is enabled and clicked
20240530 19:02:12 INFO  [main] base.BasePage BasePage.java142 - password field Is displayed  in textarea
20240530 19:02:12 INFO  [main] lighteningSalesforce.LoginAccountsTestcases LoginAccountsTestcases.java44 - Password entered successfully
20240530 19:02:12 INFO  [main] base.BasePage BasePage.java87 - Login Button IS WAITED FOR VISIBLITY
20240530 19:02:18 INFO  [main] base.BasePage BasePage.java68 - Login ButtonIs enabled and clicked
20240530 19:02:18 ERROR [main] lighteningSalesforce.LoginAccountsTestcases LoginAccountsTestcases.java59 - Lightning Experience not   matched with Home Page ~ Salesforce - Developer Edition
20240530 19:02:18 ERROR [main] utility.SalesforceListenerUtility SalesforceListenerUtility.java48 - login_Homepage.......test execution completed with failure........
20240530 19:02:18 INFO  [main] base.BaseTest BaseTest.java168 - captures the screenshot
20240530 19:02:19 INFO  [main] base.BaseTest BaseTest.java138 - browser is closed
20240530 19:02:19 INFO  [main] base.BaseTest BaseTest.java56 - ******tearDownAfterTestMethod executed***********
20240530 19:02:19 INFO  [main] utility.SalesforceListenerUtility SalesforceListenerUtility.java73 - .......<test> execution completed........
20240530 19:06:04 INFO  [main] utility.SalesforceListenerUtility SalesforceListenerUtility.java65 - .......<test> execution started........
20240530 19:06:04 INFO  [main] base.BaseTest BaseTest.java46 - .........BeforeMethod  executed---------------
20240530 19:06:05 INFO  [main] base.BaseTest BaseTest.java66 - Browser instance has started
20240530 19:06:08 INFO  [main] base.BaseTest BaseTest.java147 - https://login.salesforce.com/ is entered
20240530 19:06:08 INFO  [main] base.BaseTest BaseTest.java180 - Waiting until page loads within  expectedtime period
20240530 19:06:08 INFO  [main] utility.SalesforceListenerUtility SalesforceListenerUtility.java28 - login_Homepage.......test execution started........
20240530 19:06:08 INFO  [main] lighteningSalesforce.LoginAccountsTestcases LoginAccountsTestcases.java20 - ..............stated login_Homepage()...............
20240530 19:06:08 INFO  [main] base.BasePage BasePage.java215 - Current URL is = https://login.salesforce.com/
20240530 19:06:08 INFO  [main] lighteningSalesforce.LoginAccountsTestcases LoginAccountsTestcases.java31 - https://login.salesforce.com/  matched with https://login.salesforce.com/
20240530 19:06:08 INFO  [main] base.BasePage BasePage.java87 - UserName  IS WAITED FOR VISIBLITY
20240530 19:06:08 INFO  [main] base.BasePage BasePage.java138 - [[ChromeDriver: chrome on MAC (451de221a888e3b73978aba62ae4bb0d)] -> xpath: //*[@id='username']]Is enabled and clicked
20240530 19:06:08 INFO  [main] base.BasePage BasePage.java142 - Username textboxIs displayed  in textarea
20240530 19:06:08 INFO  [main] lighteningSalesforce.LoginAccountsTestcases LoginAccountsTestcases.java41 - User name entered successfully
20240530 19:06:08 INFO  [main] base.BasePage BasePage.java138 - [[ChromeDriver: chrome on MAC (451de221a888e3b73978aba62ae4bb0d)] -> xpath: //*[@id='password']]Is enabled and clicked
20240530 19:06:09 INFO  [main] base.BasePage BasePage.java142 - password field Is displayed  in textarea
20240530 19:06:09 INFO  [main] lighteningSalesforce.LoginAccountsTestcases LoginAccountsTestcases.java44 - Password entered successfully
20240530 19:06:09 INFO  [main] base.BasePage BasePage.java87 - Login Button IS WAITED FOR VISIBLITY
20240530 19:06:18 INFO  [main] base.BasePage BasePage.java68 - Login ButtonIs enabled and clicked
20240530 19:06:18 ERROR [main] lighteningSalesforce.LoginAccountsTestcases LoginAccountsTestcases.java59 - Lightning Experience not   matched with Home | Salesforce
20240530 19:06:18 ERROR [main] utility.SalesforceListenerUtility SalesforceListenerUtility.java48 - login_Homepage.......test execution completed with failure........
20240530 19:06:18 INFO  [main] base.BaseTest BaseTest.java168 - captures the screenshot
20240530 19:06:18 INFO  [main] utility.SalesforceListenerUtility SalesforceListenerUtility.java73 - .......<test> execution completed........
20240530 19:07:24 INFO  [main] utility.SalesforceListenerUtility SalesforceListenerUtility.java65 - .......<test> execution started........
20240530 19:07:24 INFO  [main] base.BaseTest BaseTest.java46 - .........BeforeMethod  executed---------------
20240530 19:07:25 INFO  [main] base.BaseTest BaseTest.java66 - Browser instance has started
20240530 19:07:28 INFO  [main] base.BaseTest BaseTest.java147 - https://login.salesforce.com/ is entered
20240530 19:07:28 INFO  [main] base.BaseTest BaseTest.java180 - Waiting until page loads within  expectedtime period
20240530 19:07:28 INFO  [main] utility.SalesforceListenerUtility SalesforceListenerUtility.java28 - login_Homepage.......test execution started........
20240530 19:07:28 INFO  [main] lighteningSalesforce.LoginAccountsTestcases LoginAccountsTestcases.java20 - ..............stated login_Homepage()...............
20240530 19:07:28 INFO  [main] base.BasePage BasePage.java215 - Current URL is = https://login.salesforce.com/
20240530 19:07:28 INFO  [main] lighteningSalesforce.LoginAccountsTestcases LoginAccountsTestcases.java31 - https://login.salesforce.com/  matched with https://login.salesforce.com/
20240530 19:07:28 INFO  [main] base.BasePage BasePage.java87 - UserName  IS WAITED FOR VISIBLITY
20240530 19:07:29 INFO  [main] base.BasePage BasePage.java138 - [[ChromeDriver: chrome on MAC (2aa6a54152dc1a0e2bb53bab23f999c4)] -> xpath: //*[@id='username']]Is enabled and clicked
20240530 19:07:29 INFO  [main] base.BasePage BasePage.java142 - Username textboxIs displayed  in textarea
20240530 19:07:29 INFO  [main] lighteningSalesforce.LoginAccountsTestcases LoginAccountsTestcases.java41 - User name entered successfully
20240530 19:07:29 INFO  [main] base.BasePage BasePage.java138 - [[ChromeDriver: chrome on MAC (2aa6a54152dc1a0e2bb53bab23f999c4)] -> xpath: //*[@id='password']]Is enabled and clicked
20240530 19:07:29 INFO  [main] base.BasePage BasePage.java142 - password field Is displayed  in textarea
20240530 19:07:29 INFO  [main] lighteningSalesforce.LoginAccountsTestcases LoginAccountsTestcases.java44 - Password entered successfully
20240530 19:07:29 INFO  [main] base.BasePage BasePage.java87 - Login Button IS WAITED FOR VISIBLITY
20240530 19:07:36 INFO  [main] base.BasePage BasePage.java68 - Login ButtonIs enabled and clicked
20240530 19:07:36 INFO  [main] lighteningSalesforce.LoginAccountsTestcases LoginAccountsTestcases.java56 - Lightning Experience  matched with Lightning Experience
20240530 19:07:36 INFO  [main] lighteningSalesforce.LoginAccountsTestcases LoginAccountsTestcases.java64 - All assertions Passed
20240530 19:07:36 INFO  [main] lighteningSalesforce.LoginAccountsTestcases LoginAccountsTestcases.java66 - ..............ended login_Homepage()...............
20240530 19:07:36 INFO  [main] utility.SalesforceListenerUtility SalesforceListenerUtility.java38 - login_Homepage.......test execution sucess........
20240530 19:07:36 INFO  [main] utility.SalesforceListenerUtility SalesforceListenerUtility.java73 - .......<test> execution completed........
20240530 23:10:25 INFO  [main] utility.SalesforceListenerUtility SalesforceListenerUtility.java65 - .......<test> execution started........
20240530 23:10:25 INFO  [main] base.BaseTest BaseTest.java46 - .........BeforeMethod  executed---------------
20240530 23:10:26 INFO  [main] base.BaseTest BaseTest.java66 - Browser instance has started
20240530 23:10:29 INFO  [main] base.BaseTest BaseTest.java147 - https://login.salesforce.com/ is entered
20240530 23:10:29 INFO  [main] base.BaseTest BaseTest.java180 - Waiting until page loads within  expectedtime period
20240530 23:10:29 INFO  [main] utility.SalesforceListenerUtility SalesforceListenerUtility.java28 - login_Homepage.......test execution started........
20240530 23:10:29 INFO  [main] lighteningSalesforce.LoginAccountsTestcases LoginAccountsTestcases.java27 - ..............stated login_Homepage()...............
20240530 23:10:29 ERROR [main] utility.SalesforceListenerUtility SalesforceListenerUtility.java48 - login_Homepage.......test execution completed with failure........
20240530 23:10:29 INFO  [main] base.BaseTest BaseTest.java168 - captures the screenshot
20240530 23:10:29 INFO  [main] base.BaseTest BaseTest.java46 - .........BeforeMethod  executed---------------
20240530 23:10:29 INFO  [main] base.BaseTest BaseTest.java66 - Browser instance has started
20240530 23:10:31 INFO  [main] base.BaseTest BaseTest.java147 - https://login.salesforce.com/ is entered
20240530 23:10:31 INFO  [main] base.BaseTest BaseTest.java180 - Waiting until page loads within  expectedtime period
20240530 23:10:31 INFO  [main] utility.SalesforceListenerUtility SalesforceListenerUtility.java28 - Create_Account.......test execution started........
20240530 23:10:31 INFO  [main] lighteningSalesforce.LoginAccountsTestcases LoginAccountsTestcases.java79 - ..............started Accountpage()...............
20240530 23:10:31 ERROR [main] utility.SalesforceListenerUtility SalesforceListenerUtility.java48 - Create_Account.......test execution completed with failure........
20240530 23:10:32 INFO  [main] base.BaseTest BaseTest.java168 - captures the screenshot
20240530 23:10:32 INFO  [main] utility.SalesforceListenerUtility SalesforceListenerUtility.java73 - .......<test> execution completed........
20240530 23:12:08 INFO  [main] utility.SalesforceListenerUtility SalesforceListenerUtility.java65 - .......<test> execution started........
20240530 23:12:08 INFO  [main] base.BaseTest BaseTest.java46 - .........BeforeMethod  executed---------------
20240530 23:12:08 INFO  [main] base.BaseTest BaseTest.java66 - Browser instance has started
20240530 23:12:11 INFO  [main] base.BaseTest BaseTest.java147 - https://login.salesforce.com/ is entered
20240530 23:12:11 INFO  [main] base.BaseTest BaseTest.java180 - Waiting until page loads within  expectedtime period
20240530 23:12:11 INFO  [main] utility.SalesforceListenerUtility SalesforceListenerUtility.java28 - login_Homepage.......test execution started........
20240530 23:12:11 INFO  [main] lighteningSalesforce.LoginAccountsTestcases LoginAccountsTestcases.java27 - ..............stated login_Homepage()...............
20240530 23:12:11 ERROR [main] utility.SalesforceListenerUtility SalesforceListenerUtility.java48 - login_Homepage.......test execution completed with failure........
20240530 23:12:11 INFO  [main] base.BaseTest BaseTest.java168 - captures the screenshot
20240530 23:12:11 INFO  [main] base.BaseTest BaseTest.java46 - .........BeforeMethod  executed---------------
20240530 23:12:11 INFO  [main] base.BaseTest BaseTest.java66 - Browser instance has started
20240530 23:12:13 INFO  [main] base.BaseTest BaseTest.java147 - https://login.salesforce.com/ is entered
20240530 23:12:13 INFO  [main] base.BaseTest BaseTest.java180 - Waiting until page loads within  expectedtime period
20240530 23:12:13 INFO  [main] utility.SalesforceListenerUtility SalesforceListenerUtility.java28 - Create_Account.......test execution started........
20240530 23:12:13 INFO  [main] lighteningSalesforce.LoginAccountsTestcases LoginAccountsTestcases.java82 - ..............started Accountpage()...............
20240530 23:12:13 ERROR [main] utility.SalesforceListenerUtility SalesforceListenerUtility.java48 - Create_Account.......test execution completed with failure........
20240530 23:12:14 INFO  [main] base.BaseTest BaseTest.java168 - captures the screenshot
20240530 23:12:14 INFO  [main] utility.SalesforceListenerUtility SalesforceListenerUtility.java73 - .......<test> execution completed........
20240530 23:16:27 INFO  [main] utility.SalesforceListenerUtility SalesforceListenerUtility.java65 - .......<test> execution started........
20240530 23:16:28 INFO  [main] base.BaseTest BaseTest.java46 - .........BeforeMethod  executed---------------
20240530 23:16:28 INFO  [main] base.BaseTest BaseTest.java66 - Browser instance has started
20240530 23:16:32 INFO  [main] base.BaseTest BaseTest.java147 - https://login.salesforce.com/ is entered
20240530 23:16:32 INFO  [main] base.BaseTest BaseTest.java180 - Waiting until page loads within  expectedtime period
20240530 23:16:33 INFO  [main] utility.SalesforceListenerUtility SalesforceListenerUtility.java28 - login_Homepage.......test execution started........
20240530 23:16:33 INFO  [main] lighteningSalesforce.LoginAccountsTestcases LoginAccountsTestcases.java29 - ..............stated login_Homepage()...............
20240530 23:16:33 ERROR [main] utility.SalesforceListenerUtility SalesforceListenerUtility.java48 - login_Homepage.......test execution completed with failure........
20240530 23:16:33 INFO  [main] base.BaseTest BaseTest.java168 - captures the screenshot
20240530 23:16:33 INFO  [main] base.BaseTest BaseTest.java46 - .........BeforeMethod  executed---------------
20240530 23:16:33 INFO  [main] base.BaseTest BaseTest.java66 - Browser instance has started
20240530 23:16:35 INFO  [main] base.BaseTest BaseTest.java147 - https://login.salesforce.com/ is entered
20240530 23:16:35 INFO  [main] base.BaseTest BaseTest.java180 - Waiting until page loads within  expectedtime period
20240530 23:16:35 INFO  [main] utility.SalesforceListenerUtility SalesforceListenerUtility.java28 - Create_Account.......test execution started........
20240530 23:16:35 INFO  [main] lighteningSalesforce.LoginAccountsTestcases LoginAccountsTestcases.java85 - ..............started Accountpage()...............
20240530 23:16:35 ERROR [main] utility.SalesforceListenerUtility SalesforceListenerUtility.java48 - Create_Account.......test execution completed with failure........
20240530 23:16:36 INFO  [main] base.BaseTest BaseTest.java168 - captures the screenshot
20240530 23:16:36 INFO  [main] utility.SalesforceListenerUtility SalesforceListenerUtility.java73 - .......<test> execution completed........
20240530 23:19:20 INFO  [main] utility.SalesforceListenerUtility SalesforceListenerUtility.java65 - .......<test> execution started........
20240530 23:19:20 INFO  [main] base.BaseTest BaseTest.java47 - .........BeforeMethod  executed---------------
20240530 23:19:20 INFO  [main] base.BaseTest BaseTest.java67 - Browser instance has started
20240530 23:19:31 INFO  [main] base.BaseTest BaseTest.java148 - https://login.salesforce.com/ is entered
20240530 23:19:31 INFO  [main] base.BaseTest BaseTest.java181 - Waiting until page loads within  expectedtime period
20240530 23:19:31 INFO  [main] utility.SalesforceListenerUtility SalesforceListenerUtility.java28 - login_Homepage.......test execution started........
20240530 23:19:31 INFO  [main] lighteningSalesforce.LoginAccountsTestcases LoginAccountsTestcases.java29 - ..............stated login_Homepage()...............
20240530 23:19:31 ERROR [main] utility.SalesforceListenerUtility SalesforceListenerUtility.java48 - login_Homepage.......test execution completed with failure........
20240530 23:19:32 INFO  [main] base.BaseTest BaseTest.java169 - captures the screenshot
20240530 23:19:32 INFO  [main] utility.SalesforceListenerUtility SalesforceListenerUtility.java28 - Create_Account.......test execution started........
20240530 23:19:32 INFO  [main] lighteningSalesforce.LoginAccountsTestcases LoginAccountsTestcases.java85 - ..............started Accountpage()...............
20240530 23:19:32 ERROR [main] utility.SalesforceListenerUtility SalesforceListenerUtility.java48 - Create_Account.......test execution completed with failure........
20240530 23:19:32 INFO  [main] base.BaseTest BaseTest.java169 - captures the screenshot
20240530 23:19:32 INFO  [main] utility.SalesforceListenerUtility SalesforceListenerUtility.java73 - .......<test> execution completed........
20240530 23:21:36 INFO  [main] utility.SalesforceListenerUtility SalesforceListenerUtility.java65 - .......<test> execution started........
20240530 23:21:36 INFO  [main] lighteningSalesforce.LoginAccountsTestcases LoginAccountsTestcases.java26 - .........BeforeMethod  executed---------------
20240530 23:21:37 INFO  [main] base.BaseTest BaseTest.java67 - Browser instance has started
20240530 23:21:39 INFO  [main] base.BaseTest BaseTest.java148 - https://login.salesforce.com/ is entered
20240530 23:21:39 INFO  [main] base.BaseTest BaseTest.java181 - Waiting until page loads within  expectedtime period
20240530 23:21:39 INFO  [main] utility.SalesforceListenerUtility SalesforceListenerUtility.java28 - login_Homepage.......test execution started........
20240530 23:21:39 INFO  [main] lighteningSalesforce.LoginAccountsTestcases LoginAccountsTestcases.java39 - ..............stated login_Homepage()...............
20240530 23:21:39 ERROR [main] utility.SalesforceListenerUtility SalesforceListenerUtility.java48 - login_Homepage.......test execution completed with failure........
20240530 23:21:39 INFO  [main] base.BaseTest BaseTest.java169 - captures the screenshot
20240530 23:21:39 INFO  [main] utility.SalesforceListenerUtility SalesforceListenerUtility.java28 - Create_Account.......test execution started........
20240530 23:21:39 INFO  [main] lighteningSalesforce.LoginAccountsTestcases LoginAccountsTestcases.java95 - ..............started Accountpage()...............
20240530 23:21:39 ERROR [main] utility.SalesforceListenerUtility SalesforceListenerUtility.java48 - Create_Account.......test execution completed with failure........
20240530 23:21:40 INFO  [main] base.BaseTest BaseTest.java169 - captures the screenshot
20240530 23:21:40 INFO  [main] utility.SalesforceListenerUtility SalesforceListenerUtility.java73 - .......<test> execution completed........
20240530 23:25:24 INFO  [main] utility.SalesforceListenerUtility SalesforceListenerUtility.java65 - .......<test> execution started........
20240530 23:25:24 INFO  [main] base.BaseTest BaseTest.java47 - .........BeforeMethod  executed---------------
20240530 23:25:24 INFO  [main] base.BaseTest BaseTest.java67 - Browser instance has started
20240530 23:25:26 INFO  [main] base.BaseTest BaseTest.java148 - https://login.salesforce.com/ is entered
20240530 23:25:26 INFO  [main] base.BaseTest BaseTest.java181 - Waiting until page loads within  expectedtime period
20240530 23:25:26 INFO  [main] utility.SalesforceListenerUtility SalesforceListenerUtility.java28 - login_Homepage.......test execution started........
20240530 23:25:26 INFO  [main] lighteningSalesforce.LoginAccountsTestcases LoginAccountsTestcases.java32 - ..............stated login_Homepage()...............
20240530 23:25:26 ERROR [main] utility.SalesforceListenerUtility SalesforceListenerUtility.java48 - login_Homepage.......test execution completed with failure........
20240530 23:25:27 INFO  [main] base.BaseTest BaseTest.java169 - captures the screenshot
20240530 23:25:27 INFO  [main] utility.SalesforceListenerUtility SalesforceListenerUtility.java73 - .......<test> execution completed........
20240530 23:32:56 INFO  [main] utility.SalesforceListenerUtility SalesforceListenerUtility.java65 - .......<test> execution started........
20240530 23:32:57 INFO  [main] base.BaseTest BaseTest.java47 - .........BeforeMethod  executed---------------
20240530 23:32:57 INFO  [main] base.BaseTest BaseTest.java67 - Browser instance has started
20240530 23:32:59 INFO  [main] base.BaseTest BaseTest.java148 - https://login.salesforce.com/ is entered
20240530 23:32:59 INFO  [main] base.BaseTest BaseTest.java181 - Waiting until page loads within  expectedtime period
20240530 23:32:59 INFO  [main] utility.SalesforceListenerUtility SalesforceListenerUtility.java28 - login_Homepage.......test execution started........
20240530 23:32:59 INFO  [main] lighteningSalesforce.LoginAccountsTestcases LoginAccountsTestcases.java32 - ..............stated login_Homepage()...............
20240530 23:32:59 ERROR [main] utility.SalesforceListenerUtility SalesforceListenerUtility.java48 - login_Homepage.......test execution completed with failure........
20240530 23:33:00 INFO  [main] base.BaseTest BaseTest.java169 - captures the screenshot
20240530 23:33:00 INFO  [main] utility.SalesforceListenerUtility SalesforceListenerUtility.java73 - .......<test> execution completed........
20240530 23:34:42 INFO  [main] utility.SalesforceListenerUtility SalesforceListenerUtility.java65 - .......<test> execution started........
20240530 23:34:43 INFO  [main] base.BaseTest BaseTest.java47 - .........BeforeMethod  executed---------------
20240530 23:34:43 INFO  [main] base.BaseTest BaseTest.java67 - Browser instance has started
20240530 23:34:45 INFO  [main] base.BaseTest BaseTest.java148 - https://login.salesforce.com/ is entered
20240530 23:34:45 INFO  [main] base.BaseTest BaseTest.java181 - Waiting until page loads within  expectedtime period
20240530 23:34:45 INFO  [main] utility.SalesforceListenerUtility SalesforceListenerUtility.java28 - login_Homepage.......test execution started........
20240530 23:34:45 INFO  [main] lighteningSalesforce.LoginAccountsTestcases LoginAccountsTestcases.java32 - ..............stated login_Homepage()...............
20240530 23:34:45 ERROR [main] utility.SalesforceListenerUtility SalesforceListenerUtility.java48 - login_Homepage.......test execution completed with failure........
20240530 23:34:46 INFO  [main] base.BaseTest BaseTest.java169 - captures the screenshot
20240530 23:34:46 INFO  [main] utility.SalesforceListenerUtility SalesforceListenerUtility.java73 - .......<test> execution completed........
20240530 23:35:41 INFO  [main] utility.SalesforceListenerUtility SalesforceListenerUtility.java65 - .......<test> execution started........
20240530 23:35:41 INFO  [main] base.BaseTest BaseTest.java47 - .........BeforeMethod  executed---------------
20240530 23:35:42 INFO  [main] base.BaseTest BaseTest.java67 - Browser instance has started
20240530 23:35:44 INFO  [main] base.BaseTest BaseTest.java148 - https://login.salesforce.com/ is entered
20240530 23:35:44 INFO  [main] base.BaseTest BaseTest.java181 - Waiting until page loads within  expectedtime period
20240530 23:35:44 INFO  [main] utility.SalesforceListenerUtility SalesforceListenerUtility.java28 - login_Homepage.......test execution started........
20240530 23:35:44 INFO  [main] lighteningSalesforce.LoginAccountsTestcases LoginAccountsTestcases.java32 - ..............stated login_Homepage()...............
20240530 23:35:44 INFO  [main] base.BasePage BasePage.java216 - Current URL is = https://login.salesforce.com/
20240530 23:35:52 INFO  [main] lighteningSalesforce.LoginAccountsTestcases LoginAccountsTestcases.java44 - https://login.salesforce.com/  matched with https://login.salesforce.com/
20240530 23:35:52 INFO  [main] base.BasePage BasePage.java88 - UserName  IS WAITED FOR VISIBLITY
20240530 23:35:52 INFO  [main] base.BasePage BasePage.java139 - [[ChromeDriver: chrome on MAC (a83f73b53780fbefcc308208f38e95c0)] -> xpath: //*[@id='username']]Is enabled and clicked
20240530 23:35:52 INFO  [main] base.BasePage BasePage.java143 - Username textboxIs displayed  in textarea
20240530 23:35:52 INFO  [main] lighteningSalesforce.LoginAccountsTestcases LoginAccountsTestcases.java54 - User name entered successfully
20240530 23:35:52 INFO  [main] base.BasePage BasePage.java139 - [[ChromeDriver: chrome on MAC (a83f73b53780fbefcc308208f38e95c0)] -> xpath: //*[@id='password']]Is enabled and clicked
20240530 23:35:52 INFO  [main] base.BasePage BasePage.java143 - password field Is displayed  in textarea
20240530 23:35:52 INFO  [main] lighteningSalesforce.LoginAccountsTestcases LoginAccountsTestcases.java57 - Password entered successfully
20240530 23:36:00 INFO  [main] base.BasePage BasePage.java88 - Login Button IS WAITED FOR VISIBLITY
20240530 23:36:03 INFO  [main] base.BasePage BasePage.java69 - Login ButtonIs enabled and clicked
20240530 23:36:06 INFO  [main] lighteningSalesforce.LoginAccountsTestcases LoginAccountsTestcases.java70 - Lightning Experience  matched with Lightning Experience
20240530 23:36:06 INFO  [main] lighteningSalesforce.LoginAccountsTestcases LoginAccountsTestcases.java78 - All assertions Passed
20240530 23:36:06 INFO  [main] lighteningSalesforce.LoginAccountsTestcases LoginAccountsTestcases.java80 - ..............ended Login_Homepage()...............
20240530 23:36:06 INFO  [main] utility.SalesforceListenerUtility SalesforceListenerUtility.java38 - login_Homepage.......test execution sucess........
20240530 23:36:06 INFO  [main] utility.SalesforceListenerUtility SalesforceListenerUtility.java73 - .......<test> execution completed........
20240530 23:36:36 INFO  [main] utility.SalesforceListenerUtility SalesforceListenerUtility.java65 - .......<test> execution started........
20240530 23:36:36 INFO  [main] base.BaseTest BaseTest.java47 - .........BeforeMethod  executed---------------
20240530 23:36:37 INFO  [main] base.BaseTest BaseTest.java67 - Browser instance has started
20240530 23:36:39 INFO  [main] base.BaseTest BaseTest.java148 - https://login.salesforce.com/ is entered
20240530 23:36:39 INFO  [main] base.BaseTest BaseTest.java181 - Waiting until page loads within  expectedtime period
20240530 23:36:39 INFO  [main] utility.SalesforceListenerUtility SalesforceListenerUtility.java28 - login_Homepage.......test execution started........
20240530 23:36:39 INFO  [main] lighteningSalesforce.LoginAccountsTestcases LoginAccountsTestcases.java32 - ..............stated login_Homepage()...............
20240530 23:36:39 INFO  [main] base.BasePage BasePage.java216 - Current URL is = https://login.salesforce.com/
20240530 23:36:47 INFO  [main] lighteningSalesforce.LoginAccountsTestcases LoginAccountsTestcases.java44 - https://login.salesforce.com/  matched with https://login.salesforce.com/
20240530 23:36:47 INFO  [main] base.BasePage BasePage.java88 - UserName  IS WAITED FOR VISIBLITY
20240530 23:36:47 INFO  [main] base.BasePage BasePage.java139 - [[ChromeDriver: chrome on MAC (284426c7b638e32e4a02526bf45280e9)] -> xpath: //*[@id='username']]Is enabled and clicked
20240530 23:36:48 INFO  [main] base.BasePage BasePage.java143 - Username textboxIs displayed  in textarea
20240530 23:36:48 INFO  [main] lighteningSalesforce.LoginAccountsTestcases LoginAccountsTestcases.java54 - User name entered successfully
20240530 23:36:48 INFO  [main] base.BasePage BasePage.java139 - [[ChromeDriver: chrome on MAC (284426c7b638e32e4a02526bf45280e9)] -> xpath: //*[@id='password']]Is enabled and clicked
20240530 23:36:48 INFO  [main] base.BasePage BasePage.java143 - password field Is displayed  in textarea
20240530 23:36:48 INFO  [main] lighteningSalesforce.LoginAccountsTestcases LoginAccountsTestcases.java57 - Password entered successfully
20240530 23:36:56 INFO  [main] base.BasePage BasePage.java88 - Login Button IS WAITED FOR VISIBLITY
20240530 23:37:01 INFO  [main] base.BasePage BasePage.java69 - Login ButtonIs enabled and clicked
20240530 23:37:01 INFO  [main] lighteningSalesforce.LoginAccountsTestcases LoginAccountsTestcases.java70 - Lightning Experience  matched with Lightning Experience
20240530 23:37:01 INFO  [main] lighteningSalesforce.LoginAccountsTestcases LoginAccountsTestcases.java78 - All assertions Passed
20240530 23:37:01 INFO  [main] lighteningSalesforce.LoginAccountsTestcases LoginAccountsTestcases.java80 - ..............ended Login_Homepage()...............
20240530 23:37:01 INFO  [main] utility.SalesforceListenerUtility SalesforceListenerUtility.java38 - login_Homepage.......test execution sucess........
20240530 23:37:01 INFO  [main] utility.SalesforceListenerUtility SalesforceListenerUtility.java28 - Create_Account.......test execution started........
20240530 23:37:01 INFO  [main] lighteningSalesforce.LoginAccountsTestcases LoginAccountsTestcases.java89 - ..............started Accountpage()...............
20240530 23:37:01 ERROR [main] utility.SalesforceListenerUtility SalesforceListenerUtility.java48 - Create_Account.......test execution completed with failure........
20240530 23:37:02 INFO  [main] base.BaseTest BaseTest.java169 - captures the screenshot
20240530 23:37:02 INFO  [main] utility.SalesforceListenerUtility SalesforceListenerUtility.java73 - .......<test> execution completed........
20240530 23:39:24 INFO  [main] utility.SalesforceListenerUtility SalesforceListenerUtility.java65 - .......<test> execution started........
20240530 23:39:24 INFO  [main] base.BaseTest BaseTest.java47 - .........BeforeMethod  executed---------------
20240530 23:39:24 INFO  [main] base.BaseTest BaseTest.java67 - Browser instance has started
20240530 23:39:26 INFO  [main] base.BaseTest BaseTest.java148 - https://login.salesforce.com/ is entered
20240530 23:39:26 INFO  [main] base.BaseTest BaseTest.java181 - Waiting until page loads within  expectedtime period
20240530 23:39:26 INFO  [main] utility.SalesforceListenerUtility SalesforceListenerUtility.java28 - login_Homepage.......test execution started........
20240530 23:39:26 INFO  [main] lighteningSalesforce.LoginAccountsTestcases LoginAccountsTestcases.java32 - ..............stated login_Homepage()...............
20240530 23:39:27 INFO  [main] base.BasePage BasePage.java216 - Current URL is = https://login.salesforce.com/
20240530 23:39:35 INFO  [main] lighteningSalesforce.LoginAccountsTestcases LoginAccountsTestcases.java44 - https://login.salesforce.com/  matched with https://login.salesforce.com/
20240530 23:39:35 INFO  [main] base.BasePage BasePage.java88 - UserName  IS WAITED FOR VISIBLITY
20240530 23:39:35 INFO  [main] base.BasePage BasePage.java139 - [[ChromeDriver: chrome on MAC (6ac3e4ca5c581ed801433f4c24a806f4)] -> xpath: //*[@id='username']]Is enabled and clicked
20240530 23:39:35 INFO  [main] base.BasePage BasePage.java143 - Username textboxIs displayed  in textarea
20240530 23:39:35 INFO  [main] lighteningSalesforce.LoginAccountsTestcases LoginAccountsTestcases.java54 - User name entered successfully
20240530 23:39:35 INFO  [main] base.BasePage BasePage.java139 - [[ChromeDriver: chrome on MAC (6ac3e4ca5c581ed801433f4c24a806f4)] -> xpath: //*[@id='password']]Is enabled and clicked
20240530 23:39:35 INFO  [main] base.BasePage BasePage.java143 - password field Is displayed  in textarea
20240530 23:39:35 INFO  [main] lighteningSalesforce.LoginAccountsTestcases LoginAccountsTestcases.java57 - Password entered successfully
20240530 23:39:43 INFO  [main] base.BasePage BasePage.java88 - Login Button IS WAITED FOR VISIBLITY
20240530 23:39:45 INFO  [main] base.BasePage BasePage.java69 - Login ButtonIs enabled and clicked
20240530 23:39:48 INFO  [main] lighteningSalesforce.LoginAccountsTestcases LoginAccountsTestcases.java70 - Lightning Experience  matched with Lightning Experience
20240530 23:39:48 INFO  [main] lighteningSalesforce.LoginAccountsTestcases LoginAccountsTestcases.java78 - All assertions Passed
20240530 23:39:48 INFO  [main] lighteningSalesforce.LoginAccountsTestcases LoginAccountsTestcases.java80 - ..............ended Login_Homepage()...............
20240530 23:39:48 INFO  [main] utility.SalesforceListenerUtility SalesforceListenerUtility.java38 - login_Homepage.......test execution sucess........
20240530 23:39:48 INFO  [main] utility.SalesforceListenerUtility SalesforceListenerUtility.java28 - Create_Account.......test execution started........
20240530 23:39:48 INFO  [main] lighteningSalesforce.LoginAccountsTestcases LoginAccountsTestcases.java89 - ..............started Accountpage()...............
20240530 23:39:59 ERROR [main] utility.SalesforceListenerUtility SalesforceListenerUtility.java48 - Create_Account.......test execution completed with failure........
20240530 23:39:59 INFO  [main] base.BaseTest BaseTest.java169 - captures the screenshot
20240530 23:39:59 INFO  [main] utility.SalesforceListenerUtility SalesforceListenerUtility.java73 - .......<test> execution completed........
20240530 23:44:27 INFO  [main] utility.SalesforceListenerUtility SalesforceListenerUtility.java65 - .......<test> execution started........
20240530 23:44:27 INFO  [main] base.BaseTest BaseTest.java47 - .........BeforeMethod  executed---------------
20240530 23:44:28 INFO  [main] base.BaseTest BaseTest.java67 - Browser instance has started
20240530 23:44:30 INFO  [main] base.BaseTest BaseTest.java148 - https://login.salesforce.com/ is entered
20240530 23:44:30 INFO  [main] base.BaseTest BaseTest.java181 - Waiting until page loads within  expectedtime period
20240530 23:44:30 INFO  [main] utility.SalesforceListenerUtility SalesforceListenerUtility.java28 - login_Homepage.......test execution started........
20240530 23:44:30 INFO  [main] lighteningSalesforce.LoginAccountsTestcases LoginAccountsTestcases.java32 - ..............stated login_Homepage()...............
20240530 23:44:30 INFO  [main] base.BasePage BasePage.java216 - Current URL is = https://login.salesforce.com/
20240530 23:44:38 INFO  [main] lighteningSalesforce.LoginAccountsTestcases LoginAccountsTestcases.java44 - https://login.salesforce.com/  matched with https://login.salesforce.com/
20240530 23:44:38 INFO  [main] base.BasePage BasePage.java88 - UserName  IS WAITED FOR VISIBLITY
20240530 23:44:38 INFO  [main] base.BasePage BasePage.java139 - [[ChromeDriver: chrome on MAC (d8d79beb8bc89ac048ee201ff76e3ee1)] -> xpath: //*[@id='username']]Is enabled and clicked
20240530 23:44:38 INFO  [main] base.BasePage BasePage.java143 - Username textboxIs displayed  in textarea
20240530 23:44:38 INFO  [main] lighteningSalesforce.LoginAccountsTestcases LoginAccountsTestcases.java54 - User name entered successfully
20240530 23:44:39 INFO  [main] base.BasePage BasePage.java139 - [[ChromeDriver: chrome on MAC (d8d79beb8bc89ac048ee201ff76e3ee1)] -> xpath: //*[@id='password']]Is enabled and clicked
20240530 23:44:39 INFO  [main] base.BasePage BasePage.java143 - password field Is displayed  in textarea
20240530 23:44:39 INFO  [main] lighteningSalesforce.LoginAccountsTestcases LoginAccountsTestcases.java57 - Password entered successfully
20240530 23:44:47 INFO  [main] base.BasePage BasePage.java88 - Login Button IS WAITED FOR VISIBLITY
20240530 23:44:49 INFO  [main] base.BasePage BasePage.java69 - Login ButtonIs enabled and clicked
20240530 23:44:52 INFO  [main] lighteningSalesforce.LoginAccountsTestcases LoginAccountsTestcases.java70 - Lightning Experience  matched with Lightning Experience
20240530 23:44:52 INFO  [main] lighteningSalesforce.LoginAccountsTestcases LoginAccountsTestcases.java78 - All assertions Passed
20240530 23:44:52 INFO  [main] lighteningSalesforce.LoginAccountsTestcases LoginAccountsTestcases.java80 - ..............ended Login_Homepage()...............
20240530 23:45:02 INFO  [main] utility.SalesforceListenerUtility SalesforceListenerUtility.java38 - login_Homepage.......test execution sucess........
20240530 23:45:02 INFO  [main] utility.SalesforceListenerUtility SalesforceListenerUtility.java28 - Create_Account.......test execution started........
20240530 23:45:02 INFO  [main] lighteningSalesforce.LoginAccountsTestcases LoginAccountsTestcases.java90 - ..............started Accountpage()...............
20240530 23:45:12 ERROR [main] utility.SalesforceListenerUtility SalesforceListenerUtility.java48 - Create_Account.......test execution completed with failure........
20240530 23:45:12 INFO  [main] base.BaseTest BaseTest.java169 - captures the screenshot
20240530 23:45:12 INFO  [main] utility.SalesforceListenerUtility SalesforceListenerUtility.java73 - .......<test> execution completed........
20240530 23:56:14 INFO  [main] utility.SalesforceListenerUtility SalesforceListenerUtility.java65 - .......<test> execution started........
20240530 23:56:14 INFO  [main] base.BaseTest BaseTest.java47 - .........BeforeMethod  executed---------------
20240530 23:56:14 INFO  [main] base.BaseTest BaseTest.java67 - Browser instance has started
20240530 23:56:17 INFO  [main] base.BaseTest BaseTest.java148 - https://login.salesforce.com/ is entered
20240530 23:56:17 INFO  [main] base.BaseTest BaseTest.java181 - Waiting until page loads within  expectedtime period
20240530 23:56:17 INFO  [main] utility.SalesforceListenerUtility SalesforceListenerUtility.java28 - login_Homepage.......test execution started........
20240530 23:56:18 INFO  [main] lighteningSalesforce.LoginAccountsTestcases LoginAccountsTestcases.java32 - ..............stated login_Homepage()...............
20240530 23:56:18 INFO  [main] base.BasePage BasePage.java217 - Current URL is = https://login.salesforce.com/
20240530 23:56:26 INFO  [main] lighteningSalesforce.LoginAccountsTestcases LoginAccountsTestcases.java44 - https://login.salesforce.com/  matched with https://login.salesforce.com/
20240530 23:56:26 INFO  [main] base.BasePage BasePage.java89 - UserName  IS WAITED FOR VISIBLITY
20240530 23:56:26 INFO  [main] base.BasePage BasePage.java140 - [[ChromeDriver: chrome on MAC (2936eb04606616138336577e631964b8)] -> xpath: //*[@id='username']]Is enabled and clicked
20240530 23:56:26 INFO  [main] base.BasePage BasePage.java144 - Username textboxIs displayed  in textarea
20240530 23:56:26 INFO  [main] lighteningSalesforce.LoginAccountsTestcases LoginAccountsTestcases.java54 - User name entered successfully
20240530 23:56:26 INFO  [main] base.BasePage BasePage.java140 - [[ChromeDriver: chrome on MAC (2936eb04606616138336577e631964b8)] -> xpath: //*[@id='password']]Is enabled and clicked
20240530 23:56:26 INFO  [main] base.BasePage BasePage.java144 - password field Is displayed  in textarea
20240530 23:56:26 INFO  [main] lighteningSalesforce.LoginAccountsTestcases LoginAccountsTestcases.java57 - Password entered successfully
20240530 23:56:34 INFO  [main] base.BasePage BasePage.java89 - Login Button IS WAITED FOR VISIBLITY
20240530 23:56:40 INFO  [main] base.BasePage BasePage.java70 - Login ButtonIs enabled and clicked
20240530 23:56:40 INFO  [main] utility.SalesforceListenerUtility SalesforceListenerUtility.java38 - login_Homepage.......test execution sucess........
20240530 23:56:40 INFO  [main] utility.SalesforceListenerUtility SalesforceListenerUtility.java28 - Create_Account.......test execution started........
20240530 23:56:40 INFO  [main] lighteningSalesforce.LoginAccountsTestcases LoginAccountsTestcases.java90 - ..............started Accountpage()...............
20240530 23:56:56 INFO  [main] base.BasePage BasePage.java70 - NewButton is clickedIs enabled and clicked
20240530 23:57:01 ERROR [main] utility.SalesforceListenerUtility SalesforceListenerUtility.java48 - Create_Account.......test execution completed with failure........
20240530 23:57:01 INFO  [main] base.BaseTest BaseTest.java169 - captures the screenshot
20240530 23:57:01 INFO  [main] utility.SalesforceListenerUtility SalesforceListenerUtility.java73 - .......<test> execution completed........
20240530 23:57:07 INFO  [main] utility.SalesforceListenerUtility SalesforceListenerUtility.java65 - .......<test> execution started........
20240530 23:57:07 INFO  [main] base.BaseTest BaseTest.java47 - .........BeforeMethod  executed---------------
20240530 23:57:07 INFO  [main] base.BaseTest BaseTest.java67 - Browser instance has started
20240530 23:57:09 INFO  [main] base.BaseTest BaseTest.java148 - https://login.salesforce.com/ is entered
20240530 23:57:09 INFO  [main] base.BaseTest BaseTest.java181 - Waiting until page loads within  expectedtime period
20240530 23:57:09 INFO  [main] utility.SalesforceListenerUtility SalesforceListenerUtility.java28 - login_Homepage.......test execution started........
20240530 23:57:09 INFO  [main] lighteningSalesforce.LoginAccountsTestcases LoginAccountsTestcases.java32 - ..............stated login_Homepage()...............
20240530 23:57:10 INFO  [main] base.BasePage BasePage.java217 - Current URL is = https://login.salesforce.com/
20240530 23:57:18 INFO  [main] lighteningSalesforce.LoginAccountsTestcases LoginAccountsTestcases.java44 - https://login.salesforce.com/  matched with https://login.salesforce.com/
20240530 23:57:48 ERROR [main] base.BasePage BasePage.java92 - UserName  timeout exception
20240530 23:57:48 ERROR [main] utility.SalesforceListenerUtility SalesforceListenerUtility.java48 - login_Homepage.......test execution completed with failure........
20240530 23:57:48 ERROR [main] utility.SalesforceListenerUtility SalesforceListenerUtility.java48 - login_Homepage.......test execution completed with failure........
20240530 23:57:49 INFO  [main] utility.SalesforceListenerUtility SalesforceListenerUtility.java73 - .......<test> execution completed........
20240531 00:04:43 INFO  [main] utility.SalesforceListenerUtility SalesforceListenerUtility.java65 - .......<test> execution started........
20240531 00:04:43 INFO  [main] base.BaseTest BaseTest.java47 - .........BeforeMethod  executed---------------
20240531 00:04:44 INFO  [main] base.BaseTest BaseTest.java67 - Browser instance has started
20240531 00:04:47 INFO  [main] base.BaseTest BaseTest.java148 - https://login.salesforce.com/ is entered
20240531 00:04:47 INFO  [main] base.BaseTest BaseTest.java181 - Waiting until page loads within  expectedtime period
20240531 00:04:47 INFO  [main] utility.SalesforceListenerUtility SalesforceListenerUtility.java28 - login_Homepage.......test execution started........
20240531 00:04:47 INFO  [main] lighteningSalesforce.LoginAccountsTestcases LoginAccountsTestcases.java32 - ..............stated login_Homepage()...............
20240531 00:04:47 INFO  [main] base.BasePage BasePage.java217 - Current URL is = https://login.salesforce.com/
20240531 00:04:55 INFO  [main] lighteningSalesforce.LoginAccountsTestcases LoginAccountsTestcases.java44 - https://login.salesforce.com/  matched with https://login.salesforce.com/
20240531 00:04:55 INFO  [main] base.BasePage BasePage.java89 - UserName  IS WAITED FOR VISIBLITY
20240531 00:04:55 INFO  [main] base.BasePage BasePage.java140 - [[ChromeDriver: chrome on MAC (98bc2e311a6126efd96e5d60a8cb21b8)] -> xpath: //*[@id='username']]Is enabled and clicked
20240531 00:04:55 INFO  [main] base.BasePage BasePage.java144 - Username textboxIs displayed  in textarea
20240531 00:04:55 INFO  [main] lighteningSalesforce.LoginAccountsTestcases LoginAccountsTestcases.java54 - User name entered successfully
20240531 00:04:55 INFO  [main] base.BasePage BasePage.java140 - [[ChromeDriver: chrome on MAC (98bc2e311a6126efd96e5d60a8cb21b8)] -> xpath: //*[@id='password']]Is enabled and clicked
20240531 00:04:55 INFO  [main] base.BasePage BasePage.java144 - password field Is displayed  in textarea
20240531 00:04:55 INFO  [main] lighteningSalesforce.LoginAccountsTestcases LoginAccountsTestcases.java57 - Password entered successfully
20240531 00:05:03 INFO  [main] base.BasePage BasePage.java89 - Login Button IS WAITED FOR VISIBLITY
20240531 00:05:05 INFO  [main] base.BasePage BasePage.java70 - Login ButtonIs enabled and clicked
20240531 00:05:05 INFO  [main] utility.SalesforceListenerUtility SalesforceListenerUtility.java38 - login_Homepage.......test execution sucess........
20240531 00:05:05 INFO  [main] utility.SalesforceListenerUtility SalesforceListenerUtility.java28 - Create_Account.......test execution started........
20240531 00:05:05 INFO  [main] lighteningSalesforce.LoginAccountsTestcases LoginAccountsTestcases.java90 - ..............started Accountpage()...............
20240531 00:05:22 INFO  [main] base.BasePage BasePage.java70 - NewButton is clickedIs enabled and clicked
20240531 00:05:27 INFO  [main] base.BasePage BasePage.java158 - AccountNameTextArea is clickedbutton is clicked
20240531 00:05:32 INFO  [main] base.BasePage BasePage.java140 - [[ChromeDriver: chrome on MAC (98bc2e311a6126efd96e5d60a8cb21b8)] -> xpath: //input[@name='Name']]Is enabled and clicked
20240531 00:05:32 INFO  [main] base.BasePage BasePage.java144 - account field Is displayed  in textarea
20240531 00:05:33 ERROR [main] utility.SalesforceListenerUtility SalesforceListenerUtility.java48 - Create_Account.......test execution completed with failure........
20240531 00:05:33 INFO  [main] base.BaseTest BaseTest.java169 - captures the screenshot
20240531 00:05:33 INFO  [main] utility.SalesforceListenerUtility SalesforceListenerUtility.java73 - .......<test> execution completed........
20240531 00:06:48 INFO  [main] utility.SalesforceListenerUtility SalesforceListenerUtility.java65 - .......<test> execution started........
20240531 00:06:48 INFO  [main] base.BaseTest BaseTest.java47 - .........BeforeMethod  executed---------------
20240531 00:06:48 INFO  [main] base.BaseTest BaseTest.java67 - Browser instance has started
20240531 00:06:51 INFO  [main] base.BaseTest BaseTest.java148 - https://login.salesforce.com/ is entered
20240531 00:06:51 INFO  [main] base.BaseTest BaseTest.java181 - Waiting until page loads within  expectedtime period
20240531 00:06:51 INFO  [main] utility.SalesforceListenerUtility SalesforceListenerUtility.java28 - login_Homepage.......test execution started........
20240531 00:06:51 INFO  [main] lighteningSalesforce.LoginAccountsTestcases LoginAccountsTestcases.java32 - ..............stated login_Homepage()...............
20240531 00:06:51 INFO  [main] base.BasePage BasePage.java217 - Current URL is = https://login.salesforce.com/
20240531 00:06:59 INFO  [main] lighteningSalesforce.LoginAccountsTestcases LoginAccountsTestcases.java44 - https://login.salesforce.com/  matched with https://login.salesforce.com/
20240531 00:06:59 INFO  [main] base.BasePage BasePage.java89 - UserName  IS WAITED FOR VISIBLITY
20240531 00:06:59 INFO  [main] base.BasePage BasePage.java140 - [[ChromeDriver: chrome on MAC (d1bc0d34e89ca9b303dba1c3dbe212ec)] -> xpath: //*[@id='username']]Is enabled and clicked
20240531 00:06:59 INFO  [main] base.BasePage BasePage.java144 - Username textboxIs displayed  in textarea
20240531 00:06:59 INFO  [main] lighteningSalesforce.LoginAccountsTestcases LoginAccountsTestcases.java54 - User name entered successfully
20240531 00:06:59 INFO  [main] base.BasePage BasePage.java140 - [[ChromeDriver: chrome on MAC (d1bc0d34e89ca9b303dba1c3dbe212ec)] -> xpath: //*[@id='password']]Is enabled and clicked
20240531 00:06:59 INFO  [main] base.BasePage BasePage.java144 - password field Is displayed  in textarea
20240531 00:06:59 INFO  [main] lighteningSalesforce.LoginAccountsTestcases LoginAccountsTestcases.java57 - Password entered successfully
20240531 00:07:07 INFO  [main] base.BasePage BasePage.java89 - Login Button IS WAITED FOR VISIBLITY
20240531 00:07:10 INFO  [main] base.BasePage BasePage.java70 - Login ButtonIs enabled and clicked
20240531 00:07:10 INFO  [main] utility.SalesforceListenerUtility SalesforceListenerUtility.java38 - login_Homepage.......test execution sucess........
20240531 00:07:10 INFO  [main] utility.SalesforceListenerUtility SalesforceListenerUtility.java28 - Create_Account.......test execution started........
20240531 00:07:10 INFO  [main] lighteningSalesforce.LoginAccountsTestcases LoginAccountsTestcases.java90 - ..............started Accountpage()...............
20240531 00:07:26 INFO  [main] base.BasePage BasePage.java70 - NewButton is clickedIs enabled and clicked
20240531 00:07:27 ERROR [main] utility.SalesforceListenerUtility SalesforceListenerUtility.java48 - Create_Account.......test execution completed with failure........
20240531 00:07:27 INFO  [main] base.BaseTest BaseTest.java169 - captures the screenshot
20240531 00:07:27 INFO  [main] utility.SalesforceListenerUtility SalesforceListenerUtility.java73 - .......<test> execution completed........
20240531 00:08:00 INFO  [main] utility.SalesforceListenerUtility SalesforceListenerUtility.java65 - .......<test> execution started........
20240531 00:08:00 INFO  [main] base.BaseTest BaseTest.java47 - .........BeforeMethod  executed---------------
20240531 00:08:00 INFO  [main] base.BaseTest BaseTest.java67 - Browser instance has started
20240531 00:08:03 INFO  [main] base.BaseTest BaseTest.java148 - https://login.salesforce.com/ is entered
20240531 00:08:03 INFO  [main] base.BaseTest BaseTest.java181 - Waiting until page loads within  expectedtime period
20240531 00:08:03 INFO  [main] utility.SalesforceListenerUtility SalesforceListenerUtility.java28 - login_Homepage.......test execution started........
20240531 00:08:03 INFO  [main] lighteningSalesforce.LoginAccountsTestcases LoginAccountsTestcases.java32 - ..............stated login_Homepage()...............
20240531 00:08:03 INFO  [main] base.BasePage BasePage.java217 - Current URL is = https://login.salesforce.com/
20240531 00:08:11 INFO  [main] lighteningSalesforce.LoginAccountsTestcases LoginAccountsTestcases.java44 - https://login.salesforce.com/  matched with https://login.salesforce.com/
20240531 00:08:42 ERROR [main] base.BasePage BasePage.java92 - UserName  timeout exception
20240531 00:08:42 ERROR [main] utility.SalesforceListenerUtility SalesforceListenerUtility.java48 - login_Homepage.......test execution completed with failure........
20240531 00:08:42 ERROR [main] utility.SalesforceListenerUtility SalesforceListenerUtility.java48 - login_Homepage.......test execution completed with failure........
20240531 00:08:42 INFO  [main] utility.SalesforceListenerUtility SalesforceListenerUtility.java73 - .......<test> execution completed........
20240531 00:11:10 INFO  [main] utility.SalesforceListenerUtility SalesforceListenerUtility.java65 - .......<test> execution started........
20240531 00:11:10 INFO  [main] base.BaseTest BaseTest.java47 - .........BeforeMethod  executed---------------
20240531 00:11:11 INFO  [main] base.BaseTest BaseTest.java67 - Browser instance has started
20240531 00:11:13 INFO  [main] base.BaseTest BaseTest.java148 - https://login.salesforce.com/ is entered
20240531 00:11:13 INFO  [main] base.BaseTest BaseTest.java181 - Waiting until page loads within  expectedtime period
20240531 00:11:13 INFO  [main] utility.SalesforceListenerUtility SalesforceListenerUtility.java28 - login_Homepage.......test execution started........
20240531 00:11:13 INFO  [main] lighteningSalesforce.LoginAccountsTestcases LoginAccountsTestcases.java32 - ..............stated login_Homepage()...............
20240531 00:11:13 INFO  [main] base.BasePage BasePage.java217 - Current URL is = https://login.salesforce.com/
20240531 00:11:21 INFO  [main] lighteningSalesforce.LoginAccountsTestcases LoginAccountsTestcases.java44 - https://login.salesforce.com/  matched with https://login.salesforce.com/
20240531 00:11:21 INFO  [main] base.BasePage BasePage.java89 - UserName  IS WAITED FOR VISIBLITY
20240531 00:11:22 INFO  [main] base.BasePage BasePage.java140 - [[ChromeDriver: chrome on MAC (49a0bf9ff1682fb7bd65323aa743eceb)] -> xpath: //*[@id='username']]Is enabled and clicked
20240531 00:11:22 INFO  [main] base.BasePage BasePage.java144 - Username textboxIs displayed  in textarea
20240531 00:11:22 INFO  [main] lighteningSalesforce.LoginAccountsTestcases LoginAccountsTestcases.java54 - User name entered successfully
20240531 00:11:22 INFO  [main] base.BasePage BasePage.java140 - [[ChromeDriver: chrome on MAC (49a0bf9ff1682fb7bd65323aa743eceb)] -> xpath: //*[@id='password']]Is enabled and clicked
20240531 00:11:22 INFO  [main] base.BasePage BasePage.java144 - password field Is displayed  in textarea
20240531 00:11:22 INFO  [main] lighteningSalesforce.LoginAccountsTestcases LoginAccountsTestcases.java57 - Password entered successfully
20240531 00:11:30 INFO  [main] base.BasePage BasePage.java89 - Login Button IS WAITED FOR VISIBLITY
20240531 00:11:35 INFO  [main] base.BasePage BasePage.java70 - Login ButtonIs enabled and clicked
20240531 00:11:35 INFO  [main] lighteningSalesforce.LoginAccountsTestcases LoginAccountsTestcases.java70 - Lightning Experience  matched with Lightning Experience
20240531 00:11:35 INFO  [main] lighteningSalesforce.LoginAccountsTestcases LoginAccountsTestcases.java78 - All assertions Passed
20240531 00:11:35 INFO  [main] lighteningSalesforce.LoginAccountsTestcases LoginAccountsTestcases.java80 - ..............ended Login_Homepage()...............
20240531 00:11:35 INFO  [main] utility.SalesforceListenerUtility SalesforceListenerUtility.java38 - login_Homepage.......test execution sucess........
20240531 00:11:35 INFO  [main] utility.SalesforceListenerUtility SalesforceListenerUtility.java28 - Create_Account.......test execution started........
20240531 00:11:35 INFO  [main] lighteningSalesforce.LoginAccountsTestcases LoginAccountsTestcases.java89 - ..............started Accountpage()...............
20240531 00:11:47 INFO  [main] base.BasePage BasePage.java70 - NewButton is clickedIs enabled and clicked
20240531 00:11:49 INFO  [main] base.BasePage BasePage.java158 - AccountNameTextArea is clickedbutton is clicked
20240531 00:11:49 INFO  [main] base.BasePage BasePage.java140 - [[ChromeDriver: chrome on MAC (49a0bf9ff1682fb7bd65323aa743eceb)] -> xpath: //input[@name='Name']]Is enabled and clicked
20240531 00:11:49 INFO  [main] base.BasePage BasePage.java144 - account field Is displayed  in textarea
20240531 00:11:50 ERROR [main] utility.SalesforceListenerUtility SalesforceListenerUtility.java48 - Create_Account.......test execution completed with failure........
20240531 00:11:51 INFO  [main] base.BaseTest BaseTest.java169 - captures the screenshot
20240531 00:11:51 INFO  [main] utility.SalesforceListenerUtility SalesforceListenerUtility.java73 - .......<test> execution completed........
20240531 00:26:53 INFO  [main] utility.SalesforceListenerUtility SalesforceListenerUtility.java65 - .......<test> execution started........
20240531 00:26:54 INFO  [main] base.BaseTest BaseTest.java47 - .........BeforeMethod  executed---------------
20240531 00:26:54 INFO  [main] base.BaseTest BaseTest.java67 - Browser instance has started
20240531 00:26:57 INFO  [main] base.BaseTest BaseTest.java148 - https://login.salesforce.com/ is entered
20240531 00:26:57 INFO  [main] base.BaseTest BaseTest.java181 - Waiting until page loads within  expectedtime period
20240531 00:26:57 INFO  [main] utility.SalesforceListenerUtility SalesforceListenerUtility.java28 - login_Homepage.......test execution started........
20240531 00:26:57 INFO  [main] lighteningSalesforce.LoginAccountsTestcases LoginAccountsTestcases.java32 - ..............stated login_Homepage()...............
20240531 00:26:57 INFO  [main] base.BasePage BasePage.java217 - Current URL is = https://login.salesforce.com/
20240531 00:27:05 INFO  [main] lighteningSalesforce.LoginAccountsTestcases LoginAccountsTestcases.java44 - https://login.salesforce.com/  matched with https://login.salesforce.com/
20240531 00:27:05 INFO  [main] base.BasePage BasePage.java89 - UserName  IS WAITED FOR VISIBLITY
20240531 00:27:05 INFO  [main] base.BasePage BasePage.java140 - [[ChromeDriver: chrome on MAC (af5338727ee85104f2c7e43038348621)] -> xpath: //*[@id='username']]Is enabled and clicked
20240531 00:27:05 INFO  [main] base.BasePage BasePage.java144 - Username textboxIs displayed  in textarea
20240531 00:27:05 INFO  [main] lighteningSalesforce.LoginAccountsTestcases LoginAccountsTestcases.java54 - User name entered successfully
20240531 00:27:05 INFO  [main] base.BasePage BasePage.java140 - [[ChromeDriver: chrome on MAC (af5338727ee85104f2c7e43038348621)] -> xpath: //*[@id='password']]Is enabled and clicked
20240531 00:27:05 INFO  [main] base.BasePage BasePage.java144 - password field Is displayed  in textarea
20240531 00:27:05 INFO  [main] lighteningSalesforce.LoginAccountsTestcases LoginAccountsTestcases.java57 - Password entered successfully
20240531 00:27:13 INFO  [main] base.BasePage BasePage.java89 - Login Button IS WAITED FOR VISIBLITY
20240531 00:27:19 INFO  [main] base.BasePage BasePage.java70 - Login ButtonIs enabled and clicked
20240531 00:27:19 INFO  [main] lighteningSalesforce.LoginAccountsTestcases LoginAccountsTestcases.java70 - Lightning Experience  matched with Lightning Experience
20240531 00:27:19 INFO  [main] lighteningSalesforce.LoginAccountsTestcases LoginAccountsTestcases.java78 - All assertions Passed
20240531 00:27:19 INFO  [main] lighteningSalesforce.LoginAccountsTestcases LoginAccountsTestcases.java80 - ..............ended Login_Homepage()...............
20240531 00:27:19 INFO  [main] utility.SalesforceListenerUtility SalesforceListenerUtility.java38 - login_Homepage.......test execution sucess........
20240531 00:27:19 INFO  [main] utility.SalesforceListenerUtility SalesforceListenerUtility.java28 - Create_Account.......test execution started........
20240531 00:27:19 INFO  [main] lighteningSalesforce.LoginAccountsTestcases LoginAccountsTestcases.java89 - ..............started Accountpage()...............
20240531 00:27:31 INFO  [main] base.BasePage BasePage.java70 - NewButton is clickedIs enabled and clicked
20240531 00:27:33 INFO  [main] base.BasePage BasePage.java158 - AccountNameTextArea is clickedbutton is clicked
20240531 00:27:33 INFO  [main] base.BasePage BasePage.java140 - [[ChromeDriver: chrome on MAC (af5338727ee85104f2c7e43038348621)] -> xpath: //input[@name='Name']]Is enabled and clicked
20240531 00:27:33 INFO  [main] base.BasePage BasePage.java144 - account field Is displayed  in textarea
20240531 00:27:33 INFO  [main] base.BasePage BasePage.java158 - Type field DropDown buttonbutton is clicked
20240531 00:27:39 ERROR [main] utility.SalesforceListenerUtility SalesforceListenerUtility.java48 - Create_Account.......test execution completed with failure........
20240531 00:27:40 INFO  [main] base.BaseTest BaseTest.java169 - captures the screenshot
20240531 00:27:40 INFO  [main] utility.SalesforceListenerUtility SalesforceListenerUtility.java73 - .......<test> execution completed........
20240531 00:29:14 INFO  [main] utility.SalesforceListenerUtility SalesforceListenerUtility.java65 - .......<test> execution started........
20240531 00:29:14 INFO  [main] base.BaseTest BaseTest.java47 - .........BeforeMethod  executed---------------
20240531 00:29:15 INFO  [main] base.BaseTest BaseTest.java67 - Browser instance has started
20240531 00:29:18 INFO  [main] base.BaseTest BaseTest.java148 - https://login.salesforce.com/ is entered
20240531 00:29:18 INFO  [main] base.BaseTest BaseTest.java181 - Waiting until page loads within  expectedtime period
20240531 00:29:18 INFO  [main] utility.SalesforceListenerUtility SalesforceListenerUtility.java28 - login_Homepage.......test execution started........
20240531 00:29:18 INFO  [main] lighteningSalesforce.LoginAccountsTestcases LoginAccountsTestcases.java32 - ..............stated login_Homepage()...............
20240531 00:29:18 INFO  [main] base.BasePage BasePage.java217 - Current URL is = https://login.salesforce.com/
20240531 00:29:26 INFO  [main] lighteningSalesforce.LoginAccountsTestcases LoginAccountsTestcases.java44 - https://login.salesforce.com/  matched with https://login.salesforce.com/
20240531 00:29:26 INFO  [main] base.BasePage BasePage.java89 - UserName  IS WAITED FOR VISIBLITY
20240531 00:29:27 INFO  [main] base.BasePage BasePage.java140 - [[ChromeDriver: chrome on MAC (8c976f2aff97d18cb28f937142f0fac0)] -> xpath: //*[@id='username']]Is enabled and clicked
20240531 00:29:27 INFO  [main] base.BasePage BasePage.java144 - Username textboxIs displayed  in textarea
20240531 00:29:27 INFO  [main] lighteningSalesforce.LoginAccountsTestcases LoginAccountsTestcases.java54 - User name entered successfully
20240531 00:29:27 INFO  [main] base.BasePage BasePage.java140 - [[ChromeDriver: chrome on MAC (8c976f2aff97d18cb28f937142f0fac0)] -> xpath: //*[@id='password']]Is enabled and clicked
20240531 00:29:27 INFO  [main] base.BasePage BasePage.java144 - password field Is displayed  in textarea
20240531 00:29:27 INFO  [main] lighteningSalesforce.LoginAccountsTestcases LoginAccountsTestcases.java57 - Password entered successfully
20240531 00:29:35 INFO  [main] base.BasePage BasePage.java89 - Login Button IS WAITED FOR VISIBLITY
20240531 00:29:42 INFO  [main] base.BasePage BasePage.java70 - Login ButtonIs enabled and clicked
20240531 00:29:42 ERROR [main] lighteningSalesforce.LoginAccountsTestcases LoginAccountsTestcases.java73 - Home | Salesforce not   matched with Lightning Experience
20240531 00:29:42 ERROR [main] utility.SalesforceListenerUtility SalesforceListenerUtility.java48 - login_Homepage.......test execution completed with failure........
20240531 00:29:42 INFO  [main] base.BaseTest BaseTest.java169 - captures the screenshot
20240531 00:29:42 INFO  [main] utility.SalesforceListenerUtility SalesforceListenerUtility.java28 - Create_Account.......test execution started........
20240531 00:29:42 INFO  [main] lighteningSalesforce.LoginAccountsTestcases LoginAccountsTestcases.java89 - ..............started Accountpage()...............
20240531 00:29:55 INFO  [main] base.BasePage BasePage.java70 - NewButton is clickedIs enabled and clicked
20240531 00:29:56 INFO  [main] base.BasePage BasePage.java158 - AccountNameTextArea is clickedbutton is clicked
20240531 00:29:56 INFO  [main] base.BasePage BasePage.java140 - [[ChromeDriver: chrome on MAC (8c976f2aff97d18cb28f937142f0fac0)] -> xpath: //input[@name='Name']]Is enabled and clicked
20240531 00:29:57 INFO  [main] base.BasePage BasePage.java144 - account field Is displayed  in textarea
20240531 00:29:57 INFO  [main] base.BasePage BasePage.java158 - Type field DropDown buttonbutton is clicked
20240531 00:30:59 ERROR [main] utility.SalesforceListenerUtility SalesforceListenerUtility.java48 - Create_Account.......test execution completed with failure........
20240531 00:30:59 INFO  [main] base.BaseTest BaseTest.java169 - captures the screenshot
20240531 00:30:59 INFO  [main] utility.SalesforceListenerUtility SalesforceListenerUtility.java73 - .......<test> execution completed........
20240531 00:35:37 INFO  [main] utility.SalesforceListenerUtility SalesforceListenerUtility.java65 - .......<test> execution started........
20240531 00:35:37 INFO  [main] base.BaseTest BaseTest.java47 - .........BeforeMethod  executed---------------
20240531 00:35:38 INFO  [main] base.BaseTest BaseTest.java67 - Browser instance has started
20240531 00:35:41 INFO  [main] base.BaseTest BaseTest.java148 - https://login.salesforce.com/ is entered
20240531 00:35:41 INFO  [main] base.BaseTest BaseTest.java181 - Waiting until page loads within  expectedtime period
20240531 00:35:41 INFO  [main] utility.SalesforceListenerUtility SalesforceListenerUtility.java28 - login_Homepage.......test execution started........
20240531 00:35:41 INFO  [main] lighteningSalesforce.LoginAccountsTestcases LoginAccountsTestcases.java32 - ..............stated login_Homepage()...............
20240531 00:35:41 INFO  [main] base.BasePage BasePage.java217 - Current URL is = https://login.salesforce.com/
20240531 00:35:49 INFO  [main] lighteningSalesforce.LoginAccountsTestcases LoginAccountsTestcases.java44 - https://login.salesforce.com/  matched with https://login.salesforce.com/
20240531 00:35:49 INFO  [main] base.BasePage BasePage.java89 - UserName  IS WAITED FOR VISIBLITY
20240531 00:35:49 INFO  [main] base.BasePage BasePage.java140 - [[ChromeDriver: chrome on MAC (343381c76b51d9bbdf9fb57019d3d53a)] -> xpath: //*[@id='username']]Is enabled and clicked
20240531 00:35:49 INFO  [main] base.BasePage BasePage.java144 - Username textboxIs displayed  in textarea
20240531 00:35:49 INFO  [main] lighteningSalesforce.LoginAccountsTestcases LoginAccountsTestcases.java54 - User name entered successfully
20240531 00:35:49 INFO  [main] base.BasePage BasePage.java140 - [[ChromeDriver: chrome on MAC (343381c76b51d9bbdf9fb57019d3d53a)] -> xpath: //*[@id='password']]Is enabled and clicked
20240531 00:35:49 INFO  [main] base.BasePage BasePage.java144 - password field Is displayed  in textarea
20240531 00:35:49 INFO  [main] lighteningSalesforce.LoginAccountsTestcases LoginAccountsTestcases.java57 - Password entered successfully
20240531 00:35:57 INFO  [main] base.BasePage BasePage.java89 - Login Button IS WAITED FOR VISIBLITY
20240531 00:35:59 INFO  [main] base.BasePage BasePage.java70 - Login ButtonIs enabled and clicked
20240531 00:36:02 INFO  [main] lighteningSalesforce.LoginAccountsTestcases LoginAccountsTestcases.java70 - Lightning Experience  matched with Lightning Experience
20240531 00:36:02 INFO  [main] lighteningSalesforce.LoginAccountsTestcases LoginAccountsTestcases.java78 - All assertions Passed
20240531 00:36:02 INFO  [main] lighteningSalesforce.LoginAccountsTestcases LoginAccountsTestcases.java80 - ..............ended Login_Homepage()...............
20240531 00:36:02 INFO  [main] utility.SalesforceListenerUtility SalesforceListenerUtility.java38 - login_Homepage.......test execution sucess........
20240531 00:36:02 INFO  [main] utility.SalesforceListenerUtility SalesforceListenerUtility.java28 - Create_Account.......test execution started........
20240531 00:36:02 INFO  [main] lighteningSalesforce.LoginAccountsTestcases LoginAccountsTestcases.java89 - ..............started Accountpage()...............
20240531 00:36:15 INFO  [main] base.BasePage BasePage.java70 - NewButton is clickedIs enabled and clicked
20240531 00:36:16 INFO  [main] base.BasePage BasePage.java158 - AccountNameTextArea is clickedbutton is clicked
20240531 00:36:16 INFO  [main] base.BasePage BasePage.java140 - [[ChromeDriver: chrome on MAC (343381c76b51d9bbdf9fb57019d3d53a)] -> xpath: //input[@name='Name']]Is enabled and clicked
20240531 00:36:16 INFO  [main] base.BasePage BasePage.java144 - account field Is displayed  in textarea
20240531 00:36:17 INFO  [main] base.BasePage BasePage.java158 - Type field DropDown buttonbutton is clicked
20240531 00:37:18 INFO  [main] base.BasePage BasePage.java140 - [[ChromeDriver: chrome on MAC (343381c76b51d9bbdf9fb57019d3d53a)] -> xpath: //label[text()='Billing Street']//parent::lightning-textarea//textarea]Is enabled and clicked
20240531 00:37:18 INFO  [main] base.BasePage BasePage.java144 - billing street  Is displayed  in textarea
20240531 00:37:21 INFO  [main] base.BasePage BasePage.java70 - ExpirationDate ButtonIs enabled and clicked
20240531 00:37:30 INFO  [main] base.BasePage BasePage.java158 - Todays Datebutton is clicked
20240531 00:37:30 ERROR [main] utility.SalesforceListenerUtility SalesforceListenerUtility.java48 - Create_Account.......test execution completed with failure........
20240531 00:37:31 INFO  [main] base.BaseTest BaseTest.java169 - captures the screenshot
20240531 00:37:31 INFO  [main] utility.SalesforceListenerUtility SalesforceListenerUtility.java73 - .......<test> execution completed........
20240531 00:38:24 INFO  [main] utility.SalesforceListenerUtility SalesforceListenerUtility.java65 - .......<test> execution started........
20240531 00:38:24 INFO  [main] base.BaseTest BaseTest.java47 - .........BeforeMethod  executed---------------
20240531 00:38:24 INFO  [main] base.BaseTest BaseTest.java67 - Browser instance has started
20240531 00:38:27 INFO  [main] base.BaseTest BaseTest.java148 - https://login.salesforce.com/ is entered
20240531 00:38:27 INFO  [main] base.BaseTest BaseTest.java181 - Waiting until page loads within  expectedtime period
20240531 00:38:27 INFO  [main] utility.SalesforceListenerUtility SalesforceListenerUtility.java28 - login_Homepage.......test execution started........
20240531 00:38:27 INFO  [main] lighteningSalesforce.LoginAccountsTestcases LoginAccountsTestcases.java32 - ..............stated login_Homepage()...............
20240531 00:38:27 INFO  [main] base.BasePage BasePage.java217 - Current URL is = https://login.salesforce.com/
20240531 00:38:35 INFO  [main] lighteningSalesforce.LoginAccountsTestcases LoginAccountsTestcases.java44 - https://login.salesforce.com/  matched with https://login.salesforce.com/
20240531 00:38:35 INFO  [main] base.BasePage BasePage.java89 - UserName  IS WAITED FOR VISIBLITY
20240531 00:38:35 INFO  [main] base.BasePage BasePage.java140 - [[ChromeDriver: chrome on MAC (0b461fa98206989a30ee47a3a2285be4)] -> xpath: //*[@id='username']]Is enabled and clicked
20240531 00:38:35 INFO  [main] base.BasePage BasePage.java144 - Username textboxIs displayed  in textarea
20240531 00:38:35 INFO  [main] lighteningSalesforce.LoginAccountsTestcases LoginAccountsTestcases.java54 - User name entered successfully
20240531 00:38:35 INFO  [main] base.BasePage BasePage.java140 - [[ChromeDriver: chrome on MAC (0b461fa98206989a30ee47a3a2285be4)] -> xpath: //*[@id='password']]Is enabled and clicked
20240531 00:38:35 INFO  [main] base.BasePage BasePage.java144 - password field Is displayed  in textarea
20240531 00:38:35 INFO  [main] lighteningSalesforce.LoginAccountsTestcases LoginAccountsTestcases.java57 - Password entered successfully
20240531 00:38:43 INFO  [main] base.BasePage BasePage.java89 - Login Button IS WAITED FOR VISIBLITY
20240531 00:38:45 INFO  [main] base.BasePage BasePage.java70 - Login ButtonIs enabled and clicked
20240531 00:38:48 INFO  [main] lighteningSalesforce.LoginAccountsTestcases LoginAccountsTestcases.java70 - Lightning Experience  matched with Lightning Experience
20240531 00:38:48 INFO  [main] lighteningSalesforce.LoginAccountsTestcases LoginAccountsTestcases.java78 - All assertions Passed
20240531 00:38:48 INFO  [main] lighteningSalesforce.LoginAccountsTestcases LoginAccountsTestcases.java80 - ..............ended Login_Homepage()...............
20240531 00:38:49 INFO  [main] utility.SalesforceListenerUtility SalesforceListenerUtility.java38 - login_Homepage.......test execution sucess........
20240531 00:38:49 INFO  [main] utility.SalesforceListenerUtility SalesforceListenerUtility.java28 - Create_Account.......test execution started........
20240531 00:38:49 INFO  [main] lighteningSalesforce.LoginAccountsTestcases LoginAccountsTestcases.java89 - ..............started Accountpage()...............
20240531 00:39:01 INFO  [main] base.BasePage BasePage.java70 - NewButton is clickedIs enabled and clicked
20240531 00:39:02 INFO  [main] base.BasePage BasePage.java158 - AccountNameTextArea is clickedbutton is clicked
20240531 00:39:03 INFO  [main] base.BasePage BasePage.java140 - [[ChromeDriver: chrome on MAC (0b461fa98206989a30ee47a3a2285be4)] -> xpath: //input[@name='Name']]Is enabled and clicked
20240531 00:39:03 INFO  [main] base.BasePage BasePage.java144 - account field Is displayed  in textarea
20240531 00:39:03 INFO  [main] base.BasePage BasePage.java158 - Type field DropDown buttonbutton is clicked
20240531 00:40:04 INFO  [main] base.BasePage BasePage.java140 - [[ChromeDriver: chrome on MAC (0b461fa98206989a30ee47a3a2285be4)] -> xpath: //label[text()='Billing Street']//parent::lightning-textarea//textarea]Is enabled and clicked
20240531 00:40:04 INFO  [main] base.BasePage BasePage.java144 - billing street  Is displayed  in textarea
20240531 00:40:07 INFO  [main] base.BasePage BasePage.java70 - ExpirationDate ButtonIs enabled and clicked
20240531 00:40:16 INFO  [main] base.BasePage BasePage.java158 - Todays Datebutton is clicked
20240531 00:40:16 ERROR [main] utility.SalesforceListenerUtility SalesforceListenerUtility.java48 - Create_Account.......test execution completed with failure........
20240531 00:40:17 INFO  [main] base.BaseTest BaseTest.java169 - captures the screenshot
20240531 00:40:17 INFO  [main] utility.SalesforceListenerUtility SalesforceListenerUtility.java73 - .......<test> execution completed........
20240531 00:53:14 INFO  [main] utility.SalesforceListenerUtility SalesforceListenerUtility.java65 - .......<test> execution started........
20240531 00:53:14 INFO  [main] base.BaseTest BaseTest.java47 - .........BeforeMethod  executed---------------
20240531 00:53:15 INFO  [main] base.BaseTest BaseTest.java67 - Browser instance has started
20240531 00:53:18 INFO  [main] base.BaseTest BaseTest.java148 - https://login.salesforce.com/ is entered
20240531 00:53:18 INFO  [main] base.BaseTest BaseTest.java181 - Waiting until page loads within  expectedtime period
20240531 00:53:18 INFO  [main] utility.SalesforceListenerUtility SalesforceListenerUtility.java28 - login_Homepage.......test execution started........
20240531 00:53:18 INFO  [main] lighteningSalesforce.LoginAccountsTestcases LoginAccountsTestcases.java35 - ..............stated login_Homepage()...............
20240531 00:53:18 INFO  [main] base.BasePage BasePage.java217 - Current URL is = https://login.salesforce.com/
20240531 00:53:26 INFO  [main] lighteningSalesforce.LoginAccountsTestcases LoginAccountsTestcases.java47 - https://login.salesforce.com/  matched with https://login.salesforce.com/
20240531 00:53:26 INFO  [main] base.BasePage BasePage.java89 - UserName  IS WAITED FOR VISIBLITY
20240531 00:53:26 INFO  [main] base.BasePage BasePage.java140 - [[ChromeDriver: chrome on MAC (daea5789dac7e131b92e40f581d0f561)] -> xpath: //*[@id='username']]Is enabled and clicked
20240531 00:53:26 INFO  [main] base.BasePage BasePage.java144 - Username textboxIs displayed  in textarea
20240531 00:53:26 INFO  [main] lighteningSalesforce.LoginAccountsTestcases LoginAccountsTestcases.java57 - User name entered successfully
20240531 00:53:26 INFO  [main] base.BasePage BasePage.java140 - [[ChromeDriver: chrome on MAC (daea5789dac7e131b92e40f581d0f561)] -> xpath: //*[@id='password']]Is enabled and clicked
20240531 00:53:26 INFO  [main] base.BasePage BasePage.java144 - password field Is displayed  in textarea
20240531 00:53:26 INFO  [main] lighteningSalesforce.LoginAccountsTestcases LoginAccountsTestcases.java60 - Password entered successfully
20240531 00:53:34 INFO  [main] base.BasePage BasePage.java89 - Login Button IS WAITED FOR VISIBLITY
20240531 00:53:39 INFO  [main] base.BasePage BasePage.java70 - Login ButtonIs enabled and clicked
20240531 00:53:39 INFO  [main] lighteningSalesforce.LoginAccountsTestcases LoginAccountsTestcases.java73 - Lightning Experience  matched with Lightning Experience
20240531 00:53:39 INFO  [main] lighteningSalesforce.LoginAccountsTestcases LoginAccountsTestcases.java81 - All assertions Passed
20240531 00:53:39 INFO  [main] lighteningSalesforce.LoginAccountsTestcases LoginAccountsTestcases.java83 - ..............ended Login_Homepage()...............
20240531 00:53:39 INFO  [main] utility.SalesforceListenerUtility SalesforceListenerUtility.java38 - login_Homepage.......test execution sucess........
20240531 00:53:39 INFO  [main] utility.SalesforceListenerUtility SalesforceListenerUtility.java28 - Create_Account.......test execution started........
20240531 00:53:39 INFO  [main] lighteningSalesforce.LoginAccountsTestcases LoginAccountsTestcases.java92 - ..............started Accountpage()...............
20240531 00:53:52 INFO  [main] base.BasePage BasePage.java70 - NewButton is clickedIs enabled and clicked
20240531 00:53:53 INFO  [main] base.BasePage BasePage.java158 - AccountNameTextArea is clickedbutton is clicked
20240531 00:53:53 INFO  [main] base.BasePage BasePage.java140 - [[ChromeDriver: chrome on MAC (daea5789dac7e131b92e40f581d0f561)] -> xpath: //input[@name='Name']]Is enabled and clicked
20240531 00:53:53 INFO  [main] base.BasePage BasePage.java144 - account field Is displayed  in textarea
20240531 00:53:54 INFO  [main] base.BasePage BasePage.java158 - Type field DropDown buttonbutton is clicked
20240531 00:54:20 INFO  [main] base.BasePage BasePage.java140 - [[ChromeDriver: chrome on MAC (daea5789dac7e131b92e40f581d0f561)] -> xpath: //label[text()='Billing Street']//parent::lightning-textarea//textarea]Is enabled and clicked
20240531 00:54:20 INFO  [main] base.BasePage BasePage.java144 - billing street  Is displayed  in textarea
20240531 00:54:23 INFO  [main] base.BasePage BasePage.java70 - ExpirationDate ButtonIs enabled and clicked
20240531 00:54:32 INFO  [main] base.BasePage BasePage.java158 - Todays Datebutton is clicked
20240531 00:54:37 ERROR [main] utility.SalesforceListenerUtility SalesforceListenerUtility.java48 - Create_Account.......test execution completed with failure........
20240531 00:54:38 INFO  [main] base.BaseTest BaseTest.java169 - captures the screenshot
20240531 00:54:38 INFO  [main] utility.SalesforceListenerUtility SalesforceListenerUtility.java73 - .......<test> execution completed........
20240531 00:58:26 INFO  [main] utility.SalesforceListenerUtility SalesforceListenerUtility.java65 - .......<test> execution started........
20240531 00:58:26 INFO  [main] base.BaseTest BaseTest.java47 - .........BeforeMethod  executed---------------
20240531 00:58:27 INFO  [main] base.BaseTest BaseTest.java67 - Browser instance has started
20240531 00:58:29 INFO  [main] base.BaseTest BaseTest.java148 - https://login.salesforce.com/ is entered
20240531 00:58:29 INFO  [main] base.BaseTest BaseTest.java181 - Waiting until page loads within  expectedtime period
20240531 00:58:29 INFO  [main] utility.SalesforceListenerUtility SalesforceListenerUtility.java28 - login_Homepage.......test execution started........
20240531 00:58:29 INFO  [main] lighteningSalesforce.LoginAccountsTestcases LoginAccountsTestcases.java35 - ..............stated login_Homepage()...............
20240531 00:58:29 INFO  [main] base.BasePage BasePage.java217 - Current URL is = https://login.salesforce.com/
20240531 00:58:37 INFO  [main] lighteningSalesforce.LoginAccountsTestcases LoginAccountsTestcases.java47 - https://login.salesforce.com/  matched with https://login.salesforce.com/
20240531 00:58:37 INFO  [main] base.BasePage BasePage.java89 - UserName  IS WAITED FOR VISIBLITY
20240531 00:58:37 INFO  [main] base.BasePage BasePage.java140 - [[ChromeDriver: chrome on MAC (cdd083f040c717420a571411169647cb)] -> xpath: //*[@id='username']]Is enabled and clicked
20240531 00:58:37 INFO  [main] base.BasePage BasePage.java144 - Username textboxIs displayed  in textarea
20240531 00:58:37 INFO  [main] lighteningSalesforce.LoginAccountsTestcases LoginAccountsTestcases.java57 - User name entered successfully
20240531 00:58:37 INFO  [main] base.BasePage BasePage.java140 - [[ChromeDriver: chrome on MAC (cdd083f040c717420a571411169647cb)] -> xpath: //*[@id='password']]Is enabled and clicked
20240531 00:58:37 INFO  [main] base.BasePage BasePage.java144 - password field Is displayed  in textarea
20240531 00:58:37 INFO  [main] lighteningSalesforce.LoginAccountsTestcases LoginAccountsTestcases.java60 - Password entered successfully
20240531 00:58:45 INFO  [main] base.BasePage BasePage.java89 - Login Button IS WAITED FOR VISIBLITY
20240531 00:58:51 INFO  [main] base.BasePage BasePage.java70 - Login ButtonIs enabled and clicked
20240531 00:58:51 INFO  [main] lighteningSalesforce.LoginAccountsTestcases LoginAccountsTestcases.java73 - Lightning Experience  matched with Lightning Experience
20240531 00:58:51 INFO  [main] lighteningSalesforce.LoginAccountsTestcases LoginAccountsTestcases.java81 - All assertions Passed
20240531 00:58:51 INFO  [main] lighteningSalesforce.LoginAccountsTestcases LoginAccountsTestcases.java83 - ..............ended Login_Homepage()...............
20240531 00:58:51 INFO  [main] utility.SalesforceListenerUtility SalesforceListenerUtility.java38 - login_Homepage.......test execution sucess........
20240531 00:58:51 INFO  [main] utility.SalesforceListenerUtility SalesforceListenerUtility.java28 - Create_Account.......test execution started........
20240531 00:58:51 INFO  [main] lighteningSalesforce.LoginAccountsTestcases LoginAccountsTestcases.java92 - ..............started Accountpage()...............
20240531 00:59:03 INFO  [main] base.BasePage BasePage.java70 - NewButton is clickedIs enabled and clicked
20240531 00:59:04 INFO  [main] base.BasePage BasePage.java158 - AccountNameTextArea is clickedbutton is clicked
20240531 00:59:05 INFO  [main] base.BasePage BasePage.java140 - [[ChromeDriver: chrome on MAC (cdd083f040c717420a571411169647cb)] -> xpath: //input[@name='Name']]Is enabled and clicked
20240531 00:59:05 INFO  [main] base.BasePage BasePage.java144 - account field Is displayed  in textarea
20240531 00:59:05 INFO  [main] base.BasePage BasePage.java158 - Type field DropDown buttonbutton is clicked
20240531 00:59:31 INFO  [main] base.BasePage BasePage.java140 - [[ChromeDriver: chrome on MAC (cdd083f040c717420a571411169647cb)] -> xpath: //label[text()='Billing Street']//parent::lightning-textarea//textarea]Is enabled and clicked
20240531 00:59:31 INFO  [main] base.BasePage BasePage.java144 - billing street  Is displayed  in textarea
20240531 00:59:38 INFO  [main] base.BasePage BasePage.java70 - ExpirationDate ButtonIs enabled and clicked
20240531 00:59:44 INFO  [main] base.BasePage BasePage.java158 - Todays Datebutton is clicked
20240531 00:59:49 ERROR [main] utility.SalesforceListenerUtility SalesforceListenerUtility.java48 - Create_Account.......test execution completed with failure........
20240531 00:59:49 INFO  [main] base.BaseTest BaseTest.java169 - captures the screenshot
20240531 00:59:49 INFO  [main] utility.SalesforceListenerUtility SalesforceListenerUtility.java73 - .......<test> execution completed........
20240531 01:15:27 INFO  [main] utility.SalesforceListenerUtility SalesforceListenerUtility.java65 - .......<test> execution started........
20240531 01:15:27 INFO  [main] base.BaseTest BaseTest.java47 - .........BeforeMethod  executed---------------
20240531 01:15:28 INFO  [main] base.BaseTest BaseTest.java67 - Browser instance has started
20240531 01:15:31 INFO  [main] base.BaseTest BaseTest.java148 - https://login.salesforce.com/ is entered
20240531 01:15:31 INFO  [main] base.BaseTest BaseTest.java181 - Waiting until page loads within  expectedtime period
20240531 01:15:31 INFO  [main] utility.SalesforceListenerUtility SalesforceListenerUtility.java28 - login_Homepage.......test execution started........
20240531 01:15:31 INFO  [main] lighteningSalesforce.LoginAccountsTestcases LoginAccountsTestcases.java35 - ..............stated login_Homepage()...............
20240531 01:15:31 INFO  [main] base.BasePage BasePage.java217 - Current URL is = https://login.salesforce.com/
20240531 01:15:39 INFO  [main] lighteningSalesforce.LoginAccountsTestcases LoginAccountsTestcases.java47 - https://login.salesforce.com/  matched with https://login.salesforce.com/
20240531 01:15:39 INFO  [main] base.BasePage BasePage.java89 - UserName  IS WAITED FOR VISIBLITY
20240531 01:15:39 INFO  [main] base.BasePage BasePage.java140 - [[ChromeDriver: chrome on MAC (26f079a7bb83722d4a6beceee6ddd1e6)] -> xpath: //*[@id='username']]Is enabled and clicked
20240531 01:15:39 INFO  [main] base.BasePage BasePage.java144 - Username textboxIs displayed  in textarea
20240531 01:15:39 INFO  [main] lighteningSalesforce.LoginAccountsTestcases LoginAccountsTestcases.java57 - User name entered successfully
20240531 01:15:39 INFO  [main] base.BasePage BasePage.java140 - [[ChromeDriver: chrome on MAC (26f079a7bb83722d4a6beceee6ddd1e6)] -> xpath: //*[@id='password']]Is enabled and clicked
20240531 01:15:39 INFO  [main] base.BasePage BasePage.java144 - password field Is displayed  in textarea
20240531 01:15:39 INFO  [main] lighteningSalesforce.LoginAccountsTestcases LoginAccountsTestcases.java60 - Password entered successfully
20240531 01:15:47 INFO  [main] base.BasePage BasePage.java89 - Login Button IS WAITED FOR VISIBLITY
20240531 01:15:51 INFO  [main] base.BasePage BasePage.java70 - Login ButtonIs enabled and clicked
20240531 01:15:51 INFO  [main] lighteningSalesforce.LoginAccountsTestcases LoginAccountsTestcases.java73 - Lightning Experience  matched with Lightning Experience
20240531 01:15:51 INFO  [main] lighteningSalesforce.LoginAccountsTestcases LoginAccountsTestcases.java81 - All assertions Passed
20240531 01:15:51 INFO  [main] lighteningSalesforce.LoginAccountsTestcases LoginAccountsTestcases.java83 - ..............ended Login_Homepage()...............
20240531 01:15:51 INFO  [main] utility.SalesforceListenerUtility SalesforceListenerUtility.java38 - login_Homepage.......test execution sucess........
20240531 01:15:51 INFO  [main] utility.SalesforceListenerUtility SalesforceListenerUtility.java73 - .......<test> execution completed........
20240531 01:16:53 INFO  [main] utility.SalesforceListenerUtility SalesforceListenerUtility.java65 - .......<test> execution started........
20240531 01:16:53 INFO  [main] base.BaseTest BaseTest.java47 - .........BeforeMethod  executed---------------
20240531 01:16:54 INFO  [main] base.BaseTest BaseTest.java67 - Browser instance has started
20240531 01:16:56 INFO  [main] base.BaseTest BaseTest.java148 - https://login.salesforce.com/ is entered
20240531 01:16:56 INFO  [main] base.BaseTest BaseTest.java181 - Waiting until page loads within  expectedtime period
20240531 01:16:56 INFO  [main] utility.SalesforceListenerUtility SalesforceListenerUtility.java28 - login_Homepage.......test execution started........
20240531 01:16:56 INFO  [main] lighteningSalesforce.LoginAccountsTestcases LoginAccountsTestcases.java35 - ..............stated login_Homepage()...............
20240531 01:16:56 INFO  [main] base.BasePage BasePage.java217 - Current URL is = https://login.salesforce.com/
20240531 01:17:04 INFO  [main] lighteningSalesforce.LoginAccountsTestcases LoginAccountsTestcases.java47 - https://login.salesforce.com/  matched with https://login.salesforce.com/
20240531 01:17:04 INFO  [main] base.BasePage BasePage.java89 - UserName  IS WAITED FOR VISIBLITY
20240531 01:17:04 INFO  [main] base.BasePage BasePage.java140 - [[ChromeDriver: chrome on MAC (565b194bc6f40d804ae206d68ce96992)] -> xpath: //*[@id='username']]Is enabled and clicked
20240531 01:17:04 INFO  [main] base.BasePage BasePage.java144 - Username textboxIs displayed  in textarea
20240531 01:17:04 INFO  [main] lighteningSalesforce.LoginAccountsTestcases LoginAccountsTestcases.java57 - User name entered successfully
20240531 01:17:04 INFO  [main] base.BasePage BasePage.java140 - [[ChromeDriver: chrome on MAC (565b194bc6f40d804ae206d68ce96992)] -> xpath: //*[@id='password']]Is enabled and clicked
20240531 01:17:04 INFO  [main] base.BasePage BasePage.java144 - password field Is displayed  in textarea
20240531 01:17:04 INFO  [main] lighteningSalesforce.LoginAccountsTestcases LoginAccountsTestcases.java60 - Password entered successfully
20240531 01:17:12 INFO  [main] base.BasePage BasePage.java89 - Login Button IS WAITED FOR VISIBLITY
20240531 01:17:17 INFO  [main] base.BasePage BasePage.java70 - Login ButtonIs enabled and clicked
20240531 01:17:17 INFO  [main] lighteningSalesforce.LoginAccountsTestcases LoginAccountsTestcases.java73 - Lightning Experience  matched with Lightning Experience
20240531 01:17:17 INFO  [main] lighteningSalesforce.LoginAccountsTestcases LoginAccountsTestcases.java81 - All assertions Passed
20240531 01:17:17 INFO  [main] lighteningSalesforce.LoginAccountsTestcases LoginAccountsTestcases.java83 - ..............ended Login_Homepage()...............
20240531 01:17:18 INFO  [main] utility.SalesforceListenerUtility SalesforceListenerUtility.java38 - login_Homepage.......test execution sucess........
20240531 01:17:18 INFO  [main] utility.SalesforceListenerUtility SalesforceListenerUtility.java28 - Create_Account.......test execution started........
20240531 01:17:18 INFO  [main] lighteningSalesforce.LoginAccountsTestcases LoginAccountsTestcases.java92 - ..............started Accountpage()...............
20240531 01:17:30 INFO  [main] base.BasePage BasePage.java70 - NewButton is clickedIs enabled and clicked
20240531 01:17:31 INFO  [main] base.BasePage BasePage.java158 - AccountNameTextArea is clickedbutton is clicked
20240531 01:17:32 INFO  [main] base.BasePage BasePage.java140 - [[ChromeDriver: chrome on MAC (565b194bc6f40d804ae206d68ce96992)] -> xpath: //input[@name='Name']]Is enabled and clicked
20240531 01:17:32 INFO  [main] base.BasePage BasePage.java144 - account field Is displayed  in textarea
20240531 01:17:32 INFO  [main] base.BasePage BasePage.java158 - Type field DropDown buttonbutton is clicked
20240531 01:17:58 INFO  [main] base.BasePage BasePage.java140 - [[ChromeDriver: chrome on MAC (565b194bc6f40d804ae206d68ce96992)] -> xpath: //label[text()='Billing Street']//parent::lightning-textarea//textarea]Is enabled and clicked
20240531 01:17:58 INFO  [main] base.BasePage BasePage.java144 - billing street  Is displayed  in textarea
20240531 01:18:05 INFO  [main] base.BasePage BasePage.java70 - ExpirationDate ButtonIs enabled and clicked
20240531 01:18:10 INFO  [main] base.BasePage BasePage.java158 - Todays Datebutton is clicked
20240531 01:18:15 INFO  [main] base.BasePage BasePage.java113 -  IS WAITED FOR clickable
20240531 01:18:23 ERROR [main] base.BasePage BasePage.java117 -  did not become visible within the specified timeExpected condition failed: waiting for element to be clickable: [[ChromeDriver: chrome on MAC (565b194bc6f40d804ae206d68ce96992)] -> xpath: //button[text()='Save']] (tried for 8 second(s) with 500 milliseconds interval)
Build info: version: '3.141.59', revision: 'e82be7d358', time: '2018-11-14T08:17:03'
System info: host: 'Nitins-MacBook-Pro.local', ip: '2601:646:8084:4d20:0:0:0:af3b%en0', os.name: 'Mac OS X', os.arch: 'x86_64', os.version: '10.16', java.version: '11.0.9'
Driver info: org.openqa.selenium.chrome.ChromeDriver
Capabilities {acceptInsecureCerts: false, browserName: chrome, browserVersion: 125.0.6422.141, chrome: {chromedriverVersion: 125.0.6422.141 (4b1e8393712..., userDataDir: /var/folders/gx/qjsbcn6d6d3...}, fedcm:accounts: true, goog:chromeOptions: {debuggerAddress: localhost:62246}, javascriptEnabled: true, networkConnectionEnabled: false, pageLoadStrategy: normal, platform: MAC, platformName: MAC, proxy: Proxy(), setWindowRect: true, strictFileInteractability: false, timeouts: {implicit: 0, pageLoad: 300000, script: 30000}, unhandledPromptBehavior: dismiss and notify, webauthn:extension:credBlob: true, webauthn:extension:largeBlob: true, webauthn:extension:minPinLength: true, webauthn:extension:prf: true, webauthn:virtualAuthenticators: true}
Session ID: 565b194bc6f40d804ae206d68ce96992
20240531 01:18:23 ERROR [main] utility.SalesforceListenerUtility SalesforceListenerUtility.java48 - Create_Account.......test execution completed with failure........
20240531 01:18:24 INFO  [main] base.BaseTest BaseTest.java169 - captures the screenshot
20240531 01:18:24 INFO  [main] utility.SalesforceListenerUtility SalesforceListenerUtility.java73 - .......<test> execution completed........
20240531 01:19:02 INFO  [main] utility.SalesforceListenerUtility SalesforceListenerUtility.java65 - .......<test> execution started........
20240531 01:19:02 INFO  [main] base.BaseTest BaseTest.java47 - .........BeforeMethod  executed---------------
20240531 01:19:02 INFO  [main] base.BaseTest BaseTest.java67 - Browser instance has started
20240531 01:19:05 INFO  [main] base.BaseTest BaseTest.java148 - https://login.salesforce.com/ is entered
20240531 01:19:05 INFO  [main] base.BaseTest BaseTest.java181 - Waiting until page loads within  expectedtime period
20240531 01:19:05 INFO  [main] utility.SalesforceListenerUtility SalesforceListenerUtility.java28 - login_Homepage.......test execution started........
20240531 01:19:05 INFO  [main] lighteningSalesforce.LoginAccountsTestcases LoginAccountsTestcases.java35 - ..............stated login_Homepage()...............
20240531 01:19:05 INFO  [main] base.BasePage BasePage.java217 - Current URL is = https://login.salesforce.com/
20240531 01:19:13 INFO  [main] lighteningSalesforce.LoginAccountsTestcases LoginAccountsTestcases.java47 - https://login.salesforce.com/  matched with https://login.salesforce.com/
20240531 01:19:13 INFO  [main] base.BasePage BasePage.java89 - UserName  IS WAITED FOR VISIBLITY
20240531 01:19:13 INFO  [main] base.BasePage BasePage.java140 - [[ChromeDriver: chrome on MAC (28d4195f64341fc7565b31beb0e90007)] -> xpath: //*[@id='username']]Is enabled and clicked
20240531 01:19:13 INFO  [main] base.BasePage BasePage.java144 - Username textboxIs displayed  in textarea
20240531 01:19:13 INFO  [main] lighteningSalesforce.LoginAccountsTestcases LoginAccountsTestcases.java57 - User name entered successfully
20240531 01:19:13 INFO  [main] base.BasePage BasePage.java140 - [[ChromeDriver: chrome on MAC (28d4195f64341fc7565b31beb0e90007)] -> xpath: //*[@id='password']]Is enabled and clicked
20240531 01:19:13 INFO  [main] base.BasePage BasePage.java144 - password field Is displayed  in textarea
20240531 01:19:13 INFO  [main] lighteningSalesforce.LoginAccountsTestcases LoginAccountsTestcases.java60 - Password entered successfully
20240531 01:19:21 INFO  [main] base.BasePage BasePage.java89 - Login Button IS WAITED FOR VISIBLITY
20240531 01:19:27 INFO  [main] base.BasePage BasePage.java70 - Login ButtonIs enabled and clicked
20240531 01:19:27 INFO  [main] lighteningSalesforce.LoginAccountsTestcases LoginAccountsTestcases.java73 - Lightning Experience  matched with Lightning Experience
20240531 01:19:27 INFO  [main] lighteningSalesforce.LoginAccountsTestcases LoginAccountsTestcases.java81 - All assertions Passed
20240531 01:19:27 INFO  [main] lighteningSalesforce.LoginAccountsTestcases LoginAccountsTestcases.java83 - ..............ended Login_Homepage()...............
20240531 01:19:27 INFO  [main] utility.SalesforceListenerUtility SalesforceListenerUtility.java38 - login_Homepage.......test execution sucess........
20240531 01:19:27 INFO  [main] utility.SalesforceListenerUtility SalesforceListenerUtility.java28 - Create_Account.......test execution started........
20240531 01:19:27 INFO  [main] lighteningSalesforce.LoginAccountsTestcases LoginAccountsTestcases.java92 - ..............started Accountpage()...............
20240531 01:19:39 INFO  [main] base.BasePage BasePage.java70 - NewButton is clickedIs enabled and clicked
20240531 01:19:40 INFO  [main] base.BasePage BasePage.java158 - AccountNameTextArea is clickedbutton is clicked
20240531 01:19:41 INFO  [main] base.BasePage BasePage.java140 - [[ChromeDriver: chrome on MAC (28d4195f64341fc7565b31beb0e90007)] -> xpath: //input[@name='Name']]Is enabled and clicked
20240531 01:19:41 INFO  [main] base.BasePage BasePage.java144 - account field Is displayed  in textarea
20240531 01:19:41 INFO  [main] base.BasePage BasePage.java158 - Type field DropDown buttonbutton is clicked
20240531 01:20:07 INFO  [main] base.BasePage BasePage.java140 - [[ChromeDriver: chrome on MAC (28d4195f64341fc7565b31beb0e90007)] -> xpath: //label[text()='Billing Street']//parent::lightning-textarea//textarea]Is enabled and clicked
20240531 01:20:07 INFO  [main] base.BasePage BasePage.java144 - billing street  Is displayed  in textarea
20240531 01:20:14 INFO  [main] base.BasePage BasePage.java70 - ExpirationDate ButtonIs enabled and clicked
20240531 01:20:20 INFO  [main] base.BasePage BasePage.java158 - Todays Datebutton is clicked
20240531 01:20:25 ERROR [main] utility.SalesforceListenerUtility SalesforceListenerUtility.java48 - Create_Account.......test execution completed with failure........
20240531 01:20:25 INFO  [main] base.BaseTest BaseTest.java169 - captures the screenshot
20240531 01:20:25 INFO  [main] utility.SalesforceListenerUtility SalesforceListenerUtility.java73 - .......<test> execution completed........
20240531 01:27:18 INFO  [main] utility.SalesforceListenerUtility SalesforceListenerUtility.java65 - .......<test> execution started........
20240531 01:27:19 INFO  [main] base.BaseTest BaseTest.java47 - .........BeforeMethod  executed---------------
20240531 01:27:19 INFO  [main] base.BaseTest BaseTest.java67 - Browser instance has started
20240531 01:27:22 INFO  [main] base.BaseTest BaseTest.java148 - https://login.salesforce.com/ is entered
20240531 01:27:22 INFO  [main] base.BaseTest BaseTest.java181 - Waiting until page loads within  expectedtime period
20240531 01:27:22 INFO  [main] utility.SalesforceListenerUtility SalesforceListenerUtility.java28 - login_Homepage.......test execution started........
20240531 01:27:22 INFO  [main] lighteningSalesforce.LoginAccountsTestcases LoginAccountsTestcases.java35 - ..............stated login_Homepage()...............
20240531 01:27:22 INFO  [main] base.BasePage BasePage.java217 - Current URL is = https://login.salesforce.com/
20240531 01:27:30 INFO  [main] lighteningSalesforce.LoginAccountsTestcases LoginAccountsTestcases.java47 - https://login.salesforce.com/  matched with https://login.salesforce.com/
20240531 01:27:30 INFO  [main] base.BasePage BasePage.java89 - UserName  IS WAITED FOR VISIBLITY
20240531 01:27:30 INFO  [main] base.BasePage BasePage.java140 - [[ChromeDriver: chrome on MAC (b44fe038c6f54e1ff1084574aab380b6)] -> xpath: //*[@id='username']]Is enabled and clicked
20240531 01:27:30 INFO  [main] base.BasePage BasePage.java144 - Username textboxIs displayed  in textarea
20240531 01:27:30 INFO  [main] lighteningSalesforce.LoginAccountsTestcases LoginAccountsTestcases.java57 - User name entered successfully
20240531 01:27:30 INFO  [main] base.BasePage BasePage.java140 - [[ChromeDriver: chrome on MAC (b44fe038c6f54e1ff1084574aab380b6)] -> xpath: //*[@id='password']]Is enabled and clicked
20240531 01:27:30 INFO  [main] base.BasePage BasePage.java144 - password field Is displayed  in textarea
20240531 01:27:30 INFO  [main] lighteningSalesforce.LoginAccountsTestcases LoginAccountsTestcases.java60 - Password entered successfully
20240531 01:27:38 INFO  [main] base.BasePage BasePage.java89 - Login Button IS WAITED FOR VISIBLITY
20240531 01:27:44 INFO  [main] base.BasePage BasePage.java70 - Login ButtonIs enabled and clicked
20240531 01:27:44 INFO  [main] lighteningSalesforce.LoginAccountsTestcases LoginAccountsTestcases.java73 - Lightning Experience  matched with Lightning Experience
20240531 01:27:44 INFO  [main] lighteningSalesforce.LoginAccountsTestcases LoginAccountsTestcases.java81 - All assertions Passed
20240531 01:27:44 INFO  [main] lighteningSalesforce.LoginAccountsTestcases LoginAccountsTestcases.java83 - ..............ended Login_Homepage()...............
20240531 01:27:44 INFO  [main] utility.SalesforceListenerUtility SalesforceListenerUtility.java38 - login_Homepage.......test execution sucess........
20240531 01:27:44 INFO  [main] utility.SalesforceListenerUtility SalesforceListenerUtility.java28 - Create_Account.......test execution started........
20240531 01:27:44 INFO  [main] lighteningSalesforce.LoginAccountsTestcases LoginAccountsTestcases.java92 - ..............started Accountpage()...............
20240531 01:27:56 INFO  [main] base.BasePage BasePage.java70 - NewButton is clickedIs enabled and clicked
20240531 01:27:57 INFO  [main] base.BasePage BasePage.java158 - AccountNameTextArea is clickedbutton is clicked
20240531 01:27:58 INFO  [main] base.BasePage BasePage.java140 - [[ChromeDriver: chrome on MAC (b44fe038c6f54e1ff1084574aab380b6)] -> xpath: //input[@name='Name']]Is enabled and clicked
20240531 01:27:58 INFO  [main] base.BasePage BasePage.java144 - account field Is displayed  in textarea
20240531 01:27:58 INFO  [main] base.BasePage BasePage.java158 - Type field DropDown buttonbutton is clicked
20240531 01:28:24 INFO  [main] base.BasePage BasePage.java140 - [[ChromeDriver: chrome on MAC (b44fe038c6f54e1ff1084574aab380b6)] -> xpath: //label[text()='Billing Street']//parent::lightning-textarea//textarea]Is enabled and clicked
20240531 01:28:24 INFO  [main] base.BasePage BasePage.java144 - billing street  Is displayed  in textarea
20240531 01:28:32 INFO  [main] base.BasePage BasePage.java70 - ExpirationDate ButtonIs enabled and clicked
20240531 01:28:37 INFO  [main] base.BasePage BasePage.java158 - Todays Datebutton is clicked
20240531 01:28:42 ERROR [main] utility.SalesforceListenerUtility SalesforceListenerUtility.java48 - Create_Account.......test execution completed with failure........
20240531 01:28:42 INFO  [main] base.BaseTest BaseTest.java169 - captures the screenshot
20240531 01:28:42 INFO  [main] utility.SalesforceListenerUtility SalesforceListenerUtility.java73 - .......<test> execution completed........
20240531 01:30:21 INFO  [main] utility.SalesforceListenerUtility SalesforceListenerUtility.java65 - .......<test> execution started........
20240531 01:30:22 INFO  [main] base.BaseTest BaseTest.java47 - .........BeforeMethod  executed---------------
20240531 01:30:22 INFO  [main] base.BaseTest BaseTest.java67 - Browser instance has started
20240531 01:30:25 INFO  [main] base.BaseTest BaseTest.java148 - https://login.salesforce.com/ is entered
20240531 01:30:25 INFO  [main] base.BaseTest BaseTest.java181 - Waiting until page loads within  expectedtime period
20240531 01:30:25 INFO  [main] utility.SalesforceListenerUtility SalesforceListenerUtility.java28 - login_Homepage.......test execution started........
20240531 01:30:25 INFO  [main] lighteningSalesforce.LoginAccountsTestcases LoginAccountsTestcases.java35 - ..............stated login_Homepage()...............
20240531 01:30:25 INFO  [main] base.BasePage BasePage.java217 - Current URL is = https://login.salesforce.com/
20240531 01:30:33 INFO  [main] lighteningSalesforce.LoginAccountsTestcases LoginAccountsTestcases.java47 - https://login.salesforce.com/  matched with https://login.salesforce.com/
20240531 01:30:33 INFO  [main] base.BasePage BasePage.java89 - UserName  IS WAITED FOR VISIBLITY
20240531 01:30:33 INFO  [main] base.BasePage BasePage.java140 - [[ChromeDriver: chrome on MAC (d6bd6fec665a74e76b40bd20ff0c40f2)] -> xpath: //*[@id='username']]Is enabled and clicked
20240531 01:30:33 INFO  [main] base.BasePage BasePage.java144 - Username textboxIs displayed  in textarea
20240531 01:30:33 INFO  [main] lighteningSalesforce.LoginAccountsTestcases LoginAccountsTestcases.java57 - User name entered successfully
20240531 01:30:33 INFO  [main] base.BasePage BasePage.java140 - [[ChromeDriver: chrome on MAC (d6bd6fec665a74e76b40bd20ff0c40f2)] -> xpath: //*[@id='password']]Is enabled and clicked
20240531 01:30:33 INFO  [main] base.BasePage BasePage.java144 - password field Is displayed  in textarea
20240531 01:30:33 INFO  [main] lighteningSalesforce.LoginAccountsTestcases LoginAccountsTestcases.java60 - Password entered successfully
20240531 01:30:41 INFO  [main] base.BasePage BasePage.java89 - Login Button IS WAITED FOR VISIBLITY
20240531 01:30:47 INFO  [main] base.BasePage BasePage.java70 - Login ButtonIs enabled and clicked
20240531 01:30:47 INFO  [main] lighteningSalesforce.LoginAccountsTestcases LoginAccountsTestcases.java73 - Lightning Experience  matched with Lightning Experience
20240531 01:30:47 INFO  [main] lighteningSalesforce.LoginAccountsTestcases LoginAccountsTestcases.java81 - All assertions Passed
20240531 01:30:47 INFO  [main] lighteningSalesforce.LoginAccountsTestcases LoginAccountsTestcases.java83 - ..............ended Login_Homepage()...............
20240531 01:30:47 INFO  [main] utility.SalesforceListenerUtility SalesforceListenerUtility.java38 - login_Homepage.......test execution sucess........
20240531 01:30:47 INFO  [main] utility.SalesforceListenerUtility SalesforceListenerUtility.java28 - Create_Account.......test execution started........
20240531 01:30:47 INFO  [main] lighteningSalesforce.LoginAccountsTestcases LoginAccountsTestcases.java92 - ..............started Accountpage()...............
20240531 01:31:00 INFO  [main] base.BasePage BasePage.java70 - NewButton is clickedIs enabled and clicked
20240531 01:31:01 INFO  [main] base.BasePage BasePage.java158 - AccountNameTextArea is clickedbutton is clicked
20240531 01:31:01 INFO  [main] base.BasePage BasePage.java140 - [[ChromeDriver: chrome on MAC (d6bd6fec665a74e76b40bd20ff0c40f2)] -> xpath: //input[@name='Name']]Is enabled and clicked
20240531 01:31:01 INFO  [main] base.BasePage BasePage.java144 - account field Is displayed  in textarea
20240531 01:31:02 INFO  [main] base.BasePage BasePage.java158 - Type field DropDown buttonbutton is clicked
20240531 01:32:03 INFO  [main] base.BasePage BasePage.java140 - [[ChromeDriver: chrome on MAC (d6bd6fec665a74e76b40bd20ff0c40f2)] -> xpath: //label[text()='Billing Street']//parent::lightning-textarea//textarea]Is enabled and clicked
20240531 01:32:03 INFO  [main] base.BasePage BasePage.java144 - billing street  Is displayed  in textarea
20240531 01:32:10 INFO  [main] base.BasePage BasePage.java70 - ExpirationDate ButtonIs enabled and clicked
20240531 01:32:15 INFO  [main] base.BasePage BasePage.java158 - Todays Datebutton is clicked
20240531 01:32:25 INFO  [main] utility.SalesforceListenerUtility SalesforceListenerUtility.java38 - Create_Account.......test execution sucess........
20240531 01:32:26 INFO  [main] utility.SalesforceListenerUtility SalesforceListenerUtility.java73 - .......<test> execution completed........
20240531 01:34:02 INFO  [main] utility.SalesforceListenerUtility SalesforceListenerUtility.java65 - .......<test> execution started........
20240531 01:34:02 INFO  [main] base.BaseTest BaseTest.java47 - .........BeforeMethod  executed---------------
20240531 01:34:03 INFO  [main] base.BaseTest BaseTest.java67 - Browser instance has started
20240531 01:34:05 INFO  [main] base.BaseTest BaseTest.java148 - https://login.salesforce.com/ is entered
20240531 01:34:05 INFO  [main] base.BaseTest BaseTest.java181 - Waiting until page loads within  expectedtime period
20240531 01:34:05 INFO  [main] utility.SalesforceListenerUtility SalesforceListenerUtility.java28 - login_Homepage.......test execution started........
20240531 01:34:05 INFO  [main] lighteningSalesforce.LoginAccountsTestcases LoginAccountsTestcases.java35 - ..............stated login_Homepage()...............
20240531 01:34:05 INFO  [main] base.BasePage BasePage.java217 - Current URL is = https://login.salesforce.com/
20240531 01:34:13 INFO  [main] lighteningSalesforce.LoginAccountsTestcases LoginAccountsTestcases.java47 - https://login.salesforce.com/  matched with https://login.salesforce.com/
20240531 01:34:13 INFO  [main] base.BasePage BasePage.java89 - UserName  IS WAITED FOR VISIBLITY
20240531 01:34:13 INFO  [main] base.BasePage BasePage.java140 - [[ChromeDriver: chrome on MAC (b4307dfe3165cbdcd4c70837a33d5423)] -> xpath: //*[@id='username']]Is enabled and clicked
20240531 01:34:14 INFO  [main] base.BasePage BasePage.java144 - Username textboxIs displayed  in textarea
20240531 01:34:14 INFO  [main] lighteningSalesforce.LoginAccountsTestcases LoginAccountsTestcases.java57 - User name entered successfully
20240531 01:34:14 INFO  [main] base.BasePage BasePage.java140 - [[ChromeDriver: chrome on MAC (b4307dfe3165cbdcd4c70837a33d5423)] -> xpath: //*[@id='password']]Is enabled and clicked
20240531 01:34:14 INFO  [main] base.BasePage BasePage.java144 - password field Is displayed  in textarea
20240531 01:34:14 INFO  [main] lighteningSalesforce.LoginAccountsTestcases LoginAccountsTestcases.java60 - Password entered successfully
20240531 01:34:22 INFO  [main] base.BasePage BasePage.java89 - Login Button IS WAITED FOR VISIBLITY
20240531 01:34:24 INFO  [main] base.BasePage BasePage.java70 - Login ButtonIs enabled and clicked
20240531 01:34:27 INFO  [main] lighteningSalesforce.LoginAccountsTestcases LoginAccountsTestcases.java73 - Lightning Experience  matched with Lightning Experience
20240531 01:34:27 INFO  [main] lighteningSalesforce.LoginAccountsTestcases LoginAccountsTestcases.java81 - All assertions Passed
20240531 01:34:27 INFO  [main] lighteningSalesforce.LoginAccountsTestcases LoginAccountsTestcases.java83 - ..............ended Login_Homepage()...............
20240531 01:34:27 INFO  [main] utility.SalesforceListenerUtility SalesforceListenerUtility.java38 - login_Homepage.......test execution sucess........
20240531 01:34:27 INFO  [main] utility.SalesforceListenerUtility SalesforceListenerUtility.java28 - Create_Account.......test execution started........
20240531 01:34:28 INFO  [main] lighteningSalesforce.LoginAccountsTestcases LoginAccountsTestcases.java92 - ..............started Accountpage()...............
20240531 01:34:40 INFO  [main] base.BasePage BasePage.java70 - NewButton is clickedIs enabled and clicked
20240531 01:34:41 INFO  [main] base.BasePage BasePage.java158 - AccountNameTextArea is clickedbutton is clicked
20240531 01:34:42 INFO  [main] base.BasePage BasePage.java140 - [[ChromeDriver: chrome on MAC (b4307dfe3165cbdcd4c70837a33d5423)] -> xpath: //input[@name='Name']]Is enabled and clicked
20240531 01:34:42 INFO  [main] base.BasePage BasePage.java144 - account field Is displayed  in textarea
20240531 01:34:42 INFO  [main] base.BasePage BasePage.java158 - Type field DropDown buttonbutton is clicked
20240531 01:35:08 INFO  [main] base.BasePage BasePage.java140 - [[ChromeDriver: chrome on MAC (b4307dfe3165cbdcd4c70837a33d5423)] -> xpath: //label[text()='Billing Street']//parent::lightning-textarea//textarea]Is enabled and clicked
20240531 01:35:08 INFO  [main] base.BasePage BasePage.java144 - billing street  Is displayed  in textarea
20240531 01:35:15 INFO  [main] base.BasePage BasePage.java70 - ExpirationDate ButtonIs enabled and clicked
20240531 01:35:20 INFO  [main] base.BasePage BasePage.java158 - Todays Datebutton is clicked
20240531 01:35:25 INFO  [main] utility.SalesforceListenerUtility SalesforceListenerUtility.java38 - Create_Account.......test execution sucess........
20240531 01:35:26 INFO  [main] utility.SalesforceListenerUtility SalesforceListenerUtility.java73 - .......<test> execution completed........
20240531 01:45:50 INFO  [main] utility.SalesforceListenerUtility SalesforceListenerUtility.java65 - .......<test> execution started........
20240531 01:45:50 INFO  [main] base.BaseTest BaseTest.java47 - .........BeforeMethod  executed---------------
20240531 01:45:50 INFO  [main] base.BaseTest BaseTest.java67 - Browser instance has started
20240531 01:45:53 INFO  [main] base.BaseTest BaseTest.java148 - https://login.salesforce.com/ is entered
20240531 01:45:53 INFO  [main] base.BaseTest BaseTest.java181 - Waiting until page loads within  expectedtime period
20240531 01:45:53 INFO  [main] utility.SalesforceListenerUtility SalesforceListenerUtility.java28 - login_Homepage.......test execution started........
20240531 01:45:53 INFO  [main] lighteningSalesforce.LoginAccountsTestcases LoginAccountsTestcases.java35 - ..............stated login_Homepage()...............
20240531 01:45:53 INFO  [main] base.BasePage BasePage.java217 - Current URL is = https://login.salesforce.com/
20240531 01:46:01 INFO  [main] lighteningSalesforce.LoginAccountsTestcases LoginAccountsTestcases.java47 - https://login.salesforce.com/  matched with https://login.salesforce.com/
20240531 01:46:01 INFO  [main] base.BasePage BasePage.java89 - UserName  IS WAITED FOR VISIBLITY
20240531 01:46:01 INFO  [main] base.BasePage BasePage.java140 - [[ChromeDriver: chrome on MAC (b0961c5a9c61b6d2b9f7093094f92389)] -> xpath: //*[@id='username']]Is enabled and clicked
20240531 01:46:01 INFO  [main] base.BasePage BasePage.java144 - Username textboxIs displayed  in textarea
20240531 01:46:01 INFO  [main] lighteningSalesforce.LoginAccountsTestcases LoginAccountsTestcases.java57 - User name entered successfully
20240531 01:46:01 INFO  [main] base.BasePage BasePage.java140 - [[ChromeDriver: chrome on MAC (b0961c5a9c61b6d2b9f7093094f92389)] -> xpath: //*[@id='password']]Is enabled and clicked
20240531 01:46:01 INFO  [main] base.BasePage BasePage.java144 - password field Is displayed  in textarea
20240531 01:46:01 INFO  [main] lighteningSalesforce.LoginAccountsTestcases LoginAccountsTestcases.java60 - Password entered successfully
20240531 01:46:09 INFO  [main] base.BasePage BasePage.java89 - Login Button IS WAITED FOR VISIBLITY
20240531 01:46:15 INFO  [main] base.BasePage BasePage.java70 - Login ButtonIs enabled and clicked
20240531 01:46:15 INFO  [main] lighteningSalesforce.LoginAccountsTestcases LoginAccountsTestcases.java73 - Lightning Experience  matched with Lightning Experience
20240531 01:46:15 INFO  [main] lighteningSalesforce.LoginAccountsTestcases LoginAccountsTestcases.java81 - All assertions Passed
20240531 01:46:15 INFO  [main] lighteningSalesforce.LoginAccountsTestcases LoginAccountsTestcases.java83 - ..............ended Login_Homepage()...............
20240531 01:46:15 INFO  [main] utility.SalesforceListenerUtility SalesforceListenerUtility.java38 - login_Homepage.......test execution sucess........
20240531 01:46:15 INFO  [main] utility.SalesforceListenerUtility SalesforceListenerUtility.java28 - Create_Account.......test execution started........
20240531 01:46:15 INFO  [main] lighteningSalesforce.LoginAccountsTestcases LoginAccountsTestcases.java92 - ..............started Accountpage()...............
20240531 01:46:27 INFO  [main] base.BasePage BasePage.java70 - NewButton is clickedIs enabled and clicked
20240531 01:46:28 INFO  [main] base.BasePage BasePage.java158 - AccountNameTextArea is clickedbutton is clicked
20240531 01:46:29 INFO  [main] base.BasePage BasePage.java140 - [[ChromeDriver: chrome on MAC (b0961c5a9c61b6d2b9f7093094f92389)] -> xpath: //input[@name='Name']]Is enabled and clicked
20240531 01:46:29 INFO  [main] base.BasePage BasePage.java144 - account field Is displayed  in textarea
20240531 01:46:29 INFO  [main] base.BasePage BasePage.java158 - Type field DropDown buttonbutton is clicked
20240531 01:46:56 INFO  [main] base.BasePage BasePage.java140 - [[ChromeDriver: chrome on MAC (b0961c5a9c61b6d2b9f7093094f92389)] -> xpath: //label[text()='Billing Street']//parent::lightning-textarea//textarea]Is enabled and clicked
20240531 01:46:56 INFO  [main] base.BasePage BasePage.java144 - billing street  Is displayed  in textarea
20240531 01:47:03 INFO  [main] base.BasePage BasePage.java70 - ExpirationDate ButtonIs enabled and clicked
20240531 01:47:08 INFO  [main] base.BasePage BasePage.java158 - Todays Datebutton is clicked
20240531 01:47:13 INFO  [main] utility.SalesforceListenerUtility SalesforceListenerUtility.java38 - Create_Account.......test execution sucess........
20240531 01:47:13 INFO  [main] utility.SalesforceListenerUtility SalesforceListenerUtility.java73 - .......<test> execution completed........
20240531 02:23:21 INFO  [main] utility.SalesforceListenerUtility SalesforceListenerUtility.java65 - .......<test> execution started........
20240531 02:23:21 INFO  [main] base.BaseTest BaseTest.java47 - .........BeforeMethod  executed---------------
20240531 02:23:22 INFO  [main] base.BaseTest BaseTest.java67 - Browser instance has started
20240531 02:23:24 INFO  [main] base.BaseTest BaseTest.java148 - https://login.salesforce.com/ is entered
20240531 02:23:24 INFO  [main] base.BaseTest BaseTest.java181 - Waiting until page loads within  expectedtime period
20240531 02:23:24 INFO  [main] utility.SalesforceListenerUtility SalesforceListenerUtility.java28 - login_Homepage.......test execution started........
20240531 02:23:24 INFO  [main] lighteningSalesforce.LoginAccountsTestcases LoginAccountsTestcases.java37 - ..............stated login_Homepage()...............
20240531 02:23:25 INFO  [main] base.BasePage BasePage.java217 - Current URL is = https://login.salesforce.com/
20240531 02:23:33 INFO  [main] lighteningSalesforce.LoginAccountsTestcases LoginAccountsTestcases.java49 - https://login.salesforce.com/  matched with https://login.salesforce.com/
20240531 02:23:33 INFO  [main] base.BasePage BasePage.java89 - UserName  IS WAITED FOR VISIBLITY
20240531 02:23:33 INFO  [main] base.BasePage BasePage.java140 - [[ChromeDriver: chrome on MAC (5a5f717c5d776f3b5caf98fb6c18df72)] -> xpath: //*[@id='username']]Is enabled and clicked
20240531 02:23:33 INFO  [main] base.BasePage BasePage.java144 - Username textboxIs displayed  in textarea
20240531 02:23:33 INFO  [main] lighteningSalesforce.LoginAccountsTestcases LoginAccountsTestcases.java59 - User name entered successfully
20240531 02:23:33 INFO  [main] base.BasePage BasePage.java140 - [[ChromeDriver: chrome on MAC (5a5f717c5d776f3b5caf98fb6c18df72)] -> xpath: //*[@id='password']]Is enabled and clicked
20240531 02:23:33 INFO  [main] base.BasePage BasePage.java144 - password field Is displayed  in textarea
20240531 02:23:33 INFO  [main] lighteningSalesforce.LoginAccountsTestcases LoginAccountsTestcases.java62 - Password entered successfully
20240531 02:23:41 INFO  [main] base.BasePage BasePage.java89 - Login Button IS WAITED FOR VISIBLITY
20240531 02:23:48 INFO  [main] base.BasePage BasePage.java70 - Login ButtonIs enabled and clicked
20240531 02:23:48 INFO  [main] lighteningSalesforce.LoginAccountsTestcases LoginAccountsTestcases.java75 - Lightning Experience  matched with Lightning Experience
20240531 02:23:48 INFO  [main] lighteningSalesforce.LoginAccountsTestcases LoginAccountsTestcases.java83 - All assertions Passed
20240531 02:23:48 INFO  [main] lighteningSalesforce.LoginAccountsTestcases LoginAccountsTestcases.java85 - ..............ended Login_Homepage()...............
20240531 02:23:48 INFO  [main] utility.SalesforceListenerUtility SalesforceListenerUtility.java38 - login_Homepage.......test execution sucess........
20240531 02:23:48 INFO  [main] utility.SalesforceListenerUtility SalesforceListenerUtility.java28 - Create_Account.......test execution started........
20240531 02:23:48 INFO  [main] lighteningSalesforce.LoginAccountsTestcases LoginAccountsTestcases.java94 - ..............started Accountpage()...............
20240531 02:24:00 INFO  [main] base.BasePage BasePage.java70 - NewButton is clickedIs enabled and clicked
20240531 02:24:01 INFO  [main] base.BasePage BasePage.java158 - AccountNameTextArea is clickedbutton is clicked
20240531 02:24:02 INFO  [main] base.BasePage BasePage.java140 - [[ChromeDriver: chrome on MAC (5a5f717c5d776f3b5caf98fb6c18df72)] -> xpath: //input[@name='Name']]Is enabled and clicked
20240531 02:24:02 INFO  [main] base.BasePage BasePage.java144 - account field Is displayed  in textarea
20240531 02:24:02 INFO  [main] base.BasePage BasePage.java158 - Type field DropDown buttonbutton is clicked
20240531 02:24:28 INFO  [main] base.BasePage BasePage.java140 - [[ChromeDriver: chrome on MAC (5a5f717c5d776f3b5caf98fb6c18df72)] -> xpath: //label[text()='Billing Street']//parent::lightning-textarea//textarea]Is enabled and clicked
20240531 02:24:28 INFO  [main] base.BasePage BasePage.java144 - billing street  Is displayed  in textarea
20240531 02:24:35 INFO  [main] base.BasePage BasePage.java70 - ExpirationDate ButtonIs enabled and clicked
20240531 02:24:40 INFO  [main] base.BasePage BasePage.java158 - Todays Datebutton is clicked
20240531 02:24:46 INFO  [main] base.BasePage BasePage.java70 - Save buttonIs enabled and clicked
20240531 02:24:46 INFO  [main] utility.SalesforceListenerUtility SalesforceListenerUtility.java38 - Create_Account.......test execution sucess........
20240531 02:24:46 INFO  [main] utility.SalesforceListenerUtility SalesforceListenerUtility.java73 - .......<test> execution completed........
20240531 02:25:04 INFO  [main] utility.SalesforceListenerUtility SalesforceListenerUtility.java65 - .......<test> execution started........
20240531 02:25:05 INFO  [main] base.BaseTest BaseTest.java47 - .........BeforeMethod  executed---------------
20240531 02:25:05 INFO  [main] base.BaseTest BaseTest.java67 - Browser instance has started
20240531 02:25:08 INFO  [main] base.BaseTest BaseTest.java148 - https://login.salesforce.com/ is entered
20240531 02:25:08 INFO  [main] base.BaseTest BaseTest.java181 - Waiting until page loads within  expectedtime period
20240531 02:25:08 INFO  [main] utility.SalesforceListenerUtility SalesforceListenerUtility.java28 - login_Homepage.......test execution started........
20240531 02:25:08 INFO  [main] lighteningSalesforce.LoginAccountsTestcases LoginAccountsTestcases.java37 - ..............stated login_Homepage()...............
20240531 02:25:08 INFO  [main] base.BasePage BasePage.java217 - Current URL is = https://login.salesforce.com/
20240531 02:25:16 INFO  [main] lighteningSalesforce.LoginAccountsTestcases LoginAccountsTestcases.java49 - https://login.salesforce.com/  matched with https://login.salesforce.com/
20240531 02:25:47 ERROR [main] base.BasePage BasePage.java92 - UserName  timeout exception
20240531 02:25:47 ERROR [main] utility.SalesforceListenerUtility SalesforceListenerUtility.java48 - login_Homepage.......test execution completed with failure........
20240531 02:25:47 ERROR [main] utility.SalesforceListenerUtility SalesforceListenerUtility.java48 - login_Homepage.......test execution completed with failure........
20240531 02:25:47 INFO  [main] utility.SalesforceListenerUtility SalesforceListenerUtility.java73 - .......<test> execution completed........
20240531 02:39:40 INFO  [main] utility.SalesforceListenerUtility SalesforceListenerUtility.java65 - .......<test> execution started........
20240531 02:39:41 INFO  [main] base.BaseTest BaseTest.java47 - .........BeforeMethod  executed---------------
20240531 02:39:41 INFO  [main] base.BaseTest BaseTest.java67 - Browser instance has started
20240531 02:39:44 INFO  [main] base.BaseTest BaseTest.java148 - https://login.salesforce.com/ is entered
20240531 02:39:44 INFO  [main] base.BaseTest BaseTest.java181 - Waiting until page loads within  expectedtime period
20240531 02:39:44 INFO  [main] utility.SalesforceListenerUtility SalesforceListenerUtility.java28 - login_Homepage.......test execution started........
20240531 02:39:44 INFO  [main] lighteningSalesforce.LoginAccountsTestcases LoginAccountsTestcases.java37 - ..............stated login_Homepage()...............
20240531 02:39:44 INFO  [main] base.BasePage BasePage.java217 - Current URL is = https://login.salesforce.com/
20240531 02:39:52 INFO  [main] lighteningSalesforce.LoginAccountsTestcases LoginAccountsTestcases.java49 - https://login.salesforce.com/  matched with https://login.salesforce.com/
20240531 02:39:52 INFO  [main] base.BasePage BasePage.java89 - UserName  IS WAITED FOR VISIBLITY
20240531 02:39:53 INFO  [main] base.BasePage BasePage.java140 - [[ChromeDriver: chrome on MAC (2795fd647ddeec2c8f30eb0d48bb9198)] -> xpath: //*[@id='username']]Is enabled and clicked
20240531 02:39:53 INFO  [main] base.BasePage BasePage.java144 - Username textboxIs displayed  in textarea
20240531 02:39:53 INFO  [main] lighteningSalesforce.LoginAccountsTestcases LoginAccountsTestcases.java59 - User name entered successfully
20240531 02:39:53 INFO  [main] base.BasePage BasePage.java140 - [[ChromeDriver: chrome on MAC (2795fd647ddeec2c8f30eb0d48bb9198)] -> xpath: //*[@id='password']]Is enabled and clicked
20240531 02:39:53 INFO  [main] base.BasePage BasePage.java144 - password field Is displayed  in textarea
20240531 02:39:53 INFO  [main] lighteningSalesforce.LoginAccountsTestcases LoginAccountsTestcases.java62 - Password entered successfully
20240531 02:40:01 INFO  [main] base.BasePage BasePage.java89 - Login Button IS WAITED FOR VISIBLITY
20240531 02:40:03 INFO  [main] base.BasePage BasePage.java70 - Login ButtonIs enabled and clicked
20240531 02:40:06 INFO  [main] lighteningSalesforce.LoginAccountsTestcases LoginAccountsTestcases.java75 - Lightning Experience  matched with Lightning Experience
20240531 02:40:07 INFO  [main] lighteningSalesforce.LoginAccountsTestcases LoginAccountsTestcases.java83 - All assertions Passed
20240531 02:40:07 INFO  [main] lighteningSalesforce.LoginAccountsTestcases LoginAccountsTestcases.java85 - ..............ended Login_Homepage()...............
20240531 02:40:07 INFO  [main] utility.SalesforceListenerUtility SalesforceListenerUtility.java38 - login_Homepage.......test execution sucess........
20240531 02:40:07 INFO  [main] utility.SalesforceListenerUtility SalesforceListenerUtility.java28 - DeleteAccount.......test execution started........
20240531 02:40:07 INFO  [main] lighteningSalesforce.LoginAccountsTestcases LoginAccountsTestcases.java139 - ..............started DeleteAccount()...............
20240531 02:40:22 ERROR [main] utility.SalesforceListenerUtility SalesforceListenerUtility.java48 - DeleteAccount.......test execution completed with failure........
20240531 02:40:22 INFO  [main] base.BaseTest BaseTest.java169 - captures the screenshot
20240531 02:40:22 INFO  [main] utility.SalesforceListenerUtility SalesforceListenerUtility.java73 - .......<test> execution completed........
20240531 02:56:58 INFO  [main] utility.SalesforceListenerUtility SalesforceListenerUtility.java65 - .......<test> execution started........
20240531 02:56:59 INFO  [main] base.BaseTest BaseTest.java47 - .........BeforeMethod  executed---------------
20240531 02:56:59 INFO  [main] base.BaseTest BaseTest.java67 - Browser instance has started
20240531 02:57:02 INFO  [main] base.BaseTest BaseTest.java148 - https://login.salesforce.com/ is entered
20240531 02:57:02 INFO  [main] base.BaseTest BaseTest.java181 - Waiting until page loads within  expectedtime period
20240531 02:57:02 INFO  [main] utility.SalesforceListenerUtility SalesforceListenerUtility.java28 - login_Homepage.......test execution started........
20240531 02:57:02 INFO  [main] lighteningSalesforce.LoginAccountsTestcases LoginAccountsTestcases.java37 - ..............stated login_Homepage()...............
20240531 02:57:02 INFO  [main] base.BasePage BasePage.java217 - Current URL is = https://login.salesforce.com/
20240531 02:57:10 INFO  [main] lighteningSalesforce.LoginAccountsTestcases LoginAccountsTestcases.java49 - https://login.salesforce.com/  matched with https://login.salesforce.com/
20240531 02:57:10 INFO  [main] base.BasePage BasePage.java89 - UserName  IS WAITED FOR VISIBLITY
20240531 02:57:10 INFO  [main] base.BasePage BasePage.java140 - [[ChromeDriver: chrome on MAC (498bb2ab5ff93bed2108943c4d0892d6)] -> xpath: //*[@id='username']]Is enabled and clicked
20240531 02:57:10 INFO  [main] base.BasePage BasePage.java144 - Username textboxIs displayed  in textarea
20240531 02:57:10 INFO  [main] lighteningSalesforce.LoginAccountsTestcases LoginAccountsTestcases.java59 - User name entered successfully
20240531 02:57:10 INFO  [main] base.BasePage BasePage.java140 - [[ChromeDriver: chrome on MAC (498bb2ab5ff93bed2108943c4d0892d6)] -> xpath: //*[@id='password']]Is enabled and clicked
20240531 02:57:10 INFO  [main] base.BasePage BasePage.java144 - password field Is displayed  in textarea
20240531 02:57:10 INFO  [main] lighteningSalesforce.LoginAccountsTestcases LoginAccountsTestcases.java62 - Password entered successfully
20240531 02:57:18 INFO  [main] base.BasePage BasePage.java89 - Login Button IS WAITED FOR VISIBLITY
20240531 02:57:20 INFO  [main] base.BasePage BasePage.java70 - Login ButtonIs enabled and clicked
20240531 02:57:23 INFO  [main] lighteningSalesforce.LoginAccountsTestcases LoginAccountsTestcases.java75 - Lightning Experience  matched with Lightning Experience
20240531 02:57:23 INFO  [main] lighteningSalesforce.LoginAccountsTestcases LoginAccountsTestcases.java83 - All assertions Passed
20240531 02:57:23 INFO  [main] lighteningSalesforce.LoginAccountsTestcases LoginAccountsTestcases.java85 - ..............ended Login_Homepage()...............
20240531 02:57:23 INFO  [main] utility.SalesforceListenerUtility SalesforceListenerUtility.java38 - login_Homepage.......test execution sucess........
20240531 02:57:23 INFO  [main] utility.SalesforceListenerUtility SalesforceListenerUtility.java28 - DeleteAccount.......test execution started........
20240531 02:57:23 INFO  [main] lighteningSalesforce.LoginAccountsTestcases LoginAccountsTestcases.java139 - ..............started DeleteAccount()...............
20240531 02:57:39 ERROR [main] utility.SalesforceListenerUtility SalesforceListenerUtility.java48 - DeleteAccount.......test execution completed with failure........
20240531 02:57:39 INFO  [main] base.BaseTest BaseTest.java169 - captures the screenshot
20240531 02:57:39 INFO  [main] utility.SalesforceListenerUtility SalesforceListenerUtility.java73 - .......<test> execution completed........
20240531 03:00:14 INFO  [main] utility.SalesforceListenerUtility SalesforceListenerUtility.java65 - .......<test> execution started........
20240531 03:00:15 INFO  [main] base.BaseTest BaseTest.java47 - .........BeforeMethod  executed---------------
20240531 03:00:15 INFO  [main] base.BaseTest BaseTest.java67 - Browser instance has started
20240531 03:00:18 INFO  [main] base.BaseTest BaseTest.java148 - https://login.salesforce.com/ is entered
20240531 03:00:18 INFO  [main] base.BaseTest BaseTest.java181 - Waiting until page loads within  expectedtime period
20240531 03:00:18 INFO  [main] utility.SalesforceListenerUtility SalesforceListenerUtility.java28 - login_Homepage.......test execution started........
20240531 03:00:18 INFO  [main] lighteningSalesforce.LoginAccountsTestcases LoginAccountsTestcases.java37 - ..............stated login_Homepage()...............
20240531 03:00:18 INFO  [main] base.BasePage BasePage.java217 - Current URL is = https://login.salesforce.com/
20240531 03:00:26 INFO  [main] lighteningSalesforce.LoginAccountsTestcases LoginAccountsTestcases.java49 - https://login.salesforce.com/  matched with https://login.salesforce.com/
20240531 03:00:26 INFO  [main] base.BasePage BasePage.java89 - UserName  IS WAITED FOR VISIBLITY
20240531 03:00:26 INFO  [main] base.BasePage BasePage.java140 - [[ChromeDriver: chrome on MAC (29c34944b984b437e97f4c3e397e0d74)] -> xpath: //*[@id='username']]Is enabled and clicked
20240531 03:00:26 INFO  [main] base.BasePage BasePage.java144 - Username textboxIs displayed  in textarea
20240531 03:00:26 INFO  [main] lighteningSalesforce.LoginAccountsTestcases LoginAccountsTestcases.java59 - User name entered successfully
20240531 03:00:26 INFO  [main] base.BasePage BasePage.java140 - [[ChromeDriver: chrome on MAC (29c34944b984b437e97f4c3e397e0d74)] -> xpath: //*[@id='password']]Is enabled and clicked
20240531 03:00:26 INFO  [main] base.BasePage BasePage.java144 - password field Is displayed  in textarea
20240531 03:00:26 INFO  [main] lighteningSalesforce.LoginAccountsTestcases LoginAccountsTestcases.java62 - Password entered successfully
20240531 03:00:34 INFO  [main] base.BasePage BasePage.java89 - Login Button IS WAITED FOR VISIBLITY
20240531 03:00:40 INFO  [main] base.BasePage BasePage.java70 - Login ButtonIs enabled and clicked
20240531 03:00:40 INFO  [main] lighteningSalesforce.LoginAccountsTestcases LoginAccountsTestcases.java75 - Lightning Experience  matched with Lightning Experience
20240531 03:00:40 INFO  [main] lighteningSalesforce.LoginAccountsTestcases LoginAccountsTestcases.java83 - All assertions Passed
20240531 03:00:40 INFO  [main] lighteningSalesforce.LoginAccountsTestcases LoginAccountsTestcases.java85 - ..............ended Login_Homepage()...............
20240531 03:00:40 INFO  [main] utility.SalesforceListenerUtility SalesforceListenerUtility.java38 - login_Homepage.......test execution sucess........
20240531 03:00:40 INFO  [main] utility.SalesforceListenerUtility SalesforceListenerUtility.java28 - DeleteAccount.......test execution started........
20240531 03:00:40 INFO  [main] lighteningSalesforce.LoginAccountsTestcases LoginAccountsTestcases.java139 - ..............started DeleteAccount()...............
20240531 03:01:00 INFO  [main] base.BasePage BasePage.java158 - Arrow Button Clickedbutton is clicked
20240531 03:01:05 INFO  [main] base.BasePage BasePage.java158 - Delete Link selected from DropDownbutton is clicked
20240531 03:01:05 INFO  [main] utility.SalesforceListenerUtility SalesforceListenerUtility.java38 - DeleteAccount.......test execution sucess........
20240531 03:01:05 INFO  [main] utility.SalesforceListenerUtility SalesforceListenerUtility.java73 - .......<test> execution completed........
20240531 03:06:25 INFO  [main] utility.SalesforceListenerUtility SalesforceListenerUtility.java65 - .......<test> execution started........
20240531 03:06:26 INFO  [main] base.BaseTest BaseTest.java47 - .........BeforeMethod  executed---------------
20240531 03:06:26 INFO  [main] base.BaseTest BaseTest.java67 - Browser instance has started
20240531 03:06:29 INFO  [main] base.BaseTest BaseTest.java148 - https://login.salesforce.com/ is entered
20240531 03:06:29 INFO  [main] base.BaseTest BaseTest.java181 - Waiting until page loads within  expectedtime period
20240531 03:06:29 INFO  [main] utility.SalesforceListenerUtility SalesforceListenerUtility.java28 - login_Homepage.......test execution started........
20240531 03:06:29 INFO  [main] lighteningSalesforce.LoginAccountsTestcases LoginAccountsTestcases.java37 - ..............stated login_Homepage()...............
20240531 03:06:29 INFO  [main] base.BasePage BasePage.java217 - Current URL is = https://login.salesforce.com/
20240531 03:06:37 INFO  [main] lighteningSalesforce.LoginAccountsTestcases LoginAccountsTestcases.java49 - https://login.salesforce.com/  matched with https://login.salesforce.com/
20240531 03:06:37 INFO  [main] base.BasePage BasePage.java89 - UserName  IS WAITED FOR VISIBLITY
20240531 03:06:37 INFO  [main] base.BasePage BasePage.java140 - [[ChromeDriver: chrome on MAC (e3192cae6d696d4186e8bfa825f2e33b)] -> xpath: //*[@id='username']]Is enabled and clicked
20240531 03:06:37 INFO  [main] base.BasePage BasePage.java144 - Username textboxIs displayed  in textarea
20240531 03:06:37 INFO  [main] lighteningSalesforce.LoginAccountsTestcases LoginAccountsTestcases.java59 - User name entered successfully
20240531 03:06:37 INFO  [main] base.BasePage BasePage.java140 - [[ChromeDriver: chrome on MAC (e3192cae6d696d4186e8bfa825f2e33b)] -> xpath: //*[@id='password']]Is enabled and clicked
20240531 03:06:37 INFO  [main] base.BasePage BasePage.java144 - password field Is displayed  in textarea
20240531 03:06:37 INFO  [main] lighteningSalesforce.LoginAccountsTestcases LoginAccountsTestcases.java62 - Password entered successfully
20240531 03:06:45 INFO  [main] base.BasePage BasePage.java89 - Login Button IS WAITED FOR VISIBLITY
20240531 03:06:50 INFO  [main] base.BasePage BasePage.java70 - Login ButtonIs enabled and clicked
20240531 03:06:50 INFO  [main] lighteningSalesforce.LoginAccountsTestcases LoginAccountsTestcases.java75 - Lightning Experience  matched with Lightning Experience
20240531 03:06:50 INFO  [main] lighteningSalesforce.LoginAccountsTestcases LoginAccountsTestcases.java83 - All assertions Passed
20240531 03:06:50 INFO  [main] lighteningSalesforce.LoginAccountsTestcases LoginAccountsTestcases.java85 - ..............ended Login_Homepage()...............
20240531 03:06:50 INFO  [main] utility.SalesforceListenerUtility SalesforceListenerUtility.java38 - login_Homepage.......test execution sucess........
20240531 03:06:50 INFO  [main] utility.SalesforceListenerUtility SalesforceListenerUtility.java28 - DeleteAccount.......test execution started........
20240531 03:06:50 INFO  [main] lighteningSalesforce.LoginAccountsTestcases LoginAccountsTestcases.java139 - ..............started DeleteAccount()...............
20240531 03:07:09 INFO  [main] base.BasePage BasePage.java158 - Arrow Button button is clicked
20240531 03:07:14 INFO  [main] base.BasePage BasePage.java158 - Select Delete Link from DropDownbutton is clicked
20240531 03:07:19 INFO  [main] base.BasePage BasePage.java158 - Click delete button is clicked
20240531 03:07:19 INFO  [main] utility.SalesforceListenerUtility SalesforceListenerUtility.java38 - DeleteAccount.......test execution sucess........
20240531 03:07:19 INFO  [main] utility.SalesforceListenerUtility SalesforceListenerUtility.java73 - .......<test> execution completed........
20240531 03:12:05 INFO  [main] utility.SalesforceListenerUtility SalesforceListenerUtility.java65 - .......<test> execution started........
20240531 03:12:05 INFO  [main] base.BaseTest BaseTest.java47 - .........BeforeMethod  executed---------------
20240531 03:12:06 INFO  [main] base.BaseTest BaseTest.java67 - Browser instance has started
20240531 03:12:08 INFO  [main] base.BaseTest BaseTest.java148 - https://login.salesforce.com/ is entered
20240531 03:12:08 INFO  [main] base.BaseTest BaseTest.java181 - Waiting until page loads within  expectedtime period
20240531 03:12:08 INFO  [main] utility.SalesforceListenerUtility SalesforceListenerUtility.java28 - login_Homepage.......test execution started........
20240531 03:12:08 INFO  [main] lighteningSalesforce.LoginAccountsTestcases LoginAccountsTestcases.java37 - ..............stated login_Homepage()...............
20240531 03:12:08 INFO  [main] base.BasePage BasePage.java217 - Current URL is = https://login.salesforce.com/
20240531 03:12:16 INFO  [main] lighteningSalesforce.LoginAccountsTestcases LoginAccountsTestcases.java49 - https://login.salesforce.com/  matched with https://login.salesforce.com/
20240531 03:12:16 INFO  [main] base.BasePage BasePage.java89 - UserName  IS WAITED FOR VISIBLITY
20240531 03:12:16 INFO  [main] base.BasePage BasePage.java140 - [[ChromeDriver: chrome on MAC (05629f2229c70ed6837ac50d540a2fea)] -> xpath: //*[@id='username']]Is enabled and clicked
20240531 03:12:16 INFO  [main] base.BasePage BasePage.java144 - Username textboxIs displayed  in textarea
20240531 03:12:16 INFO  [main] lighteningSalesforce.LoginAccountsTestcases LoginAccountsTestcases.java59 - User name entered successfully
20240531 03:12:16 INFO  [main] base.BasePage BasePage.java140 - [[ChromeDriver: chrome on MAC (05629f2229c70ed6837ac50d540a2fea)] -> xpath: //*[@id='password']]Is enabled and clicked
20240531 03:12:16 INFO  [main] base.BasePage BasePage.java144 - password field Is displayed  in textarea
20240531 03:12:16 INFO  [main] lighteningSalesforce.LoginAccountsTestcases LoginAccountsTestcases.java62 - Password entered successfully
20240531 03:12:24 INFO  [main] base.BasePage BasePage.java89 - Login Button IS WAITED FOR VISIBLITY
20240531 03:12:26 INFO  [main] base.BasePage BasePage.java70 - Login ButtonIs enabled and clicked
20240531 03:12:29 INFO  [main] lighteningSalesforce.LoginAccountsTestcases LoginAccountsTestcases.java75 - Lightning Experience  matched with Lightning Experience
20240531 03:12:29 INFO  [main] lighteningSalesforce.LoginAccountsTestcases LoginAccountsTestcases.java83 - All assertions Passed
20240531 03:12:29 INFO  [main] lighteningSalesforce.LoginAccountsTestcases LoginAccountsTestcases.java85 - ..............ended Login_Homepage()...............
20240531 03:12:29 INFO  [main] utility.SalesforceListenerUtility SalesforceListenerUtility.java38 - login_Homepage.......test execution sucess........
20240531 03:12:29 INFO  [main] utility.SalesforceListenerUtility SalesforceListenerUtility.java28 - Create_Account.......test execution started........
20240531 03:12:29 INFO  [main] lighteningSalesforce.LoginAccountsTestcases LoginAccountsTestcases.java94 - ..............started Accountpage()...............
20240531 03:12:41 INFO  [main] base.BasePage BasePage.java70 - NewButton is clickedIs enabled and clicked
20240531 03:12:42 INFO  [main] base.BasePage BasePage.java158 - AccountNameTextArea is clickedbutton is clicked
20240531 03:12:43 INFO  [main] base.BasePage BasePage.java140 - [[ChromeDriver: chrome on MAC (05629f2229c70ed6837ac50d540a2fea)] -> xpath: //input[@name='Name']]Is enabled and clicked
20240531 03:12:43 INFO  [main] base.BasePage BasePage.java144 - account field Is displayed  in textarea
20240531 03:12:43 INFO  [main] base.BasePage BasePage.java158 - Type field DropDown buttonbutton is clicked
20240531 03:13:10 INFO  [main] base.BasePage BasePage.java140 - [[ChromeDriver: chrome on MAC (05629f2229c70ed6837ac50d540a2fea)] -> xpath: //label[text()='Billing Street']//parent::lightning-textarea//textarea]Is enabled and clicked
20240531 03:13:10 INFO  [main] base.BasePage BasePage.java144 - billing street  Is displayed  in textarea
20240531 03:13:17 INFO  [main] base.BasePage BasePage.java70 - ExpirationDate ButtonIs enabled and clicked
20240531 03:13:22 INFO  [main] base.BasePage BasePage.java158 - Todays Datebutton is clicked
20240531 03:13:27 INFO  [main] base.BasePage BasePage.java70 - Save buttonIs enabled and clicked
20240531 03:13:27 INFO  [main] utility.SalesforceListenerUtility SalesforceListenerUtility.java38 - Create_Account.......test execution sucess........
20240531 03:13:27 INFO  [main] utility.SalesforceListenerUtility SalesforceListenerUtility.java28 - DeleteAccount.......test execution started........
20240531 03:13:27 INFO  [main] lighteningSalesforce.LoginAccountsTestcases LoginAccountsTestcases.java139 - ..............started DeleteAccount()...............
20240531 03:13:46 INFO  [main] base.BasePage BasePage.java158 - Arrow Button button is clicked
20240531 03:13:51 INFO  [main] base.BasePage BasePage.java158 - Select Delete Link from DropDownbutton is clicked
20240531 03:13:57 INFO  [main] base.BasePage BasePage.java158 - Click delete button is clicked
20240531 03:13:57 INFO  [main] utility.SalesforceListenerUtility SalesforceListenerUtility.java38 - DeleteAccount.......test execution sucess........
20240531 03:13:57 INFO  [main] utility.SalesforceListenerUtility SalesforceListenerUtility.java73 - .......<test> execution completed........
20240531 07:29:16 INFO  [main] utility.SalesforceListenerUtility SalesforceListenerUtility.java65 - .......<test> execution started........
20240531 07:29:16 INFO  [main] base.BaseTest BaseTest.java47 - .........BeforeMethod  executed---------------
20240531 07:29:17 INFO  [main] base.BaseTest BaseTest.java67 - Browser instance has started
20240531 07:29:19 INFO  [main] base.BaseTest BaseTest.java148 - https://login.salesforce.com/ is entered
20240531 07:29:19 INFO  [main] base.BaseTest BaseTest.java181 - Waiting until page loads within  expectedtime period
20240531 07:29:19 INFO  [main] utility.SalesforceListenerUtility SalesforceListenerUtility.java28 - login_Homepage.......test execution started........
20240531 07:29:19 INFO  [main] lighteningSalesforce.LoginAccountsTestcases LoginAccountsTestcases.java37 - ..............stated login_Homepage()...............
20240531 07:29:20 INFO  [main] base.BasePage BasePage.java217 - Current URL is = https://login.salesforce.com/
20240531 07:29:28 INFO  [main] lighteningSalesforce.LoginAccountsTestcases LoginAccountsTestcases.java49 - https://login.salesforce.com/  matched with https://login.salesforce.com/
20240531 07:29:28 INFO  [main] base.BasePage BasePage.java89 - UserName  IS WAITED FOR VISIBLITY
20240531 07:29:28 INFO  [main] base.BasePage BasePage.java140 - [[ChromeDriver: chrome on MAC (87c0bfb7203197ef83605c34421ae014)] -> xpath: //*[@id='username']]Is enabled and clicked
20240531 07:29:28 INFO  [main] base.BasePage BasePage.java144 - Username textboxIs displayed  in textarea
20240531 07:29:28 INFO  [main] lighteningSalesforce.LoginAccountsTestcases LoginAccountsTestcases.java59 - User name entered successfully
20240531 07:29:28 INFO  [main] base.BasePage BasePage.java140 - [[ChromeDriver: chrome on MAC (87c0bfb7203197ef83605c34421ae014)] -> xpath: //*[@id='password']]Is enabled and clicked
20240531 07:29:28 INFO  [main] base.BasePage BasePage.java144 - password field Is displayed  in textarea
20240531 07:29:28 INFO  [main] lighteningSalesforce.LoginAccountsTestcases LoginAccountsTestcases.java62 - Password entered successfully
20240531 07:29:36 INFO  [main] base.BasePage BasePage.java89 - Login Button IS WAITED FOR VISIBLITY
20240531 07:29:42 INFO  [main] base.BasePage BasePage.java70 - Login ButtonIs enabled and clicked
20240531 07:29:42 INFO  [main] lighteningSalesforce.LoginAccountsTestcases LoginAccountsTestcases.java75 - Lightning Experience  matched with Lightning Experience
20240531 07:29:42 INFO  [main] lighteningSalesforce.LoginAccountsTestcases LoginAccountsTestcases.java83 - All assertions Passed
20240531 07:29:42 INFO  [main] lighteningSalesforce.LoginAccountsTestcases LoginAccountsTestcases.java85 - ..............ended Login_Homepage()...............
20240531 07:29:42 INFO  [main] utility.SalesforceListenerUtility SalesforceListenerUtility.java38 - login_Homepage.......test execution sucess........
20240531 07:29:42 INFO  [main] utility.SalesforceListenerUtility SalesforceListenerUtility.java28 - Create_Account.......test execution started........
20240531 07:29:42 INFO  [main] lighteningSalesforce.LoginAccountsTestcases LoginAccountsTestcases.java94 - ..............started Accountpage()...............
20240531 07:29:54 INFO  [main] base.BasePage BasePage.java70 - NewButton is clickedIs enabled and clicked
20240531 07:29:55 ERROR [main] utility.SalesforceListenerUtility SalesforceListenerUtility.java48 - Create_Account.......test execution completed with failure........
20240531 07:29:56 INFO  [main] base.BaseTest BaseTest.java169 - captures the screenshot
20240531 07:29:56 INFO  [main] utility.SalesforceListenerUtility SalesforceListenerUtility.java28 - DeleteAccount.......test execution started........
20240531 07:29:56 INFO  [main] lighteningSalesforce.LoginAccountsTestcases LoginAccountsTestcases.java139 - ..............started DeleteAccount()...............
20240531 07:30:15 INFO  [main] base.BasePage BasePage.java158 - Arrow Button button is clicked
20240531 07:30:20 INFO  [main] base.BasePage BasePage.java158 - Select Delete Link from DropDownbutton is clicked
20240531 07:30:25 ERROR [main] utility.SalesforceListenerUtility SalesforceListenerUtility.java48 - DeleteAccount.......test execution completed with failure........
20240531 07:30:25 ERROR [main] utility.SalesforceListenerUtility SalesforceListenerUtility.java48 - DeleteAccount.......test execution completed with failure........
20240531 07:30:25 INFO  [main] utility.SalesforceListenerUtility SalesforceListenerUtility.java73 - .......<test> execution completed........
20240531 07:30:37 INFO  [main] utility.SalesforceListenerUtility SalesforceListenerUtility.java65 - .......<test> execution started........
20240531 07:30:38 INFO  [main] base.BaseTest BaseTest.java47 - .........BeforeMethod  executed---------------
20240531 07:30:38 INFO  [main] base.BaseTest BaseTest.java67 - Browser instance has started
20240531 07:30:38 INFO  [main] utility.SalesforceListenerUtility SalesforceListenerUtility.java65 - .......<test> execution started........
20240531 07:30:39 INFO  [main] base.BaseTest BaseTest.java47 - .........BeforeMethod  executed---------------
20240531 07:30:39 INFO  [main] base.BaseTest BaseTest.java67 - Browser instance has started
20240531 07:30:53 INFO  [main] base.BaseTest BaseTest.java148 - https://login.salesforce.com/ is entered
20240531 07:30:53 INFO  [main] base.BaseTest BaseTest.java181 - Waiting until page loads within  expectedtime period
20240531 07:30:53 INFO  [main] utility.SalesforceListenerUtility SalesforceListenerUtility.java28 - login_Homepage.......test execution started........
20240531 07:30:53 INFO  [main] lighteningSalesforce.LoginAccountsTestcases LoginAccountsTestcases.java37 - ..............stated login_Homepage()...............
20240531 07:30:53 INFO  [main] base.BaseTest BaseTest.java148 - https://login.salesforce.com/ is entered
20240531 07:30:53 INFO  [main] base.BaseTest BaseTest.java181 - Waiting until page loads within  expectedtime period
20240531 07:30:53 INFO  [main] base.BasePage BasePage.java217 - Current URL is = https://login.salesforce.com/
20240531 07:30:53 INFO  [main] utility.SalesforceListenerUtility SalesforceListenerUtility.java28 - login_Homepage.......test execution started........
20240531 07:30:53 INFO  [main] lighteningSalesforce.LoginAccountsTestcases LoginAccountsTestcases.java37 - ..............stated login_Homepage()...............
20240531 07:30:54 INFO  [main] base.BasePage BasePage.java217 - Current URL is = https://login.salesforce.com/
20240531 07:31:01 INFO  [main] lighteningSalesforce.LoginAccountsTestcases LoginAccountsTestcases.java49 - https://login.salesforce.com/  matched with https://login.salesforce.com/
20240531 07:31:01 INFO  [main] base.BasePage BasePage.java89 - UserName  IS WAITED FOR VISIBLITY
20240531 07:31:02 INFO  [main] base.BasePage BasePage.java140 - [[ChromeDriver: chrome on MAC (982fa63de5ad62e433df0fd52a734a8d)] -> xpath: //*[@id='username']]Is enabled and clicked
20240531 07:31:02 INFO  [main] base.BasePage BasePage.java144 - Username textboxIs displayed  in textarea
20240531 07:31:02 INFO  [main] lighteningSalesforce.LoginAccountsTestcases LoginAccountsTestcases.java59 - User name entered successfully
20240531 07:31:02 INFO  [main] lighteningSalesforce.LoginAccountsTestcases LoginAccountsTestcases.java49 - https://login.salesforce.com/  matched with https://login.salesforce.com/
20240531 07:31:02 INFO  [main] base.BasePage BasePage.java89 - UserName  IS WAITED FOR VISIBLITY
20240531 07:31:02 INFO  [main] base.BasePage BasePage.java140 - [[ChromeDriver: chrome on MAC (982fa63de5ad62e433df0fd52a734a8d)] -> xpath: //*[@id='password']]Is enabled and clicked
20240531 07:31:02 INFO  [main] base.BasePage BasePage.java144 - password field Is displayed  in textarea
20240531 07:31:02 INFO  [main] lighteningSalesforce.LoginAccountsTestcases LoginAccountsTestcases.java62 - Password entered successfully
20240531 07:31:02 INFO  [main] base.BasePage BasePage.java140 - [[ChromeDriver: chrome on MAC (e7b124f1da4c7b39354a6b3b4b65d868)] -> xpath: //*[@id='username']]Is enabled and clicked
20240531 07:31:02 INFO  [main] base.BasePage BasePage.java144 - Username textboxIs displayed  in textarea
20240531 07:31:02 INFO  [main] lighteningSalesforce.LoginAccountsTestcases LoginAccountsTestcases.java59 - User name entered successfully
20240531 07:31:02 INFO  [main] base.BasePage BasePage.java140 - [[ChromeDriver: chrome on MAC (e7b124f1da4c7b39354a6b3b4b65d868)] -> xpath: //*[@id='password']]Is enabled and clicked
20240531 07:31:02 INFO  [main] base.BasePage BasePage.java144 - password field Is displayed  in textarea
20240531 07:31:02 INFO  [main] lighteningSalesforce.LoginAccountsTestcases LoginAccountsTestcases.java62 - Password entered successfully
20240531 07:31:10 INFO  [main] base.BasePage BasePage.java89 - Login Button IS WAITED FOR VISIBLITY
20240531 07:31:10 INFO  [main] base.BasePage BasePage.java89 - Login Button IS WAITED FOR VISIBLITY
20240531 07:31:15 INFO  [main] base.BasePage BasePage.java70 - Login ButtonIs enabled and clicked
20240531 07:31:15 INFO  [main] lighteningSalesforce.LoginAccountsTestcases LoginAccountsTestcases.java75 - Lightning Experience  matched with Lightning Experience
20240531 07:31:15 INFO  [main] lighteningSalesforce.LoginAccountsTestcases LoginAccountsTestcases.java83 - All assertions Passed
20240531 07:31:15 INFO  [main] lighteningSalesforce.LoginAccountsTestcases LoginAccountsTestcases.java85 - ..............ended Login_Homepage()...............
20240531 07:31:15 INFO  [main] utility.SalesforceListenerUtility SalesforceListenerUtility.java38 - login_Homepage.......test execution sucess........
20240531 07:31:15 INFO  [main] utility.SalesforceListenerUtility SalesforceListenerUtility.java28 - Create_Account.......test execution started........
20240531 07:31:15 INFO  [main] lighteningSalesforce.LoginAccountsTestcases LoginAccountsTestcases.java94 - ..............started Accountpage()...............
20240531 07:31:16 INFO  [main] base.BasePage BasePage.java70 - Login ButtonIs enabled and clicked
20240531 07:31:16 INFO  [main] lighteningSalesforce.LoginAccountsTestcases LoginAccountsTestcases.java75 - Lightning Experience  matched with Lightning Experience
20240531 07:31:16 INFO  [main] lighteningSalesforce.LoginAccountsTestcases LoginAccountsTestcases.java83 - All assertions Passed
20240531 07:31:16 INFO  [main] lighteningSalesforce.LoginAccountsTestcases LoginAccountsTestcases.java85 - ..............ended Login_Homepage()...............
20240531 07:31:16 INFO  [main] utility.SalesforceListenerUtility SalesforceListenerUtility.java38 - login_Homepage.......test execution sucess........
20240531 07:31:16 INFO  [main] utility.SalesforceListenerUtility SalesforceListenerUtility.java28 - Create_Account.......test execution started........
20240531 07:31:16 INFO  [main] lighteningSalesforce.LoginAccountsTestcases LoginAccountsTestcases.java94 - ..............started Accountpage()...............
20240531 07:31:28 INFO  [main] base.BasePage BasePage.java70 - NewButton is clickedIs enabled and clicked
20240531 07:31:28 INFO  [main] base.BasePage BasePage.java70 - NewButton is clickedIs enabled and clicked
20240531 07:31:29 INFO  [main] base.BasePage BasePage.java158 - AccountNameTextArea is clickedbutton is clicked
20240531 07:31:29 INFO  [main] base.BasePage BasePage.java158 - AccountNameTextArea is clickedbutton is clicked
20240531 07:31:29 INFO  [main] base.BasePage BasePage.java140 - [[ChromeDriver: chrome on MAC (e7b124f1da4c7b39354a6b3b4b65d868)] -> xpath: //input[@name='Name']]Is enabled and clicked
20240531 07:31:29 INFO  [main] base.BasePage BasePage.java144 - account field Is displayed  in textarea
20240531 07:31:29 INFO  [main] base.BasePage BasePage.java158 - Type field DropDown buttonbutton is clicked
20240531 07:31:30 INFO  [main] base.BasePage BasePage.java140 - [[ChromeDriver: chrome on MAC (982fa63de5ad62e433df0fd52a734a8d)] -> xpath: //input[@name='Name']]Is enabled and clicked
20240531 07:31:30 INFO  [main] base.BasePage BasePage.java144 - account field Is displayed  in textarea
20240531 07:31:30 INFO  [main] base.BasePage BasePage.java158 - Type field DropDown buttonbutton is clicked
20240531 07:31:56 INFO  [main] base.BasePage BasePage.java140 - [[ChromeDriver: chrome on MAC (e7b124f1da4c7b39354a6b3b4b65d868)] -> xpath: //label[text()='Billing Street']//parent::lightning-textarea//textarea]Is enabled and clicked
20240531 07:31:56 INFO  [main] base.BasePage BasePage.java144 - billing street  Is displayed  in textarea
20240531 07:31:56 INFO  [main] base.BasePage BasePage.java140 - [[ChromeDriver: chrome on MAC (982fa63de5ad62e433df0fd52a734a8d)] -> xpath: //label[text()='Billing Street']//parent::lightning-textarea//textarea]Is enabled and clicked
20240531 07:31:56 INFO  [main] base.BasePage BasePage.java144 - billing street  Is displayed  in textarea
20240531 07:32:03 INFO  [main] base.BasePage BasePage.java70 - ExpirationDate ButtonIs enabled and clicked
20240531 07:32:03 INFO  [main] base.BasePage BasePage.java70 - ExpirationDate ButtonIs enabled and clicked
20240531 07:32:08 INFO  [main] base.BasePage BasePage.java158 - Todays Datebutton is clicked
20240531 07:32:09 INFO  [main] base.BasePage BasePage.java158 - Todays Datebutton is clicked
20240531 07:32:13 INFO  [main] base.BasePage BasePage.java70 - Save buttonIs enabled and clicked
20240531 07:32:13 INFO  [main] utility.SalesforceListenerUtility SalesforceListenerUtility.java38 - Create_Account.......test execution sucess........
20240531 07:32:13 INFO  [main] utility.SalesforceListenerUtility SalesforceListenerUtility.java28 - DeleteAccount.......test execution started........
20240531 07:32:13 INFO  [main] lighteningSalesforce.LoginAccountsTestcases LoginAccountsTestcases.java139 - ..............started DeleteAccount()...............
20240531 07:32:14 INFO  [main] base.BasePage BasePage.java70 - Save buttonIs enabled and clicked
20240531 07:32:14 INFO  [main] utility.SalesforceListenerUtility SalesforceListenerUtility.java38 - Create_Account.......test execution sucess........
20240531 07:32:14 INFO  [main] utility.SalesforceListenerUtility SalesforceListenerUtility.java28 - DeleteAccount.......test execution started........
20240531 07:32:14 INFO  [main] lighteningSalesforce.LoginAccountsTestcases LoginAccountsTestcases.java139 - ..............started DeleteAccount()...............
20240531 07:32:33 INFO  [main] base.BasePage BasePage.java158 - Arrow Button button is clicked
20240531 07:32:33 INFO  [main] base.BasePage BasePage.java158 - Arrow Button button is clicked
20240531 07:32:38 INFO  [main] base.BasePage BasePage.java158 - Select Delete Link from DropDownbutton is clicked
20240531 07:32:38 INFO  [main] base.BasePage BasePage.java158 - Select Delete Link from DropDownbutton is clicked
20240531 07:32:43 INFO  [main] base.BasePage BasePage.java158 - Click delete button is clicked
20240531 07:32:43 INFO  [main] utility.SalesforceListenerUtility SalesforceListenerUtility.java38 - DeleteAccount.......test execution sucess........
20240531 07:32:43 INFO  [main] utility.SalesforceListenerUtility SalesforceListenerUtility.java73 - .......<test> execution completed........
20240531 07:32:43 INFO  [main] base.BasePage BasePage.java158 - Click delete button is clicked
20240531 07:32:43 INFO  [main] utility.SalesforceListenerUtility SalesforceListenerUtility.java38 - DeleteAccount.......test execution sucess........
20240531 07:32:43 INFO  [main] utility.SalesforceListenerUtility SalesforceListenerUtility.java73 - .......<test> execution completed........
20240603 10:49:31 INFO  [main] utility.SalesforceListenerUtility SalesforceListenerUtility.java65 - .......<test> execution started........
20240603 10:49:31 INFO  [main] base.BaseTest BaseTest.java47 - .........BeforeMethod  executed---------------
20240603 10:49:32 INFO  [main] base.BaseTest BaseTest.java67 - Browser instance has started
20240603 10:49:35 INFO  [main] base.BaseTest BaseTest.java148 - https://login.salesforce.com/ is entered
20240603 10:49:35 INFO  [main] base.BaseTest BaseTest.java181 - Waiting until page loads within  expectedtime period
20240603 10:49:35 INFO  [main] utility.SalesforceListenerUtility SalesforceListenerUtility.java28 - login_Homepage.......test execution started........
20240603 10:49:35 INFO  [main] lighteningSalesforce.LoginAccountsTestcases LoginAccountsTestcases.java37 - ..............stated login_Homepage()...............
20240603 10:49:35 INFO  [main] base.BasePage BasePage.java217 - Current URL is = https://login.salesforce.com/
20240603 10:49:44 INFO  [main] lighteningSalesforce.LoginAccountsTestcases LoginAccountsTestcases.java49 - https://login.salesforce.com/  matched with https://login.salesforce.com/
20240603 10:49:44 INFO  [main] base.BasePage BasePage.java89 - UserName  IS WAITED FOR VISIBLITY
20240603 10:49:44 INFO  [main] base.BasePage BasePage.java140 - [[ChromeDriver: chrome on MAC (10fe7d6c41abd979c1d6a5f177b17bed)] -> xpath: //*[@id='username']]Is enabled and clicked
20240603 10:49:44 INFO  [main] base.BasePage BasePage.java144 - Username textboxIs displayed  in textarea
20240603 10:49:44 INFO  [main] lighteningSalesforce.LoginAccountsTestcases LoginAccountsTestcases.java59 - User name entered successfully
20240603 10:49:44 INFO  [main] base.BasePage BasePage.java140 - [[ChromeDriver: chrome on MAC (10fe7d6c41abd979c1d6a5f177b17bed)] -> xpath: //*[@id='password']]Is enabled and clicked
20240603 10:49:44 INFO  [main] base.BasePage BasePage.java144 - password field Is displayed  in textarea
20240603 10:49:44 INFO  [main] lighteningSalesforce.LoginAccountsTestcases LoginAccountsTestcases.java62 - Password entered successfully
20240603 10:49:52 INFO  [main] base.BasePage BasePage.java89 - Login Button IS WAITED FOR VISIBLITY
20240603 10:49:57 INFO  [main] base.BasePage BasePage.java70 - Login ButtonIs enabled and clicked
20240603 10:49:57 INFO  [main] lighteningSalesforce.LoginAccountsTestcases LoginAccountsTestcases.java75 - Lightning Experience  matched with Lightning Experience
20240603 10:49:57 INFO  [main] lighteningSalesforce.LoginAccountsTestcases LoginAccountsTestcases.java83 - All assertions Passed
20240603 10:49:57 INFO  [main] lighteningSalesforce.LoginAccountsTestcases LoginAccountsTestcases.java85 - ..............ended Login_Homepage()...............
20240603 10:49:57 INFO  [main] utility.SalesforceListenerUtility SalesforceListenerUtility.java38 - login_Homepage.......test execution sucess........
20240603 10:49:57 INFO  [main] utility.SalesforceListenerUtility SalesforceListenerUtility.java73 - .......<test> execution completed........
20240603 10:50:26 INFO  [main] utility.SalesforceListenerUtility SalesforceListenerUtility.java65 - .......<test> execution started........
20240603 10:50:26 INFO  [main] base.BaseTest BaseTest.java47 - .........BeforeMethod  executed---------------
20240603 10:50:27 INFO  [main] base.BaseTest BaseTest.java67 - Browser instance has started
20240603 10:50:30 INFO  [main] base.BaseTest BaseTest.java148 - https://login.salesforce.com/ is entered
20240603 10:50:30 INFO  [main] base.BaseTest BaseTest.java181 - Waiting until page loads within  expectedtime period
20240603 10:50:30 INFO  [main] utility.SalesforceListenerUtility SalesforceListenerUtility.java28 - login_Homepage.......test execution started........
20240603 10:50:30 INFO  [main] lighteningSalesforce.LoginAccountsTestcases LoginAccountsTestcases.java37 - ..............stated login_Homepage()...............
20240603 10:50:30 INFO  [main] base.BasePage BasePage.java217 - Current URL is = https://login.salesforce.com/
20240603 10:50:38 INFO  [main] lighteningSalesforce.LoginAccountsTestcases LoginAccountsTestcases.java49 - https://login.salesforce.com/  matched with https://login.salesforce.com/
20240603 10:50:38 INFO  [main] base.BasePage BasePage.java89 - UserName  IS WAITED FOR VISIBLITY
20240603 10:50:38 INFO  [main] base.BasePage BasePage.java140 - [[ChromeDriver: chrome on MAC (dd6bee286b905919a5091ff46350af2a)] -> xpath: //*[@id='username']]Is enabled and clicked
20240603 10:50:38 INFO  [main] base.BasePage BasePage.java144 - Username textboxIs displayed  in textarea
20240603 10:50:38 INFO  [main] lighteningSalesforce.LoginAccountsTestcases LoginAccountsTestcases.java59 - User name entered successfully
20240603 10:50:39 INFO  [main] base.BasePage BasePage.java140 - [[ChromeDriver: chrome on MAC (dd6bee286b905919a5091ff46350af2a)] -> xpath: //*[@id='password']]Is enabled and clicked
20240603 10:50:39 INFO  [main] base.BasePage BasePage.java144 - password field Is displayed  in textarea
20240603 10:50:39 INFO  [main] lighteningSalesforce.LoginAccountsTestcases LoginAccountsTestcases.java62 - Password entered successfully
20240603 10:50:47 INFO  [main] base.BasePage BasePage.java89 - Login Button IS WAITED FOR VISIBLITY
20240603 10:50:49 INFO  [main] base.BasePage BasePage.java70 - Login ButtonIs enabled and clicked
20240603 10:50:52 INFO  [main] lighteningSalesforce.LoginAccountsTestcases LoginAccountsTestcases.java75 - Lightning Experience  matched with Lightning Experience
20240603 10:50:52 INFO  [main] lighteningSalesforce.LoginAccountsTestcases LoginAccountsTestcases.java83 - All assertions Passed
20240603 10:50:52 INFO  [main] lighteningSalesforce.LoginAccountsTestcases LoginAccountsTestcases.java85 - ..............ended Login_Homepage()...............
20240603 10:50:52 INFO  [main] utility.SalesforceListenerUtility SalesforceListenerUtility.java38 - login_Homepage.......test execution sucess........
20240603 10:50:52 INFO  [main] utility.SalesforceListenerUtility SalesforceListenerUtility.java73 - .......<test> execution completed........
20240603 17:17:49 INFO  [main] utility.SalesforceListenerUtility SalesforceListenerUtility.java65 - .......<test> execution started........
20240603 17:17:50 INFO  [main] base.BaseTest BaseTest.java47 - .........BeforeMethod  executed---------------
20240603 17:17:50 INFO  [main] base.BaseTest BaseTest.java67 - Browser instance has started
20240603 17:17:56 INFO  [main] base.BaseTest BaseTest.java148 - https://login.salesforce.com/ is entered
20240603 17:17:56 INFO  [main] base.BaseTest BaseTest.java181 - Waiting until page loads within  expectedtime period
20240603 17:17:57 INFO  [main] utility.SalesforceListenerUtility SalesforceListenerUtility.java28 - login_Homepage.......test execution started........
20240603 17:17:57 INFO  [main] lighteningSalesforce.LoginAccountsTestcases LoginAccountsTestcases.java50 - ..............stated login_Homepage()...............
20240603 17:17:57 INFO  [main] base.BasePage BasePage.java217 - Current URL is = https://login.salesforce.com/
20240603 17:18:05 INFO  [main] lighteningSalesforce.LoginAccountsTestcases LoginAccountsTestcases.java62 - https://login.salesforce.com/  matched with https://login.salesforce.com/
20240603 17:18:05 INFO  [main] base.BasePage BasePage.java89 - UserName  IS WAITED FOR VISIBLITY
20240603 17:18:05 INFO  [main] base.BasePage BasePage.java140 - [[ChromeDriver: chrome on MAC (4ba0c21252f86a689d0eaf8f7d2ea8ca)] -> xpath: //*[@id='username']]Is enabled and clicked
20240603 17:18:05 INFO  [main] base.BasePage BasePage.java144 - Username textboxIs displayed  in textarea
20240603 17:18:05 INFO  [main] lighteningSalesforce.LoginAccountsTestcases LoginAccountsTestcases.java72 - User name entered successfully
20240603 17:18:05 INFO  [main] base.BasePage BasePage.java140 - [[ChromeDriver: chrome on MAC (4ba0c21252f86a689d0eaf8f7d2ea8ca)] -> xpath: //*[@id='password']]Is enabled and clicked
20240603 17:18:05 INFO  [main] base.BasePage BasePage.java144 - password field Is displayed  in textarea
20240603 17:18:05 INFO  [main] lighteningSalesforce.LoginAccountsTestcases LoginAccountsTestcases.java75 - Password entered successfully
20240603 17:18:13 INFO  [main] base.BasePage BasePage.java89 - Login Button IS WAITED FOR VISIBLITY
20240603 17:18:18 INFO  [main] base.BasePage BasePage.java70 - Login ButtonIs enabled and clicked
20240603 17:18:18 INFO  [main] lighteningSalesforce.LoginAccountsTestcases LoginAccountsTestcases.java88 - Lightning Experience  matched with Lightning Experience
20240603 17:18:18 INFO  [main] lighteningSalesforce.LoginAccountsTestcases LoginAccountsTestcases.java96 - All assertions Passed
20240603 17:18:18 INFO  [main] lighteningSalesforce.LoginAccountsTestcases LoginAccountsTestcases.java98 - ..............ended Login_Homepage()...............
20240603 17:18:18 INFO  [main] utility.SalesforceListenerUtility SalesforceListenerUtility.java38 - login_Homepage.......test execution sucess........
20240603 17:18:18 INFO  [main] utility.SalesforceListenerUtility SalesforceListenerUtility.java28 - Create_Account.......test execution started........
20240603 17:18:18 INFO  [main] lighteningSalesforce.LoginAccountsTestcases LoginAccountsTestcases.java119 - ..............started Accountpage()...............
20240603 17:18:30 INFO  [main] base.BasePage BasePage.java70 - NewButton is clickedIs enabled and clicked
20240603 17:18:32 INFO  [main] base.BasePage BasePage.java158 - AccountNameTextArea is clickedbutton is clicked
20240603 17:18:32 INFO  [main] base.BasePage BasePage.java140 - [[ChromeDriver: chrome on MAC (4ba0c21252f86a689d0eaf8f7d2ea8ca)] -> xpath: //input[@name='Name']]Is enabled and clicked
20240603 17:18:32 INFO  [main] base.BasePage BasePage.java144 - account field Is displayed  in textarea
20240603 17:18:32 INFO  [main] base.BasePage BasePage.java158 - Type field DropDown buttonbutton is clicked
20240603 17:18:59 INFO  [main] base.BasePage BasePage.java140 - [[ChromeDriver: chrome on MAC (4ba0c21252f86a689d0eaf8f7d2ea8ca)] -> xpath: //label[text()='Billing Street']//parent::lightning-textarea//textarea]Is enabled and clicked
20240603 17:18:59 INFO  [main] base.BasePage BasePage.java144 - billing street  Is displayed  in textarea
20240603 17:19:06 INFO  [main] base.BasePage BasePage.java70 - ExpirationDate ButtonIs enabled and clicked
20240603 17:19:11 INFO  [main] base.BasePage BasePage.java158 - Todays Datebutton is clicked
20240603 17:19:16 INFO  [main] base.BasePage BasePage.java70 - Save buttonIs enabled and clicked
20240603 17:19:16 INFO  [main] utility.SalesforceListenerUtility SalesforceListenerUtility.java38 - Create_Account.......test execution sucess........
20240603 17:19:16 INFO  [main] utility.SalesforceListenerUtility SalesforceListenerUtility.java28 - editAccount.......test execution started........
20240603 17:19:18 ERROR [main] utility.SalesforceListenerUtility SalesforceListenerUtility.java48 - editAccount.......test execution completed with failure........
20240603 17:19:19 INFO  [main] base.BaseTest BaseTest.java169 - captures the screenshot
20240603 17:19:19 INFO  [main] utility.SalesforceListenerUtility SalesforceListenerUtility.java73 - .......<test> execution completed........
20240603 17:19:36 INFO  [main] utility.SalesforceListenerUtility SalesforceListenerUtility.java65 - .......<test> execution started........
20240603 17:19:36 INFO  [main] base.BaseTest BaseTest.java47 - .........BeforeMethod  executed---------------
20240603 17:19:37 INFO  [main] base.BaseTest BaseTest.java67 - Browser instance has started
20240603 17:19:40 INFO  [main] base.BaseTest BaseTest.java148 - https://login.salesforce.com/ is entered
20240603 17:19:40 INFO  [main] base.BaseTest BaseTest.java181 - Waiting until page loads within  expectedtime period
20240603 17:19:40 INFO  [main] utility.SalesforceListenerUtility SalesforceListenerUtility.java28 - login_Homepage.......test execution started........
20240603 17:19:40 INFO  [main] lighteningSalesforce.LoginAccountsTestcases LoginAccountsTestcases.java50 - ..............stated login_Homepage()...............
20240603 17:19:40 ERROR [main] utility.SalesforceListenerUtility SalesforceListenerUtility.java48 - login_Homepage.......test execution completed with failure........
20240603 17:19:40 ERROR [main] utility.SalesforceListenerUtility SalesforceListenerUtility.java48 - login_Homepage.......test execution completed with failure........
20240603 17:19:40 INFO  [main] utility.SalesforceListenerUtility SalesforceListenerUtility.java73 - .......<test> execution completed........
20240603 17:23:21 INFO  [main] utility.SalesforceListenerUtility SalesforceListenerUtility.java65 - .......<test> execution started........
20240603 17:23:22 INFO  [main] base.BaseTest BaseTest.java47 - .........BeforeMethod  executed---------------
20240603 17:23:22 INFO  [main] base.BaseTest BaseTest.java67 - Browser instance has started
20240603 17:23:25 INFO  [main] base.BaseTest BaseTest.java148 - https://login.salesforce.com/ is entered
20240603 17:23:25 INFO  [main] base.BaseTest BaseTest.java181 - Waiting until page loads within  expectedtime period
20240603 17:23:25 INFO  [main] utility.SalesforceListenerUtility SalesforceListenerUtility.java28 - login_Homepage.......test execution started........
20240603 17:23:25 INFO  [main] lighteningSalesforce.LoginAccountsTestcases LoginAccountsTestcases.java50 - ..............stated login_Homepage()...............
20240603 17:23:25 INFO  [main] base.BasePage BasePage.java217 - Current URL is = https://login.salesforce.com/
20240603 17:23:33 INFO  [main] lighteningSalesforce.LoginAccountsTestcases LoginAccountsTestcases.java62 - https://login.salesforce.com/  matched with https://login.salesforce.com/
20240603 17:23:33 INFO  [main] base.BasePage BasePage.java89 - UserName  IS WAITED FOR VISIBLITY
20240603 17:23:33 INFO  [main] base.BasePage BasePage.java140 - [[ChromeDriver: chrome on MAC (dc7e0d798442531af2c69ce87f25074e)] -> xpath: //*[@id='username']]Is enabled and clicked
20240603 17:23:33 INFO  [main] base.BasePage BasePage.java144 - Username textboxIs displayed  in textarea
20240603 17:23:33 INFO  [main] lighteningSalesforce.LoginAccountsTestcases LoginAccountsTestcases.java72 - User name entered successfully
20240603 17:23:33 INFO  [main] base.BasePage BasePage.java140 - [[ChromeDriver: chrome on MAC (dc7e0d798442531af2c69ce87f25074e)] -> xpath: //*[@id='password']]Is enabled and clicked
20240603 17:23:33 INFO  [main] base.BasePage BasePage.java144 - password field Is displayed  in textarea
20240603 17:23:33 INFO  [main] lighteningSalesforce.LoginAccountsTestcases LoginAccountsTestcases.java75 - Password entered successfully
20240603 17:23:41 INFO  [main] base.BasePage BasePage.java89 - Login Button IS WAITED FOR VISIBLITY
20240603 17:23:47 INFO  [main] base.BasePage BasePage.java70 - Login ButtonIs enabled and clicked
20240603 17:23:47 INFO  [main] lighteningSalesforce.LoginAccountsTestcases LoginAccountsTestcases.java88 - Lightning Experience  matched with Lightning Experience
20240603 17:23:47 INFO  [main] lighteningSalesforce.LoginAccountsTestcases LoginAccountsTestcases.java96 - All assertions Passed
20240603 17:23:47 INFO  [main] lighteningSalesforce.LoginAccountsTestcases LoginAccountsTestcases.java98 - ..............ended Login_Homepage()...............
20240603 17:23:47 INFO  [main] utility.SalesforceListenerUtility SalesforceListenerUtility.java38 - login_Homepage.......test execution sucess........
20240603 17:23:47 INFO  [main] utility.SalesforceListenerUtility SalesforceListenerUtility.java28 - editAccount.......test execution started........
20240603 17:23:53 ERROR [main] utility.SalesforceListenerUtility SalesforceListenerUtility.java48 - editAccount.......test execution completed with failure........
20240603 17:23:53 INFO  [main] base.BaseTest BaseTest.java169 - captures the screenshot
20240603 17:23:53 INFO  [main] utility.SalesforceListenerUtility SalesforceListenerUtility.java73 - .......<test> execution completed........
20240603 17:25:59 INFO  [main] utility.SalesforceListenerUtility SalesforceListenerUtility.java65 - .......<test> execution started........
20240603 17:25:59 INFO  [main] base.BaseTest BaseTest.java47 - .........BeforeMethod  executed---------------
20240603 17:25:59 INFO  [main] base.BaseTest BaseTest.java67 - Browser instance has started
20240603 17:26:03 INFO  [main] base.BaseTest BaseTest.java148 - https://login.salesforce.com/ is entered
20240603 17:26:03 INFO  [main] base.BaseTest BaseTest.java181 - Waiting until page loads within  expectedtime period
20240603 17:26:03 INFO  [main] utility.SalesforceListenerUtility SalesforceListenerUtility.java28 - login_Homepage.......test execution started........
20240603 17:26:03 INFO  [main] lighteningSalesforce.LoginAccountsTestcases LoginAccountsTestcases.java50 - ..............stated login_Homepage()...............
20240603 17:26:03 INFO  [main] base.BasePage BasePage.java217 - Current URL is = https://login.salesforce.com/
20240603 17:26:11 INFO  [main] lighteningSalesforce.LoginAccountsTestcases LoginAccountsTestcases.java62 - https://login.salesforce.com/  matched with https://login.salesforce.com/
20240603 17:26:11 INFO  [main] base.BasePage BasePage.java89 - UserName  IS WAITED FOR VISIBLITY
20240603 17:26:11 INFO  [main] base.BasePage BasePage.java140 - [[ChromeDriver: chrome on MAC (3869ab91afccf860ab0278107036cf9a)] -> xpath: //*[@id='username']]Is enabled and clicked
20240603 17:26:11 INFO  [main] base.BasePage BasePage.java144 - Username textboxIs displayed  in textarea
20240603 17:26:11 INFO  [main] lighteningSalesforce.LoginAccountsTestcases LoginAccountsTestcases.java72 - User name entered successfully
20240603 17:26:11 INFO  [main] base.BasePage BasePage.java140 - [[ChromeDriver: chrome on MAC (3869ab91afccf860ab0278107036cf9a)] -> xpath: //*[@id='password']]Is enabled and clicked
20240603 17:26:11 INFO  [main] base.BasePage BasePage.java144 - password field Is displayed  in textarea
20240603 17:26:11 INFO  [main] lighteningSalesforce.LoginAccountsTestcases LoginAccountsTestcases.java75 - Password entered successfully
20240603 17:26:19 INFO  [main] base.BasePage BasePage.java89 - Login Button IS WAITED FOR VISIBLITY
20240603 17:26:24 INFO  [main] base.BasePage BasePage.java70 - Login ButtonIs enabled and clicked
20240603 17:26:24 INFO  [main] lighteningSalesforce.LoginAccountsTestcases LoginAccountsTestcases.java88 - Lightning Experience  matched with Lightning Experience
20240603 17:26:24 INFO  [main] lighteningSalesforce.LoginAccountsTestcases LoginAccountsTestcases.java96 - All assertions Passed
20240603 17:26:24 INFO  [main] lighteningSalesforce.LoginAccountsTestcases LoginAccountsTestcases.java98 - ..............ended Login_Homepage()...............
20240603 17:26:24 INFO  [main] utility.SalesforceListenerUtility SalesforceListenerUtility.java38 - login_Homepage.......test execution sucess........
20240603 17:26:24 INFO  [main] utility.SalesforceListenerUtility SalesforceListenerUtility.java28 - editAccount.......test execution started........
20240603 17:26:30 ERROR [main] utility.SalesforceListenerUtility SalesforceListenerUtility.java48 - editAccount.......test execution completed with failure........
20240603 17:26:31 INFO  [main] base.BaseTest BaseTest.java169 - captures the screenshot
20240603 17:26:31 INFO  [main] utility.SalesforceListenerUtility SalesforceListenerUtility.java73 - .......<test> execution completed........
20240603 17:28:20 INFO  [main] utility.SalesforceListenerUtility SalesforceListenerUtility.java65 - .......<test> execution started........
20240603 17:28:20 INFO  [main] base.BaseTest BaseTest.java47 - .........BeforeMethod  executed---------------
20240603 17:28:21 INFO  [main] base.BaseTest BaseTest.java67 - Browser instance has started
20240603 17:28:26 INFO  [main] base.BaseTest BaseTest.java148 - https://login.salesforce.com/ is entered
20240603 17:28:26 INFO  [main] base.BaseTest BaseTest.java181 - Waiting until page loads within  expectedtime period
20240603 17:28:26 INFO  [main] utility.SalesforceListenerUtility SalesforceListenerUtility.java28 - login_Homepage.......test execution started........
20240603 17:28:26 INFO  [main] lighteningSalesforce.LoginAccountsTestcases LoginAccountsTestcases.java50 - ..............stated login_Homepage()...............
20240603 17:28:26 INFO  [main] base.BasePage BasePage.java217 - Current URL is = https://login.salesforce.com/
20240603 17:28:34 INFO  [main] lighteningSalesforce.LoginAccountsTestcases LoginAccountsTestcases.java62 - https://login.salesforce.com/  matched with https://login.salesforce.com/
20240603 17:28:34 INFO  [main] base.BasePage BasePage.java89 - UserName  IS WAITED FOR VISIBLITY
20240603 17:28:34 INFO  [main] base.BasePage BasePage.java140 - [[ChromeDriver: chrome on MAC (274948391c7e9fc910270c8ccf316582)] -> xpath: //*[@id='username']]Is enabled and clicked
20240603 17:28:34 INFO  [main] base.BasePage BasePage.java144 - Username textboxIs displayed  in textarea
20240603 17:28:34 INFO  [main] lighteningSalesforce.LoginAccountsTestcases LoginAccountsTestcases.java72 - User name entered successfully
20240603 17:28:34 INFO  [main] base.BasePage BasePage.java140 - [[ChromeDriver: chrome on MAC (274948391c7e9fc910270c8ccf316582)] -> xpath: //*[@id='password']]Is enabled and clicked
20240603 17:28:34 INFO  [main] base.BasePage BasePage.java144 - password field Is displayed  in textarea
20240603 17:28:34 INFO  [main] lighteningSalesforce.LoginAccountsTestcases LoginAccountsTestcases.java75 - Password entered successfully
20240603 17:28:42 INFO  [main] base.BasePage BasePage.java89 - Login Button IS WAITED FOR VISIBLITY
20240603 17:28:48 INFO  [main] base.BasePage BasePage.java70 - Login ButtonIs enabled and clicked
20240603 17:28:48 INFO  [main] lighteningSalesforce.LoginAccountsTestcases LoginAccountsTestcases.java88 - Lightning Experience  matched with Lightning Experience
20240603 17:28:48 INFO  [main] lighteningSalesforce.LoginAccountsTestcases LoginAccountsTestcases.java96 - All assertions Passed
20240603 17:28:48 INFO  [main] lighteningSalesforce.LoginAccountsTestcases LoginAccountsTestcases.java98 - ..............ended Login_Homepage()...............
20240603 17:28:48 INFO  [main] utility.SalesforceListenerUtility SalesforceListenerUtility.java38 - login_Homepage.......test execution sucess........
20240603 17:28:48 INFO  [main] utility.SalesforceListenerUtility SalesforceListenerUtility.java28 - editAccount.......test execution started........
20240603 17:28:54 ERROR [main] utility.SalesforceListenerUtility SalesforceListenerUtility.java48 - editAccount.......test execution completed with failure........
20240603 17:28:55 INFO  [main] base.BaseTest BaseTest.java169 - captures the screenshot
20240603 17:28:55 INFO  [main] utility.SalesforceListenerUtility SalesforceListenerUtility.java73 - .......<test> execution completed........
20240603 17:29:00 INFO  [main] utility.SalesforceListenerUtility SalesforceListenerUtility.java65 - .......<test> execution started........
20240603 17:29:00 INFO  [main] base.BaseTest BaseTest.java47 - .........BeforeMethod  executed---------------
20240603 17:29:01 INFO  [main] base.BaseTest BaseTest.java67 - Browser instance has started
20240603 17:29:03 INFO  [main] base.BaseTest BaseTest.java148 - https://login.salesforce.com/ is entered
20240603 17:29:03 INFO  [main] base.BaseTest BaseTest.java181 - Waiting until page loads within  expectedtime period
20240603 17:29:03 INFO  [main] utility.SalesforceListenerUtility SalesforceListenerUtility.java28 - login_Homepage.......test execution started........
20240603 17:29:03 INFO  [main] lighteningSalesforce.LoginAccountsTestcases LoginAccountsTestcases.java50 - ..............stated login_Homepage()...............
20240603 17:29:03 INFO  [main] base.BasePage BasePage.java217 - Current URL is = https://login.salesforce.com/
20240603 17:29:11 INFO  [main] lighteningSalesforce.LoginAccountsTestcases LoginAccountsTestcases.java62 - https://login.salesforce.com/  matched with https://login.salesforce.com/
20240603 17:31:08 INFO  [main] utility.SalesforceListenerUtility SalesforceListenerUtility.java65 - .......<test> execution started........
20240603 17:31:08 INFO  [main] base.BaseTest BaseTest.java47 - .........BeforeMethod  executed---------------
20240603 17:31:09 INFO  [main] base.BaseTest BaseTest.java67 - Browser instance has started
20240603 17:31:12 INFO  [main] base.BaseTest BaseTest.java148 - https://login.salesforce.com/ is entered
20240603 17:31:12 INFO  [main] base.BaseTest BaseTest.java181 - Waiting until page loads within  expectedtime period
20240603 17:31:12 INFO  [main] utility.SalesforceListenerUtility SalesforceListenerUtility.java28 - login_Homepage.......test execution started........
20240603 17:31:12 INFO  [main] lighteningSalesforce.LoginAccountsTestcases LoginAccountsTestcases.java50 - ..............stated login_Homepage()...............
20240603 17:31:12 INFO  [main] base.BasePage BasePage.java217 - Current URL is = https://login.salesforce.com/
20240603 17:31:20 INFO  [main] lighteningSalesforce.LoginAccountsTestcases LoginAccountsTestcases.java62 - https://login.salesforce.com/  matched with https://login.salesforce.com/
20240603 17:31:20 INFO  [main] base.BasePage BasePage.java89 - UserName  IS WAITED FOR VISIBLITY
20240603 17:31:20 INFO  [main] base.BasePage BasePage.java140 - [[ChromeDriver: chrome on MAC (d620a8336e7f160069e4ef513af2fb36)] -> xpath: //*[@id='username']]Is enabled and clicked
20240603 17:31:20 INFO  [main] base.BasePage BasePage.java144 - Username textboxIs displayed  in textarea
20240603 17:31:20 INFO  [main] lighteningSalesforce.LoginAccountsTestcases LoginAccountsTestcases.java72 - User name entered successfully
20240603 17:31:20 INFO  [main] base.BasePage BasePage.java140 - [[ChromeDriver: chrome on MAC (d620a8336e7f160069e4ef513af2fb36)] -> xpath: //*[@id='password']]Is enabled and clicked
20240603 17:31:20 INFO  [main] base.BasePage BasePage.java144 - password field Is displayed  in textarea
20240603 17:31:20 INFO  [main] lighteningSalesforce.LoginAccountsTestcases LoginAccountsTestcases.java75 - Password entered successfully
20240603 17:31:28 INFO  [main] base.BasePage BasePage.java89 - Login Button IS WAITED FOR VISIBLITY
20240603 17:31:34 INFO  [main] base.BasePage BasePage.java70 - Login ButtonIs enabled and clicked
20240603 17:31:34 INFO  [main] lighteningSalesforce.LoginAccountsTestcases LoginAccountsTestcases.java88 - Lightning Experience  matched with Lightning Experience
20240603 17:31:34 INFO  [main] lighteningSalesforce.LoginAccountsTestcases LoginAccountsTestcases.java96 - All assertions Passed
20240603 17:31:34 INFO  [main] lighteningSalesforce.LoginAccountsTestcases LoginAccountsTestcases.java98 - ..............ended Login_Homepage()...............
20240603 17:31:34 INFO  [main] utility.SalesforceListenerUtility SalesforceListenerUtility.java38 - login_Homepage.......test execution sucess........
20240603 17:31:34 INFO  [main] utility.SalesforceListenerUtility SalesforceListenerUtility.java28 - editAccount.......test execution started........
20240603 17:31:40 ERROR [main] utility.SalesforceListenerUtility SalesforceListenerUtility.java48 - editAccount.......test execution completed with failure........
20240603 17:31:40 INFO  [main] base.BaseTest BaseTest.java169 - captures the screenshot
20240603 17:31:40 INFO  [main] utility.SalesforceListenerUtility SalesforceListenerUtility.java73 - .......<test> execution completed........
20240603 17:35:55 INFO  [main] utility.SalesforceListenerUtility SalesforceListenerUtility.java65 - .......<test> execution started........
20240603 17:35:55 INFO  [main] base.BaseTest BaseTest.java47 - .........BeforeMethod  executed---------------
20240603 17:35:55 INFO  [main] base.BaseTest BaseTest.java67 - Browser instance has started
20240603 17:35:58 INFO  [main] base.BaseTest BaseTest.java148 - https://login.salesforce.com/ is entered
20240603 17:35:58 INFO  [main] base.BaseTest BaseTest.java181 - Waiting until page loads within  expectedtime period
20240603 17:35:58 INFO  [main] utility.SalesforceListenerUtility SalesforceListenerUtility.java28 - login_Homepage.......test execution started........
20240603 17:35:58 INFO  [main] lighteningSalesforce.LoginAccountsTestcases LoginAccountsTestcases.java50 - ..............stated login_Homepage()...............
20240603 17:35:58 INFO  [main] base.BasePage BasePage.java217 - Current URL is = https://login.salesforce.com/
20240603 17:36:06 INFO  [main] lighteningSalesforce.LoginAccountsTestcases LoginAccountsTestcases.java62 - https://login.salesforce.com/  matched with https://login.salesforce.com/
20240603 17:36:06 INFO  [main] base.BasePage BasePage.java89 - UserName  IS WAITED FOR VISIBLITY
20240603 17:36:06 INFO  [main] base.BasePage BasePage.java140 - [[ChromeDriver: chrome on MAC (d909d24d05d27379fde9ef5cfb8286a9)] -> xpath: //*[@id='username']]Is enabled and clicked
20240603 17:36:06 INFO  [main] base.BasePage BasePage.java144 - Username textboxIs displayed  in textarea
20240603 17:36:06 INFO  [main] lighteningSalesforce.LoginAccountsTestcases LoginAccountsTestcases.java72 - User name entered successfully
20240603 17:36:07 INFO  [main] base.BasePage BasePage.java140 - [[ChromeDriver: chrome on MAC (d909d24d05d27379fde9ef5cfb8286a9)] -> xpath: //*[@id='password']]Is enabled and clicked
20240603 17:36:07 INFO  [main] base.BasePage BasePage.java144 - password field Is displayed  in textarea
20240603 17:36:07 INFO  [main] lighteningSalesforce.LoginAccountsTestcases LoginAccountsTestcases.java75 - Password entered successfully
20240603 17:36:15 INFO  [main] base.BasePage BasePage.java89 - Login Button IS WAITED FOR VISIBLITY
20240603 17:36:21 INFO  [main] base.BasePage BasePage.java70 - Login ButtonIs enabled and clicked
20240603 17:36:21 INFO  [main] lighteningSalesforce.LoginAccountsTestcases LoginAccountsTestcases.java88 - Lightning Experience  matched with Lightning Experience
20240603 17:36:21 INFO  [main] lighteningSalesforce.LoginAccountsTestcases LoginAccountsTestcases.java96 - All assertions Passed
20240603 17:36:21 INFO  [main] lighteningSalesforce.LoginAccountsTestcases LoginAccountsTestcases.java98 - ..............ended Login_Homepage()...............
20240603 17:36:21 INFO  [main] utility.SalesforceListenerUtility SalesforceListenerUtility.java38 - login_Homepage.......test execution sucess........
20240603 17:36:21 INFO  [main] utility.SalesforceListenerUtility SalesforceListenerUtility.java28 - editAccount.......test execution started........
20240603 17:36:27 INFO  [main] utility.SalesforceListenerUtility SalesforceListenerUtility.java38 - editAccount.......test execution sucess........
20240603 17:36:27 INFO  [main] utility.SalesforceListenerUtility SalesforceListenerUtility.java73 - .......<test> execution completed........
20240603 17:38:33 INFO  [main] utility.SalesforceListenerUtility SalesforceListenerUtility.java65 - .......<test> execution started........
20240603 17:38:33 INFO  [main] base.BaseTest BaseTest.java47 - .........BeforeMethod  executed---------------
20240603 17:38:33 INFO  [main] base.BaseTest BaseTest.java67 - Browser instance has started
20240603 17:38:36 INFO  [main] base.BaseTest BaseTest.java148 - https://login.salesforce.com/ is entered
20240603 17:38:36 INFO  [main] base.BaseTest BaseTest.java181 - Waiting until page loads within  expectedtime period
20240603 17:38:36 INFO  [main] utility.SalesforceListenerUtility SalesforceListenerUtility.java28 - login_Homepage.......test execution started........
20240603 17:38:36 INFO  [main] lighteningSalesforce.LoginAccountsTestcases LoginAccountsTestcases.java50 - ..............stated login_Homepage()...............
20240603 17:38:36 INFO  [main] base.BasePage BasePage.java217 - Current URL is = https://login.salesforce.com/
20240603 17:38:44 INFO  [main] lighteningSalesforce.LoginAccountsTestcases LoginAccountsTestcases.java62 - https://login.salesforce.com/  matched with https://login.salesforce.com/
20240603 17:38:44 INFO  [main] base.BasePage BasePage.java89 - UserName  IS WAITED FOR VISIBLITY
20240603 17:38:44 INFO  [main] base.BasePage BasePage.java140 - [[ChromeDriver: chrome on MAC (b9b524ddee27ec9c520825e8de517201)] -> xpath: //*[@id='username']]Is enabled and clicked
20240603 17:38:44 INFO  [main] base.BasePage BasePage.java144 - Username textboxIs displayed  in textarea
20240603 17:38:44 INFO  [main] lighteningSalesforce.LoginAccountsTestcases LoginAccountsTestcases.java72 - User name entered successfully
20240603 17:38:45 INFO  [main] base.BasePage BasePage.java140 - [[ChromeDriver: chrome on MAC (b9b524ddee27ec9c520825e8de517201)] -> xpath: //*[@id='password']]Is enabled and clicked
20240603 17:38:45 INFO  [main] base.BasePage BasePage.java144 - password field Is displayed  in textarea
20240603 17:38:45 INFO  [main] lighteningSalesforce.LoginAccountsTestcases LoginAccountsTestcases.java75 - Password entered successfully
20240603 17:38:53 INFO  [main] base.BasePage BasePage.java89 - Login Button IS WAITED FOR VISIBLITY
20240603 17:38:55 INFO  [main] base.BasePage BasePage.java70 - Login ButtonIs enabled and clicked
20240603 17:38:57 INFO  [main] lighteningSalesforce.LoginAccountsTestcases LoginAccountsTestcases.java88 - Lightning Experience  matched with Lightning Experience
20240603 17:38:57 INFO  [main] lighteningSalesforce.LoginAccountsTestcases LoginAccountsTestcases.java96 - All assertions Passed
20240603 17:38:57 INFO  [main] lighteningSalesforce.LoginAccountsTestcases LoginAccountsTestcases.java98 - ..............ended Login_Homepage()...............
20240603 17:38:57 INFO  [main] utility.SalesforceListenerUtility SalesforceListenerUtility.java38 - login_Homepage.......test execution sucess........
20240603 17:38:57 INFO  [main] utility.SalesforceListenerUtility SalesforceListenerUtility.java28 - editAccount.......test execution started........
20240603 17:39:03 INFO  [main] utility.SalesforceListenerUtility SalesforceListenerUtility.java38 - editAccount.......test execution sucess........
20240603 17:39:03 INFO  [main] utility.SalesforceListenerUtility SalesforceListenerUtility.java73 - .......<test> execution completed........
20240603 17:42:49 INFO  [main] utility.SalesforceListenerUtility SalesforceListenerUtility.java65 - .......<test> execution started........
20240603 17:42:49 INFO  [main] base.BaseTest BaseTest.java47 - .........BeforeMethod  executed---------------
20240603 17:42:49 INFO  [main] base.BaseTest BaseTest.java67 - Browser instance has started
20240603 17:42:52 INFO  [main] base.BaseTest BaseTest.java148 - https://login.salesforce.com/ is entered
20240603 17:42:52 INFO  [main] base.BaseTest BaseTest.java181 - Waiting until page loads within  expectedtime period
20240603 17:42:52 INFO  [main] utility.SalesforceListenerUtility SalesforceListenerUtility.java28 - login_Homepage.......test execution started........
20240603 17:42:52 INFO  [main] lighteningSalesforce.LoginAccountsTestcases LoginAccountsTestcases.java50 - ..............stated login_Homepage()...............
20240603 17:42:52 INFO  [main] base.BasePage BasePage.java217 - Current URL is = https://login.salesforce.com/
20240603 17:43:00 INFO  [main] lighteningSalesforce.LoginAccountsTestcases LoginAccountsTestcases.java62 - https://login.salesforce.com/  matched with https://login.salesforce.com/
20240603 17:43:00 INFO  [main] base.BasePage BasePage.java89 - UserName  IS WAITED FOR VISIBLITY
20240603 17:43:00 INFO  [main] base.BasePage BasePage.java140 - [[ChromeDriver: chrome on MAC (f490ca4031a60182a2b6de1ec45c17e5)] -> xpath: //*[@id='username']]Is enabled and clicked
20240603 17:43:00 INFO  [main] base.BasePage BasePage.java144 - Username textboxIs displayed  in textarea
20240603 17:43:00 INFO  [main] lighteningSalesforce.LoginAccountsTestcases LoginAccountsTestcases.java72 - User name entered successfully
20240603 17:43:00 INFO  [main] base.BasePage BasePage.java140 - [[ChromeDriver: chrome on MAC (f490ca4031a60182a2b6de1ec45c17e5)] -> xpath: //*[@id='password']]Is enabled and clicked
20240603 17:43:00 INFO  [main] base.BasePage BasePage.java144 - password field Is displayed  in textarea
20240603 17:43:00 INFO  [main] lighteningSalesforce.LoginAccountsTestcases LoginAccountsTestcases.java75 - Password entered successfully
20240603 17:43:08 INFO  [main] base.BasePage BasePage.java89 - Login Button IS WAITED FOR VISIBLITY
20240603 17:43:15 INFO  [main] base.BasePage BasePage.java70 - Login ButtonIs enabled and clicked
20240603 17:43:15 INFO  [main] lighteningSalesforce.LoginAccountsTestcases LoginAccountsTestcases.java88 - Lightning Experience  matched with Lightning Experience
20240603 17:43:15 INFO  [main] lighteningSalesforce.LoginAccountsTestcases LoginAccountsTestcases.java96 - All assertions Passed
20240603 17:43:15 INFO  [main] lighteningSalesforce.LoginAccountsTestcases LoginAccountsTestcases.java98 - ..............ended Login_Homepage()...............
20240603 17:43:15 INFO  [main] utility.SalesforceListenerUtility SalesforceListenerUtility.java38 - login_Homepage.......test execution sucess........
20240603 17:43:15 INFO  [main] utility.SalesforceListenerUtility SalesforceListenerUtility.java28 - editAccount.......test execution started........
20240603 17:43:21 ERROR [main] utility.SalesforceListenerUtility SalesforceListenerUtility.java48 - editAccount.......test execution completed with failure........
20240603 17:43:22 INFO  [main] base.BaseTest BaseTest.java169 - captures the screenshot
20240603 17:43:22 INFO  [main] utility.SalesforceListenerUtility SalesforceListenerUtility.java73 - .......<test> execution completed........
20240603 17:46:23 INFO  [main] utility.SalesforceListenerUtility SalesforceListenerUtility.java65 - .......<test> execution started........
20240603 17:46:24 INFO  [main] base.BaseTest BaseTest.java47 - .........BeforeMethod  executed---------------
20240603 17:46:24 INFO  [main] base.BaseTest BaseTest.java67 - Browser instance has started
20240603 17:46:27 INFO  [main] base.BaseTest BaseTest.java148 - https://login.salesforce.com/ is entered
20240603 17:46:27 INFO  [main] base.BaseTest BaseTest.java181 - Waiting until page loads within  expectedtime period
20240603 17:46:27 INFO  [main] utility.SalesforceListenerUtility SalesforceListenerUtility.java28 - login_Homepage.......test execution started........
20240603 17:46:27 INFO  [main] lighteningSalesforce.LoginAccountsTestcases LoginAccountsTestcases.java50 - ..............stated login_Homepage()...............
20240603 17:46:27 INFO  [main] base.BasePage BasePage.java217 - Current URL is = https://login.salesforce.com/
20240603 17:46:35 INFO  [main] lighteningSalesforce.LoginAccountsTestcases LoginAccountsTestcases.java62 - https://login.salesforce.com/  matched with https://login.salesforce.com/
20240603 17:46:35 INFO  [main] base.BasePage BasePage.java89 - UserName  IS WAITED FOR VISIBLITY
20240603 17:46:35 INFO  [main] base.BasePage BasePage.java140 - [[ChromeDriver: chrome on MAC (b192f208420b9041bcc945eaaaada66b)] -> xpath: //*[@id='username']]Is enabled and clicked
20240603 17:46:35 INFO  [main] base.BasePage BasePage.java144 - Username textboxIs displayed  in textarea
20240603 17:46:35 INFO  [main] lighteningSalesforce.LoginAccountsTestcases LoginAccountsTestcases.java72 - User name entered successfully
20240603 17:46:35 INFO  [main] base.BasePage BasePage.java140 - [[ChromeDriver: chrome on MAC (b192f208420b9041bcc945eaaaada66b)] -> xpath: //*[@id='password']]Is enabled and clicked
20240603 17:46:35 INFO  [main] base.BasePage BasePage.java144 - password field Is displayed  in textarea
20240603 17:46:35 INFO  [main] lighteningSalesforce.LoginAccountsTestcases LoginAccountsTestcases.java75 - Password entered successfully
20240603 17:46:43 INFO  [main] base.BasePage BasePage.java89 - Login Button IS WAITED FOR VISIBLITY
20240603 17:46:49 INFO  [main] base.BasePage BasePage.java70 - Login ButtonIs enabled and clicked
20240603 17:46:49 INFO  [main] lighteningSalesforce.LoginAccountsTestcases LoginAccountsTestcases.java88 - Lightning Experience  matched with Lightning Experience
20240603 17:46:49 INFO  [main] lighteningSalesforce.LoginAccountsTestcases LoginAccountsTestcases.java96 - All assertions Passed
20240603 17:46:49 INFO  [main] lighteningSalesforce.LoginAccountsTestcases LoginAccountsTestcases.java98 - ..............ended Login_Homepage()...............
20240603 17:46:49 INFO  [main] utility.SalesforceListenerUtility SalesforceListenerUtility.java38 - login_Homepage.......test execution sucess........
20240603 17:46:49 INFO  [main] utility.SalesforceListenerUtility SalesforceListenerUtility.java28 - editAccount.......test execution started........
20240603 17:46:55 ERROR [main] utility.SalesforceListenerUtility SalesforceListenerUtility.java48 - editAccount.......test execution completed with failure........
20240603 17:46:55 INFO  [main] base.BaseTest BaseTest.java169 - captures the screenshot
20240603 17:46:55 INFO  [main] utility.SalesforceListenerUtility SalesforceListenerUtility.java73 - .......<test> execution completed........
20240603 17:48:29 INFO  [main] utility.SalesforceListenerUtility SalesforceListenerUtility.java65 - .......<test> execution started........
20240603 17:48:29 INFO  [main] base.BaseTest BaseTest.java47 - .........BeforeMethod  executed---------------
20240603 17:48:30 INFO  [main] base.BaseTest BaseTest.java67 - Browser instance has started
20240603 17:48:32 INFO  [main] base.BaseTest BaseTest.java148 - https://login.salesforce.com/ is entered
20240603 17:48:32 INFO  [main] base.BaseTest BaseTest.java181 - Waiting until page loads within  expectedtime period
20240603 17:48:32 INFO  [main] utility.SalesforceListenerUtility SalesforceListenerUtility.java28 - login_Homepage.......test execution started........
20240603 17:48:32 INFO  [main] lighteningSalesforce.LoginAccountsTestcases LoginAccountsTestcases.java50 - ..............stated login_Homepage()...............
20240603 17:48:32 INFO  [main] base.BasePage BasePage.java217 - Current URL is = https://login.salesforce.com/
20240603 17:48:40 INFO  [main] lighteningSalesforce.LoginAccountsTestcases LoginAccountsTestcases.java62 - https://login.salesforce.com/  matched with https://login.salesforce.com/
20240603 17:48:40 INFO  [main] base.BasePage BasePage.java89 - UserName  IS WAITED FOR VISIBLITY
20240603 17:48:41 INFO  [main] base.BasePage BasePage.java140 - [[ChromeDriver: chrome on MAC (89fd8af9dd08c47df8838df54f574c4a)] -> xpath: //*[@id='username']]Is enabled and clicked
20240603 17:48:41 INFO  [main] base.BasePage BasePage.java144 - Username textboxIs displayed  in textarea
20240603 17:48:41 INFO  [main] lighteningSalesforce.LoginAccountsTestcases LoginAccountsTestcases.java72 - User name entered successfully
20240603 17:48:41 INFO  [main] base.BasePage BasePage.java140 - [[ChromeDriver: chrome on MAC (89fd8af9dd08c47df8838df54f574c4a)] -> xpath: //*[@id='password']]Is enabled and clicked
20240603 17:48:41 INFO  [main] base.BasePage BasePage.java144 - password field Is displayed  in textarea
20240603 17:48:41 INFO  [main] lighteningSalesforce.LoginAccountsTestcases LoginAccountsTestcases.java75 - Password entered successfully
20240603 17:48:49 INFO  [main] base.BasePage BasePage.java89 - Login Button IS WAITED FOR VISIBLITY
20240603 17:48:51 INFO  [main] base.BasePage BasePage.java70 - Login ButtonIs enabled and clicked
20240603 17:48:54 INFO  [main] lighteningSalesforce.LoginAccountsTestcases LoginAccountsTestcases.java88 - Lightning Experience  matched with Lightning Experience
20240603 17:48:54 INFO  [main] lighteningSalesforce.LoginAccountsTestcases LoginAccountsTestcases.java96 - All assertions Passed
20240603 17:48:54 INFO  [main] lighteningSalesforce.LoginAccountsTestcases LoginAccountsTestcases.java98 - ..............ended Login_Homepage()...............
20240603 17:48:54 INFO  [main] utility.SalesforceListenerUtility SalesforceListenerUtility.java38 - login_Homepage.......test execution sucess........
20240603 17:48:54 INFO  [main] utility.SalesforceListenerUtility SalesforceListenerUtility.java28 - editAccount.......test execution started........
20240603 17:49:00 ERROR [main] utility.SalesforceListenerUtility SalesforceListenerUtility.java48 - editAccount.......test execution completed with failure........
20240603 17:49:00 INFO  [main] base.BaseTest BaseTest.java169 - captures the screenshot
20240603 17:49:00 INFO  [main] utility.SalesforceListenerUtility SalesforceListenerUtility.java73 - .......<test> execution completed........
20240603 17:51:32 INFO  [main] utility.SalesforceListenerUtility SalesforceListenerUtility.java65 - .......<test> execution started........
20240603 17:51:32 INFO  [main] base.BaseTest BaseTest.java47 - .........BeforeMethod  executed---------------
20240603 17:51:33 INFO  [main] base.BaseTest BaseTest.java67 - Browser instance has started
20240603 17:51:35 INFO  [main] base.BaseTest BaseTest.java148 - https://login.salesforce.com/ is entered
20240603 17:51:35 INFO  [main] base.BaseTest BaseTest.java181 - Waiting until page loads within  expectedtime period
20240603 17:51:35 INFO  [main] utility.SalesforceListenerUtility SalesforceListenerUtility.java28 - login_Homepage.......test execution started........
20240603 17:51:35 INFO  [main] lighteningSalesforce.LoginAccountsTestcases LoginAccountsTestcases.java50 - ..............stated login_Homepage()...............
20240603 17:51:35 INFO  [main] base.BasePage BasePage.java217 - Current URL is = https://login.salesforce.com/
20240603 17:51:43 INFO  [main] lighteningSalesforce.LoginAccountsTestcases LoginAccountsTestcases.java62 - https://login.salesforce.com/  matched with https://login.salesforce.com/
20240603 17:51:43 INFO  [main] base.BasePage BasePage.java89 - UserName  IS WAITED FOR VISIBLITY
20240603 17:51:43 INFO  [main] base.BasePage BasePage.java140 - [[ChromeDriver: chrome on MAC (6e20754541e911b1e2bf47661432f73a)] -> xpath: //*[@id='username']]Is enabled and clicked
20240603 17:51:43 INFO  [main] base.BasePage BasePage.java144 - Username textboxIs displayed  in textarea
20240603 17:51:43 INFO  [main] lighteningSalesforce.LoginAccountsTestcases LoginAccountsTestcases.java72 - User name entered successfully
20240603 17:51:43 INFO  [main] base.BasePage BasePage.java140 - [[ChromeDriver: chrome on MAC (6e20754541e911b1e2bf47661432f73a)] -> xpath: //*[@id='password']]Is enabled and clicked
20240603 17:51:43 INFO  [main] base.BasePage BasePage.java144 - password field Is displayed  in textarea
20240603 17:51:43 INFO  [main] lighteningSalesforce.LoginAccountsTestcases LoginAccountsTestcases.java75 - Password entered successfully
20240603 17:51:51 INFO  [main] base.BasePage BasePage.java89 - Login Button IS WAITED FOR VISIBLITY
20240603 17:51:53 INFO  [main] base.BasePage BasePage.java70 - Login ButtonIs enabled and clicked
20240603 17:51:56 INFO  [main] lighteningSalesforce.LoginAccountsTestcases LoginAccountsTestcases.java88 - Lightning Experience  matched with Lightning Experience
20240603 17:51:56 INFO  [main] lighteningSalesforce.LoginAccountsTestcases LoginAccountsTestcases.java96 - All assertions Passed
20240603 17:51:56 INFO  [main] lighteningSalesforce.LoginAccountsTestcases LoginAccountsTestcases.java98 - ..............ended Login_Homepage()...............
20240603 17:51:56 INFO  [main] utility.SalesforceListenerUtility SalesforceListenerUtility.java38 - login_Homepage.......test execution sucess........
20240603 17:51:56 INFO  [main] utility.SalesforceListenerUtility SalesforceListenerUtility.java28 - editAccount.......test execution started........
20240603 17:52:02 ERROR [main] utility.SalesforceListenerUtility SalesforceListenerUtility.java48 - editAccount.......test execution completed with failure........
20240603 17:52:03 INFO  [main] base.BaseTest BaseTest.java169 - captures the screenshot
20240603 17:52:03 INFO  [main] utility.SalesforceListenerUtility SalesforceListenerUtility.java73 - .......<test> execution completed........
20240603 17:52:57 INFO  [main] utility.SalesforceListenerUtility SalesforceListenerUtility.java65 - .......<test> execution started........
20240603 17:52:58 INFO  [main] base.BaseTest BaseTest.java47 - .........BeforeMethod  executed---------------
20240603 17:52:58 INFO  [main] base.BaseTest BaseTest.java67 - Browser instance has started
20240603 17:53:01 INFO  [main] base.BaseTest BaseTest.java148 - https://login.salesforce.com/ is entered
20240603 17:53:01 INFO  [main] base.BaseTest BaseTest.java181 - Waiting until page loads within  expectedtime period
20240603 17:53:01 INFO  [main] utility.SalesforceListenerUtility SalesforceListenerUtility.java28 - login_Homepage.......test execution started........
20240603 17:53:01 INFO  [main] lighteningSalesforce.LoginAccountsTestcases LoginAccountsTestcases.java50 - ..............stated login_Homepage()...............
20240603 17:53:01 INFO  [main] base.BasePage BasePage.java217 - Current URL is = https://login.salesforce.com/
20240603 17:53:09 INFO  [main] lighteningSalesforce.LoginAccountsTestcases LoginAccountsTestcases.java62 - https://login.salesforce.com/  matched with https://login.salesforce.com/
20240603 17:53:09 INFO  [main] base.BasePage BasePage.java89 - UserName  IS WAITED FOR VISIBLITY
20240603 17:53:09 INFO  [main] base.BasePage BasePage.java140 - [[ChromeDriver: chrome on MAC (2bad0051b63713cb0c99ad055d9b4e26)] -> xpath: //*[@id='username']]Is enabled and clicked
20240603 17:53:09 INFO  [main] base.BasePage BasePage.java144 - Username textboxIs displayed  in textarea
20240603 17:53:09 INFO  [main] lighteningSalesforce.LoginAccountsTestcases LoginAccountsTestcases.java72 - User name entered successfully
20240603 17:53:09 INFO  [main] base.BasePage BasePage.java140 - [[ChromeDriver: chrome on MAC (2bad0051b63713cb0c99ad055d9b4e26)] -> xpath: //*[@id='password']]Is enabled and clicked
20240603 17:53:09 INFO  [main] base.BasePage BasePage.java144 - password field Is displayed  in textarea
20240603 17:53:09 INFO  [main] lighteningSalesforce.LoginAccountsTestcases LoginAccountsTestcases.java75 - Password entered successfully
20240603 17:53:17 INFO  [main] base.BasePage BasePage.java89 - Login Button IS WAITED FOR VISIBLITY
20240603 17:53:23 INFO  [main] base.BasePage BasePage.java70 - Login ButtonIs enabled and clicked
20240603 17:53:23 INFO  [main] lighteningSalesforce.LoginAccountsTestcases LoginAccountsTestcases.java88 - Lightning Experience  matched with Lightning Experience
20240603 17:53:23 INFO  [main] lighteningSalesforce.LoginAccountsTestcases LoginAccountsTestcases.java96 - All assertions Passed
20240603 17:53:23 INFO  [main] lighteningSalesforce.LoginAccountsTestcases LoginAccountsTestcases.java98 - ..............ended Login_Homepage()...............
20240603 17:53:23 INFO  [main] utility.SalesforceListenerUtility SalesforceListenerUtility.java38 - login_Homepage.......test execution sucess........
20240603 17:53:23 INFO  [main] utility.SalesforceListenerUtility SalesforceListenerUtility.java28 - editAccount.......test execution started........
20240603 17:53:33 INFO  [main] base.BasePage BasePage.java236 - Element extracted text is = lib123
20240603 17:53:43 INFO  [main] utility.SalesforceListenerUtility SalesforceListenerUtility.java38 - editAccount.......test execution sucess........
20240603 17:53:43 INFO  [main] utility.SalesforceListenerUtility SalesforceListenerUtility.java73 - .......<test> execution completed........
20240603 18:37:58 INFO  [main] utility.SalesforceListenerUtility SalesforceListenerUtility.java65 - .......<test> execution started........
20240603 18:37:58 INFO  [main] base.BaseTest BaseTest.java47 - .........BeforeMethod  executed---------------
20240603 18:37:59 INFO  [main] base.BaseTest BaseTest.java67 - Browser instance has started
20240603 18:38:04 INFO  [main] base.BaseTest BaseTest.java148 - https://login.salesforce.com/ is entered
20240603 18:38:04 INFO  [main] base.BaseTest BaseTest.java181 - Waiting until page loads within  expectedtime period
20240603 18:38:04 INFO  [main] utility.SalesforceListenerUtility SalesforceListenerUtility.java28 - login_Homepage.......test execution started........
20240603 18:38:04 INFO  [main] lighteningSalesforce.LoginAccountsTestcases LoginAccountsTestcases.java50 - ..............stated login_Homepage()...............
20240603 18:38:04 INFO  [main] base.BasePage BasePage.java217 - Current URL is = https://login.salesforce.com/
20240603 18:38:12 INFO  [main] lighteningSalesforce.LoginAccountsTestcases LoginAccountsTestcases.java62 - https://login.salesforce.com/  matched with https://login.salesforce.com/
20240603 18:38:12 INFO  [main] base.BasePage BasePage.java89 - UserName  IS WAITED FOR VISIBLITY
20240603 18:38:12 INFO  [main] base.BasePage BasePage.java140 - [[ChromeDriver: chrome on MAC (b664fcea6ce9309a5e6468042aa423c5)] -> xpath: //*[@id='username']]Is enabled and clicked
20240603 18:38:12 INFO  [main] base.BasePage BasePage.java144 - Username textboxIs displayed  in textarea
20240603 18:38:12 INFO  [main] lighteningSalesforce.LoginAccountsTestcases LoginAccountsTestcases.java72 - User name entered successfully
20240603 18:38:12 INFO  [main] base.BasePage BasePage.java140 - [[ChromeDriver: chrome on MAC (b664fcea6ce9309a5e6468042aa423c5)] -> xpath: //*[@id='password']]Is enabled and clicked
20240603 18:38:12 INFO  [main] base.BasePage BasePage.java144 - password field Is displayed  in textarea
20240603 18:38:12 INFO  [main] lighteningSalesforce.LoginAccountsTestcases LoginAccountsTestcases.java75 - Password entered successfully
20240603 18:38:20 INFO  [main] base.BasePage BasePage.java89 - Login Button IS WAITED FOR VISIBLITY
20240603 18:38:26 INFO  [main] base.BasePage BasePage.java70 - Login ButtonIs enabled and clicked
20240603 18:38:26 INFO  [main] lighteningSalesforce.LoginAccountsTestcases LoginAccountsTestcases.java88 - Lightning Experience  matched with Lightning Experience
20240603 18:38:26 INFO  [main] lighteningSalesforce.LoginAccountsTestcases LoginAccountsTestcases.java96 - All assertions Passed
20240603 18:38:26 INFO  [main] lighteningSalesforce.LoginAccountsTestcases LoginAccountsTestcases.java98 - ..............ended Login_Homepage()...............
20240603 18:38:26 INFO  [main] utility.SalesforceListenerUtility SalesforceListenerUtility.java38 - login_Homepage.......test execution sucess........
20240603 18:38:26 INFO  [main] utility.SalesforceListenerUtility SalesforceListenerUtility.java28 - editAccount.......test execution started........
20240603 18:38:35 INFO  [main] base.BasePage BasePage.java236 - Element extracted text is = lib123
20240603 18:38:46 INFO  [main] utility.SalesforceListenerUtility SalesforceListenerUtility.java38 - editAccount.......test execution sucess........
20240603 18:38:46 INFO  [main] utility.SalesforceListenerUtility SalesforceListenerUtility.java73 - .......<test> execution completed........
20240603 18:38:54 INFO  [main] utility.SalesforceListenerUtility SalesforceListenerUtility.java65 - .......<test> execution started........
20240603 18:38:54 INFO  [main] base.BaseTest BaseTest.java47 - .........BeforeMethod  executed---------------
20240603 18:38:54 INFO  [main] base.BaseTest BaseTest.java67 - Browser instance has started
20240603 18:38:57 INFO  [main] base.BaseTest BaseTest.java148 - https://login.salesforce.com/ is entered
20240603 18:38:57 INFO  [main] base.BaseTest BaseTest.java181 - Waiting until page loads within  expectedtime period
20240603 18:38:57 INFO  [main] utility.SalesforceListenerUtility SalesforceListenerUtility.java28 - login_Homepage.......test execution started........
20240603 18:38:58 INFO  [main] lighteningSalesforce.LoginAccountsTestcases LoginAccountsTestcases.java50 - ..............stated login_Homepage()...............
20240603 18:38:58 INFO  [main] base.BasePage BasePage.java217 - Current URL is = https://login.salesforce.com/
20240603 18:41:42 INFO  [main] utility.SalesforceListenerUtility SalesforceListenerUtility.java65 - .......<test> execution started........
20240603 18:41:42 INFO  [main] base.BaseTest BaseTest.java47 - .........BeforeMethod  executed---------------
20240603 18:41:43 INFO  [main] base.BaseTest BaseTest.java67 - Browser instance has started
20240603 18:41:46 INFO  [main] base.BaseTest BaseTest.java148 - https://login.salesforce.com/ is entered
20240603 18:41:46 INFO  [main] base.BaseTest BaseTest.java181 - Waiting until page loads within  expectedtime period
20240603 18:41:46 INFO  [main] utility.SalesforceListenerUtility SalesforceListenerUtility.java28 - login_Homepage.......test execution started........
20240603 18:41:46 INFO  [main] lighteningSalesforce.LoginAccountsTestcases LoginAccountsTestcases.java50 - ..............stated login_Homepage()...............
20240603 18:41:46 INFO  [main] base.BasePage BasePage.java217 - Current URL is = https://login.salesforce.com/
20240603 18:41:54 INFO  [main] lighteningSalesforce.LoginAccountsTestcases LoginAccountsTestcases.java62 - https://login.salesforce.com/  matched with https://login.salesforce.com/
20240603 18:41:54 INFO  [main] base.BasePage BasePage.java89 - UserName  IS WAITED FOR VISIBLITY
20240603 18:41:54 INFO  [main] base.BasePage BasePage.java140 - [[ChromeDriver: chrome on MAC (70930a894050fedd62809fb12f66fd09)] -> xpath: //*[@id='username']]Is enabled and clicked
20240603 18:41:54 INFO  [main] base.BasePage BasePage.java144 - Username textboxIs displayed  in textarea
20240603 18:41:54 INFO  [main] lighteningSalesforce.LoginAccountsTestcases LoginAccountsTestcases.java72 - User name entered successfully
20240603 18:41:54 INFO  [main] base.BasePage BasePage.java140 - [[ChromeDriver: chrome on MAC (70930a894050fedd62809fb12f66fd09)] -> xpath: //*[@id='password']]Is enabled and clicked
20240603 18:41:54 INFO  [main] base.BasePage BasePage.java144 - password field Is displayed  in textarea
20240603 18:41:54 INFO  [main] lighteningSalesforce.LoginAccountsTestcases LoginAccountsTestcases.java75 - Password entered successfully
20240603 18:42:02 INFO  [main] base.BasePage BasePage.java89 - Login Button IS WAITED FOR VISIBLITY
20240603 18:42:08 INFO  [main] base.BasePage BasePage.java70 - Login ButtonIs enabled and clicked
20240603 18:42:08 INFO  [main] lighteningSalesforce.LoginAccountsTestcases LoginAccountsTestcases.java88 - Lightning Experience  matched with Lightning Experience
20240603 18:42:08 INFO  [main] lighteningSalesforce.LoginAccountsTestcases LoginAccountsTestcases.java96 - All assertions Passed
20240603 18:42:08 INFO  [main] lighteningSalesforce.LoginAccountsTestcases LoginAccountsTestcases.java98 - ..............ended Login_Homepage()...............
20240603 18:42:08 INFO  [main] utility.SalesforceListenerUtility SalesforceListenerUtility.java38 - login_Homepage.......test execution sucess........
20240603 18:42:08 INFO  [main] utility.SalesforceListenerUtility SalesforceListenerUtility.java28 - editAccount.......test execution started........
20240603 18:42:18 INFO  [main] base.BasePage BasePage.java236 - Element extracted text is = lib123
20240603 18:42:28 INFO  [main] utility.SalesforceListenerUtility SalesforceListenerUtility.java38 - editAccount.......test execution sucess........
20240603 18:42:28 INFO  [main] utility.SalesforceListenerUtility SalesforceListenerUtility.java73 - .......<test> execution completed........
20240603 19:19:15 INFO  [main] utility.SalesforceListenerUtility SalesforceListenerUtility.java65 - .......<test> execution started........
20240603 19:19:16 INFO  [main] base.BaseTest BaseTest.java47 - .........BeforeMethod  executed---------------
20240603 19:19:16 INFO  [main] base.BaseTest BaseTest.java67 - Browser instance has started
20240603 19:19:19 INFO  [main] base.BaseTest BaseTest.java148 - https://login.salesforce.com/ is entered
20240603 19:19:19 INFO  [main] base.BaseTest BaseTest.java181 - Waiting until page loads within  expectedtime period
20240603 19:19:19 INFO  [main] utility.SalesforceListenerUtility SalesforceListenerUtility.java28 - login_Homepage.......test execution started........
20240603 19:19:19 INFO  [main] lighteningSalesforce.LoginAccountsTestcases LoginAccountsTestcases.java50 - ..............stated login_Homepage()...............
20240603 19:19:19 INFO  [main] base.BasePage BasePage.java217 - Current URL is = https://login.salesforce.com/
20240603 19:19:27 INFO  [main] lighteningSalesforce.LoginAccountsTestcases LoginAccountsTestcases.java62 - https://login.salesforce.com/  matched with https://login.salesforce.com/
20240603 19:19:27 INFO  [main] base.BasePage BasePage.java89 - UserName  IS WAITED FOR VISIBLITY
20240603 19:19:27 INFO  [main] base.BasePage BasePage.java140 - [[ChromeDriver: chrome on MAC (a27da6d6d2668ff77a52e1b4759036ae)] -> xpath: //*[@id='username']]Is enabled and clicked
20240603 19:19:27 INFO  [main] base.BasePage BasePage.java144 - Username textboxIs displayed  in textarea
20240603 19:19:27 INFO  [main] lighteningSalesforce.LoginAccountsTestcases LoginAccountsTestcases.java72 - User name entered successfully
20240603 19:19:27 INFO  [main] base.BasePage BasePage.java140 - [[ChromeDriver: chrome on MAC (a27da6d6d2668ff77a52e1b4759036ae)] -> xpath: //*[@id='password']]Is enabled and clicked
20240603 19:19:27 INFO  [main] base.BasePage BasePage.java144 - password field Is displayed  in textarea
20240603 19:19:27 INFO  [main] lighteningSalesforce.LoginAccountsTestcases LoginAccountsTestcases.java75 - Password entered successfully
20240603 19:19:35 INFO  [main] base.BasePage BasePage.java89 - Login Button IS WAITED FOR VISIBLITY
20240603 19:19:41 INFO  [main] base.BasePage BasePage.java70 - Login ButtonIs enabled and clicked
20240603 19:19:41 INFO  [main] lighteningSalesforce.LoginAccountsTestcases LoginAccountsTestcases.java88 - Lightning Experience  matched with Lightning Experience
20240603 19:19:41 INFO  [main] lighteningSalesforce.LoginAccountsTestcases LoginAccountsTestcases.java96 - All assertions Passed
20240603 19:19:41 INFO  [main] lighteningSalesforce.LoginAccountsTestcases LoginAccountsTestcases.java98 - ..............ended Login_Homepage()...............
20240603 19:19:41 INFO  [main] utility.SalesforceListenerUtility SalesforceListenerUtility.java38 - login_Homepage.......test execution sucess........
20240603 19:19:41 INFO  [main] utility.SalesforceListenerUtility SalesforceListenerUtility.java28 - editAccount.......test execution started........
20240603 19:19:50 ERROR [main] utility.SalesforceListenerUtility SalesforceListenerUtility.java48 - editAccount.......test execution completed with failure........
20240603 19:19:50 INFO  [main] base.BaseTest BaseTest.java169 - captures the screenshot
20240603 19:19:50 INFO  [main] utility.SalesforceListenerUtility SalesforceListenerUtility.java73 - .......<test> execution completed........
20240603 19:20:33 INFO  [main] utility.SalesforceListenerUtility SalesforceListenerUtility.java65 - .......<test> execution started........
20240603 19:20:34 INFO  [main] base.BaseTest BaseTest.java47 - .........BeforeMethod  executed---------------
20240603 19:20:34 INFO  [main] base.BaseTest BaseTest.java67 - Browser instance has started
20240603 19:20:37 INFO  [main] base.BaseTest BaseTest.java148 - https://login.salesforce.com/ is entered
20240603 19:20:37 INFO  [main] base.BaseTest BaseTest.java181 - Waiting until page loads within  expectedtime period
20240603 19:20:37 INFO  [main] utility.SalesforceListenerUtility SalesforceListenerUtility.java28 - login_Homepage.......test execution started........
20240603 19:20:37 INFO  [main] lighteningSalesforce.LoginAccountsTestcases LoginAccountsTestcases.java50 - ..............stated login_Homepage()...............
20240603 19:20:37 INFO  [main] base.BasePage BasePage.java217 - Current URL is = https://login.salesforce.com/
20240603 19:20:45 INFO  [main] lighteningSalesforce.LoginAccountsTestcases LoginAccountsTestcases.java62 - https://login.salesforce.com/  matched with https://login.salesforce.com/
20240603 19:20:45 INFO  [main] base.BasePage BasePage.java89 - UserName  IS WAITED FOR VISIBLITY
20240603 19:20:45 INFO  [main] base.BasePage BasePage.java140 - [[ChromeDriver: chrome on MAC (0ab8ff6963c76f29c0b69d60245fd945)] -> xpath: //*[@id='username']]Is enabled and clicked
20240603 19:20:46 INFO  [main] base.BasePage BasePage.java144 - Username textboxIs displayed  in textarea
20240603 19:20:46 INFO  [main] lighteningSalesforce.LoginAccountsTestcases LoginAccountsTestcases.java72 - User name entered successfully
20240603 19:20:46 INFO  [main] base.BasePage BasePage.java140 - [[ChromeDriver: chrome on MAC (0ab8ff6963c76f29c0b69d60245fd945)] -> xpath: //*[@id='password']]Is enabled and clicked
20240603 19:20:46 INFO  [main] base.BasePage BasePage.java144 - password field Is displayed  in textarea
20240603 19:20:46 INFO  [main] lighteningSalesforce.LoginAccountsTestcases LoginAccountsTestcases.java75 - Password entered successfully
20240603 19:20:54 INFO  [main] base.BasePage BasePage.java89 - Login Button IS WAITED FOR VISIBLITY
20240603 19:20:56 INFO  [main] base.BasePage BasePage.java70 - Login ButtonIs enabled and clicked
20240603 19:20:59 INFO  [main] lighteningSalesforce.LoginAccountsTestcases LoginAccountsTestcases.java88 - Lightning Experience  matched with Lightning Experience
20240603 19:20:59 INFO  [main] lighteningSalesforce.LoginAccountsTestcases LoginAccountsTestcases.java96 - All assertions Passed
20240603 19:20:59 INFO  [main] lighteningSalesforce.LoginAccountsTestcases LoginAccountsTestcases.java98 - ..............ended Login_Homepage()...............
20240603 19:20:59 INFO  [main] utility.SalesforceListenerUtility SalesforceListenerUtility.java38 - login_Homepage.......test execution sucess........
20240603 19:20:59 INFO  [main] utility.SalesforceListenerUtility SalesforceListenerUtility.java28 - editAccount.......test execution started........
20240603 19:21:09 INFO  [main] base.BasePage BasePage.java236 - Element extracted text is = lib123
20240603 19:21:21 INFO  [main] utility.SalesforceListenerUtility SalesforceListenerUtility.java38 - editAccount.......test execution sucess........
20240603 19:21:21 INFO  [main] utility.SalesforceListenerUtility SalesforceListenerUtility.java73 - .......<test> execution completed........
20240603 19:26:53 INFO  [main] utility.SalesforceListenerUtility SalesforceListenerUtility.java65 - .......<test> execution started........
20240603 19:26:54 INFO  [main] base.BaseTest BaseTest.java47 - .........BeforeMethod  executed---------------
20240603 19:26:54 INFO  [main] base.BaseTest BaseTest.java67 - Browser instance has started
20240603 19:26:57 INFO  [main] base.BaseTest BaseTest.java148 - https://login.salesforce.com/ is entered
20240603 19:26:57 INFO  [main] base.BaseTest BaseTest.java181 - Waiting until page loads within  expectedtime period
20240603 19:26:57 INFO  [main] utility.SalesforceListenerUtility SalesforceListenerUtility.java28 - login_Homepage.......test execution started........
20240603 19:26:57 INFO  [main] lighteningSalesforce.LoginAccountsTestcases LoginAccountsTestcases.java50 - ..............stated login_Homepage()...............
20240603 19:26:57 INFO  [main] base.BasePage BasePage.java217 - Current URL is = https://login.salesforce.com/
20240603 19:27:05 INFO  [main] lighteningSalesforce.LoginAccountsTestcases LoginAccountsTestcases.java62 - https://login.salesforce.com/  matched with https://login.salesforce.com/
20240603 19:27:05 INFO  [main] base.BasePage BasePage.java89 - UserName  IS WAITED FOR VISIBLITY
20240603 19:27:05 INFO  [main] base.BasePage BasePage.java140 - [[ChromeDriver: chrome on MAC (d7db051194879822596968243e4c3d2c)] -> xpath: //*[@id='username']]Is enabled and clicked
20240603 19:27:05 INFO  [main] base.BasePage BasePage.java144 - Username textboxIs displayed  in textarea
20240603 19:27:05 INFO  [main] lighteningSalesforce.LoginAccountsTestcases LoginAccountsTestcases.java72 - User name entered successfully
20240603 19:27:05 INFO  [main] base.BasePage BasePage.java140 - [[ChromeDriver: chrome on MAC (d7db051194879822596968243e4c3d2c)] -> xpath: //*[@id='password']]Is enabled and clicked
20240603 19:27:05 INFO  [main] base.BasePage BasePage.java144 - password field Is displayed  in textarea
20240603 19:27:05 INFO  [main] lighteningSalesforce.LoginAccountsTestcases LoginAccountsTestcases.java75 - Password entered successfully
20240603 19:27:13 INFO  [main] base.BasePage BasePage.java89 - Login Button IS WAITED FOR VISIBLITY
20240603 19:27:16 INFO  [main] base.BasePage BasePage.java70 - Login ButtonIs enabled and clicked
20240603 19:27:20 INFO  [main] lighteningSalesforce.LoginAccountsTestcases LoginAccountsTestcases.java88 - Lightning Experience  matched with Lightning Experience
20240603 19:27:20 INFO  [main] lighteningSalesforce.LoginAccountsTestcases LoginAccountsTestcases.java96 - All assertions Passed
20240603 19:27:20 INFO  [main] lighteningSalesforce.LoginAccountsTestcases LoginAccountsTestcases.java98 - ..............ended Login_Homepage()...............
20240603 19:27:20 INFO  [main] utility.SalesforceListenerUtility SalesforceListenerUtility.java38 - login_Homepage.......test execution sucess........
20240603 19:27:20 INFO  [main] utility.SalesforceListenerUtility SalesforceListenerUtility.java28 - editAccount.......test execution started........
20240603 19:27:29 INFO  [main] base.BasePage BasePage.java236 - Element extracted text is = lib123
20240603 19:27:42 INFO  [main] utility.SalesforceListenerUtility SalesforceListenerUtility.java38 - editAccount.......test execution sucess........
20240603 19:27:42 INFO  [main] utility.SalesforceListenerUtility SalesforceListenerUtility.java73 - .......<test> execution completed........
20240603 19:29:56 INFO  [main] utility.SalesforceListenerUtility SalesforceListenerUtility.java65 - .......<test> execution started........
20240603 19:29:56 INFO  [main] base.BaseTest BaseTest.java47 - .........BeforeMethod  executed---------------
20240603 19:29:57 INFO  [main] base.BaseTest BaseTest.java67 - Browser instance has started
20240603 19:30:00 INFO  [main] base.BaseTest BaseTest.java148 - https://login.salesforce.com/ is entered
20240603 19:30:00 INFO  [main] base.BaseTest BaseTest.java181 - Waiting until page loads within  expectedtime period
20240603 19:30:00 INFO  [main] utility.SalesforceListenerUtility SalesforceListenerUtility.java28 - login_Homepage.......test execution started........
20240603 19:30:00 INFO  [main] lighteningSalesforce.LoginAccountsTestcases LoginAccountsTestcases.java50 - ..............stated login_Homepage()...............
20240603 19:30:00 INFO  [main] base.BasePage BasePage.java217 - Current URL is = https://login.salesforce.com/
20240603 19:30:08 INFO  [main] lighteningSalesforce.LoginAccountsTestcases LoginAccountsTestcases.java62 - https://login.salesforce.com/  matched with https://login.salesforce.com/
20240603 19:30:08 INFO  [main] base.BasePage BasePage.java89 - UserName  IS WAITED FOR VISIBLITY
20240603 19:30:08 INFO  [main] base.BasePage BasePage.java140 - [[ChromeDriver: chrome on MAC (7863a761ab8a3747ee047baa02381a8d)] -> xpath: //*[@id='username']]Is enabled and clicked
20240603 19:30:08 INFO  [main] base.BasePage BasePage.java144 - Username textboxIs displayed  in textarea
20240603 19:30:08 INFO  [main] lighteningSalesforce.LoginAccountsTestcases LoginAccountsTestcases.java72 - User name entered successfully
20240603 19:30:08 INFO  [main] base.BasePage BasePage.java140 - [[ChromeDriver: chrome on MAC (7863a761ab8a3747ee047baa02381a8d)] -> xpath: //*[@id='password']]Is enabled and clicked
20240603 19:30:08 INFO  [main] base.BasePage BasePage.java144 - password field Is displayed  in textarea
20240603 19:30:08 INFO  [main] lighteningSalesforce.LoginAccountsTestcases LoginAccountsTestcases.java75 - Password entered successfully
20240603 19:30:16 INFO  [main] base.BasePage BasePage.java89 - Login Button IS WAITED FOR VISIBLITY
20240603 19:30:22 INFO  [main] base.BasePage BasePage.java70 - Login ButtonIs enabled and clicked
20240603 19:30:22 INFO  [main] lighteningSalesforce.LoginAccountsTestcases LoginAccountsTestcases.java88 - Lightning Experience  matched with Lightning Experience
20240603 19:30:22 INFO  [main] lighteningSalesforce.LoginAccountsTestcases LoginAccountsTestcases.java96 - All assertions Passed
20240603 19:30:22 INFO  [main] lighteningSalesforce.LoginAccountsTestcases LoginAccountsTestcases.java98 - ..............ended Login_Homepage()...............
20240603 19:30:22 INFO  [main] utility.SalesforceListenerUtility SalesforceListenerUtility.java38 - login_Homepage.......test execution sucess........
20240603 19:30:22 INFO  [main] utility.SalesforceListenerUtility SalesforceListenerUtility.java28 - editAccount.......test execution started........
20240603 19:30:32 INFO  [main] base.BasePage BasePage.java236 - Element extracted text is = lib123
20240603 19:30:53 INFO  [main] utility.SalesforceListenerUtility SalesforceListenerUtility.java38 - editAccount.......test execution sucess........
20240603 19:30:53 INFO  [main] utility.SalesforceListenerUtility SalesforceListenerUtility.java73 - .......<test> execution completed........
20240603 19:44:26 INFO  [main] utility.SalesforceListenerUtility SalesforceListenerUtility.java65 - .......<test> execution started........
20240603 19:44:26 INFO  [main] base.BaseTest BaseTest.java47 - .........BeforeMethod  executed---------------
20240603 19:44:27 INFO  [main] base.BaseTest BaseTest.java67 - Browser instance has started
20240603 19:44:30 INFO  [main] base.BaseTest BaseTest.java148 - https://login.salesforce.com/ is entered
20240603 19:44:30 INFO  [main] base.BaseTest BaseTest.java181 - Waiting until page loads within  expectedtime period
20240603 19:44:30 INFO  [main] utility.SalesforceListenerUtility SalesforceListenerUtility.java28 - login_Homepage.......test execution started........
20240603 19:44:30 INFO  [main] lighteningSalesforce.LoginAccountsTestcases LoginAccountsTestcases.java50 - ..............stated login_Homepage()...............
20240603 19:44:30 INFO  [main] base.BasePage BasePage.java217 - Current URL is = https://login.salesforce.com/
20240603 19:44:38 INFO  [main] lighteningSalesforce.LoginAccountsTestcases LoginAccountsTestcases.java62 - https://login.salesforce.com/  matched with https://login.salesforce.com/
20240603 19:44:38 INFO  [main] base.BasePage BasePage.java89 - UserName  IS WAITED FOR VISIBLITY
20240603 19:44:38 INFO  [main] base.BasePage BasePage.java140 - [[ChromeDriver: chrome on MAC (ee245caef9ebd32284b75d32874704aa)] -> xpath: //*[@id='username']]Is enabled and clicked
20240603 19:44:38 INFO  [main] base.BasePage BasePage.java144 - Username textboxIs displayed  in textarea
20240603 19:44:38 INFO  [main] lighteningSalesforce.LoginAccountsTestcases LoginAccountsTestcases.java72 - User name entered successfully
20240603 19:44:38 INFO  [main] base.BasePage BasePage.java140 - [[ChromeDriver: chrome on MAC (ee245caef9ebd32284b75d32874704aa)] -> xpath: //*[@id='password']]Is enabled and clicked
20240603 19:44:38 INFO  [main] base.BasePage BasePage.java144 - password field Is displayed  in textarea
20240603 19:44:38 INFO  [main] lighteningSalesforce.LoginAccountsTestcases LoginAccountsTestcases.java75 - Password entered successfully
20240603 19:44:46 INFO  [main] base.BasePage BasePage.java89 - Login Button IS WAITED FOR VISIBLITY
20240603 19:44:53 INFO  [main] base.BasePage BasePage.java70 - Login ButtonIs enabled and clicked
20240603 19:44:53 INFO  [main] lighteningSalesforce.LoginAccountsTestcases LoginAccountsTestcases.java88 - Lightning Experience  matched with Lightning Experience
20240603 19:44:53 INFO  [main] lighteningSalesforce.LoginAccountsTestcases LoginAccountsTestcases.java96 - All assertions Passed
20240603 19:44:53 INFO  [main] lighteningSalesforce.LoginAccountsTestcases LoginAccountsTestcases.java98 - ..............ended Login_Homepage()...............
20240603 19:44:53 INFO  [main] utility.SalesforceListenerUtility SalesforceListenerUtility.java38 - login_Homepage.......test execution sucess........
20240603 19:44:53 INFO  [main] utility.SalesforceListenerUtility SalesforceListenerUtility.java28 - editAccount.......test execution started........
20240603 19:45:02 INFO  [main] base.BasePage BasePage.java236 - Element extracted text is = lib123
20240603 19:45:31 INFO  [main] utility.SalesforceListenerUtility SalesforceListenerUtility.java38 - editAccount.......test execution sucess........
20240603 19:45:31 INFO  [main] utility.SalesforceListenerUtility SalesforceListenerUtility.java73 - .......<test> execution completed........
20240603 19:46:39 INFO  [main] utility.SalesforceListenerUtility SalesforceListenerUtility.java65 - .......<test> execution started........
20240603 19:46:40 INFO  [main] base.BaseTest BaseTest.java47 - .........BeforeMethod  executed---------------
20240603 19:46:40 INFO  [main] base.BaseTest BaseTest.java67 - Browser instance has started
20240603 19:46:43 INFO  [main] base.BaseTest BaseTest.java148 - https://login.salesforce.com/ is entered
20240603 19:46:43 INFO  [main] base.BaseTest BaseTest.java181 - Waiting until page loads within  expectedtime period
20240603 19:46:43 INFO  [main] utility.SalesforceListenerUtility SalesforceListenerUtility.java28 - login_Homepage.......test execution started........
20240603 19:46:43 INFO  [main] lighteningSalesforce.LoginAccountsTestcases LoginAccountsTestcases.java50 - ..............stated login_Homepage()...............
20240603 19:46:43 INFO  [main] base.BasePage BasePage.java217 - Current URL is = https://login.salesforce.com/
20240603 19:46:51 INFO  [main] lighteningSalesforce.LoginAccountsTestcases LoginAccountsTestcases.java62 - https://login.salesforce.com/  matched with https://login.salesforce.com/
20240603 19:46:51 INFO  [main] base.BasePage BasePage.java89 - UserName  IS WAITED FOR VISIBLITY
20240603 19:46:52 INFO  [main] base.BasePage BasePage.java140 - [[ChromeDriver: chrome on MAC (edee395f843240b120168f9f9d6ef130)] -> xpath: //*[@id='username']]Is enabled and clicked
20240603 19:46:52 INFO  [main] base.BasePage BasePage.java144 - Username textboxIs displayed  in textarea
20240603 19:46:52 INFO  [main] lighteningSalesforce.LoginAccountsTestcases LoginAccountsTestcases.java72 - User name entered successfully
20240603 19:46:52 INFO  [main] base.BasePage BasePage.java140 - [[ChromeDriver: chrome on MAC (edee395f843240b120168f9f9d6ef130)] -> xpath: //*[@id='password']]Is enabled and clicked
20240603 19:46:52 INFO  [main] base.BasePage BasePage.java144 - password field Is displayed  in textarea
20240603 19:46:52 INFO  [main] lighteningSalesforce.LoginAccountsTestcases LoginAccountsTestcases.java75 - Password entered successfully
20240603 19:47:00 INFO  [main] base.BasePage BasePage.java89 - Login Button IS WAITED FOR VISIBLITY
20240603 19:47:06 INFO  [main] base.BasePage BasePage.java70 - Login ButtonIs enabled and clicked
20240603 19:47:06 INFO  [main] lighteningSalesforce.LoginAccountsTestcases LoginAccountsTestcases.java88 - Lightning Experience  matched with Lightning Experience
20240603 19:47:06 INFO  [main] lighteningSalesforce.LoginAccountsTestcases LoginAccountsTestcases.java96 - All assertions Passed
20240603 19:47:06 INFO  [main] lighteningSalesforce.LoginAccountsTestcases LoginAccountsTestcases.java98 - ..............ended Login_Homepage()...............
20240603 19:47:06 INFO  [main] utility.SalesforceListenerUtility SalesforceListenerUtility.java38 - login_Homepage.......test execution sucess........
20240603 19:47:06 INFO  [main] utility.SalesforceListenerUtility SalesforceListenerUtility.java28 - editAccount.......test execution started........
20240603 19:47:16 INFO  [main] base.BasePage BasePage.java236 - Element extracted text is = lib123
20240603 19:47:49 INFO  [main] utility.SalesforceListenerUtility SalesforceListenerUtility.java38 - editAccount.......test execution sucess........
20240603 19:47:49 INFO  [main] utility.SalesforceListenerUtility SalesforceListenerUtility.java73 - .......<test> execution completed........
20240603 19:50:45 INFO  [main] utility.SalesforceListenerUtility SalesforceListenerUtility.java65 - .......<test> execution started........
20240603 19:50:45 INFO  [main] base.BaseTest BaseTest.java47 - .........BeforeMethod  executed---------------
20240603 19:50:46 INFO  [main] base.BaseTest BaseTest.java67 - Browser instance has started
20240603 19:50:48 INFO  [main] base.BaseTest BaseTest.java148 - https://login.salesforce.com/ is entered
20240603 19:50:48 INFO  [main] base.BaseTest BaseTest.java181 - Waiting until page loads within  expectedtime period
20240603 19:50:48 INFO  [main] utility.SalesforceListenerUtility SalesforceListenerUtility.java28 - login_Homepage.......test execution started........
20240603 19:50:48 INFO  [main] lighteningSalesforce.LoginAccountsTestcases LoginAccountsTestcases.java50 - ..............stated login_Homepage()...............
20240603 19:50:48 INFO  [main] base.BasePage BasePage.java217 - Current URL is = https://login.salesforce.com/
20240603 19:50:56 INFO  [main] lighteningSalesforce.LoginAccountsTestcases LoginAccountsTestcases.java62 - https://login.salesforce.com/  matched with https://login.salesforce.com/
20240603 19:50:56 INFO  [main] base.BasePage BasePage.java89 - UserName  IS WAITED FOR VISIBLITY
20240603 19:50:57 INFO  [main] base.BasePage BasePage.java140 - [[ChromeDriver: chrome on MAC (9d58ddef85e6a9eff6581d84c94f2f83)] -> xpath: //*[@id='username']]Is enabled and clicked
20240603 19:50:57 INFO  [main] base.BasePage BasePage.java144 - Username textboxIs displayed  in textarea
20240603 19:50:57 INFO  [main] lighteningSalesforce.LoginAccountsTestcases LoginAccountsTestcases.java72 - User name entered successfully
20240603 19:50:57 INFO  [main] base.BasePage BasePage.java140 - [[ChromeDriver: chrome on MAC (9d58ddef85e6a9eff6581d84c94f2f83)] -> xpath: //*[@id='password']]Is enabled and clicked
20240603 19:50:57 INFO  [main] base.BasePage BasePage.java144 - password field Is displayed  in textarea
20240603 19:50:57 INFO  [main] lighteningSalesforce.LoginAccountsTestcases LoginAccountsTestcases.java75 - Password entered successfully
20240603 19:51:05 INFO  [main] base.BasePage BasePage.java89 - Login Button IS WAITED FOR VISIBLITY
20240603 19:51:12 INFO  [main] base.BasePage BasePage.java70 - Login ButtonIs enabled and clicked
20240603 19:51:12 INFO  [main] lighteningSalesforce.LoginAccountsTestcases LoginAccountsTestcases.java88 - Lightning Experience  matched with Lightning Experience
20240603 19:51:12 INFO  [main] lighteningSalesforce.LoginAccountsTestcases LoginAccountsTestcases.java96 - All assertions Passed
20240603 19:51:12 INFO  [main] lighteningSalesforce.LoginAccountsTestcases LoginAccountsTestcases.java98 - ..............ended Login_Homepage()...............
20240603 19:51:12 INFO  [main] utility.SalesforceListenerUtility SalesforceListenerUtility.java38 - login_Homepage.......test execution sucess........
20240603 19:51:12 INFO  [main] utility.SalesforceListenerUtility SalesforceListenerUtility.java28 - editAccount.......test execution started........
20240603 19:51:21 INFO  [main] base.BasePage BasePage.java236 - Element extracted text is = lib123
20240603 19:51:39 INFO  [main] utility.SalesforceListenerUtility SalesforceListenerUtility.java38 - editAccount.......test execution sucess........
20240603 19:51:39 INFO  [main] utility.SalesforceListenerUtility SalesforceListenerUtility.java73 - .......<test> execution completed........
20240603 20:01:36 INFO  [main] utility.SalesforceListenerUtility SalesforceListenerUtility.java65 - .......<test> execution started........
20240603 20:01:36 INFO  [main] base.BaseTest BaseTest.java47 - .........BeforeMethod  executed---------------
20240603 20:01:36 INFO  [main] base.BaseTest BaseTest.java67 - Browser instance has started
20240603 20:01:39 INFO  [main] base.BaseTest BaseTest.java148 - https://login.salesforce.com/ is entered
20240603 20:01:39 INFO  [main] base.BaseTest BaseTest.java181 - Waiting until page loads within  expectedtime period
20240603 20:01:39 INFO  [main] utility.SalesforceListenerUtility SalesforceListenerUtility.java28 - login_Homepage.......test execution started........
20240603 20:01:39 INFO  [main] lighteningSalesforce.LoginAccountsTestcases LoginAccountsTestcases.java50 - ..............stated login_Homepage()...............
20240603 20:01:39 INFO  [main] base.BasePage BasePage.java217 - Current URL is = https://login.salesforce.com/
20240603 20:01:47 INFO  [main] lighteningSalesforce.LoginAccountsTestcases LoginAccountsTestcases.java62 - https://login.salesforce.com/  matched with https://login.salesforce.com/
20240603 20:01:47 INFO  [main] base.BasePage BasePage.java89 - UserName  IS WAITED FOR VISIBLITY
20240603 20:01:47 INFO  [main] base.BasePage BasePage.java140 - [[ChromeDriver: chrome on MAC (4eee119e56aa00c2fef724ee5e301dcb)] -> xpath: //*[@id='username']]Is enabled and clicked
20240603 20:01:47 INFO  [main] base.BasePage BasePage.java144 - Username textboxIs displayed  in textarea
20240603 20:01:47 INFO  [main] lighteningSalesforce.LoginAccountsTestcases LoginAccountsTestcases.java72 - User name entered successfully
20240603 20:01:47 INFO  [main] base.BasePage BasePage.java140 - [[ChromeDriver: chrome on MAC (4eee119e56aa00c2fef724ee5e301dcb)] -> xpath: //*[@id='password']]Is enabled and clicked
20240603 20:01:47 INFO  [main] base.BasePage BasePage.java144 - password field Is displayed  in textarea
20240603 20:01:47 INFO  [main] lighteningSalesforce.LoginAccountsTestcases LoginAccountsTestcases.java75 - Password entered successfully
20240603 20:01:55 INFO  [main] base.BasePage BasePage.java89 - Login Button IS WAITED FOR VISIBLITY
20240603 20:02:02 INFO  [main] base.BasePage BasePage.java70 - Login ButtonIs enabled and clicked
20240603 20:02:02 ERROR [main] lighteningSalesforce.LoginAccountsTestcases LoginAccountsTestcases.java91 - Home | Salesforce not   matched with Lightning Experience
20240603 20:02:02 ERROR [main] utility.SalesforceListenerUtility SalesforceListenerUtility.java48 - login_Homepage.......test execution completed with failure........
20240603 20:02:03 INFO  [main] base.BaseTest BaseTest.java169 - captures the screenshot
20240603 20:02:03 INFO  [main] utility.SalesforceListenerUtility SalesforceListenerUtility.java28 - editAccount.......test execution started........
20240603 20:02:12 INFO  [main] base.BasePage BasePage.java236 - Element extracted text is = lib123
20240603 20:02:30 INFO  [main] utility.SalesforceListenerUtility SalesforceListenerUtility.java38 - editAccount.......test execution sucess........
20240603 20:02:30 INFO  [main] utility.SalesforceListenerUtility SalesforceListenerUtility.java73 - .......<test> execution completed........
20240603 20:02:53 INFO  [main] utility.SalesforceListenerUtility SalesforceListenerUtility.java65 - .......<test> execution started........
20240603 20:02:54 INFO  [main] base.BaseTest BaseTest.java47 - .........BeforeMethod  executed---------------
20240603 20:02:54 INFO  [main] base.BaseTest BaseTest.java67 - Browser instance has started
20240603 20:02:57 INFO  [main] base.BaseTest BaseTest.java148 - https://login.salesforce.com/ is entered
20240603 20:02:57 INFO  [main] base.BaseTest BaseTest.java181 - Waiting until page loads within  expectedtime period
20240603 20:02:57 INFO  [main] utility.SalesforceListenerUtility SalesforceListenerUtility.java28 - login_Homepage.......test execution started........
20240603 20:02:57 INFO  [main] lighteningSalesforce.LoginAccountsTestcases LoginAccountsTestcases.java50 - ..............stated login_Homepage()...............
20240603 20:02:57 INFO  [main] base.BasePage BasePage.java217 - Current URL is = https://login.salesforce.com/
20240603 20:03:05 INFO  [main] lighteningSalesforce.LoginAccountsTestcases LoginAccountsTestcases.java62 - https://login.salesforce.com/  matched with https://login.salesforce.com/
20240603 20:03:05 INFO  [main] base.BasePage BasePage.java89 - UserName  IS WAITED FOR VISIBLITY
20240603 20:03:06 INFO  [main] base.BasePage BasePage.java140 - [[ChromeDriver: chrome on MAC (480d13823e727f67de92014f759fa9c7)] -> xpath: //*[@id='username']]Is enabled and clicked
20240603 20:03:06 INFO  [main] base.BasePage BasePage.java144 - Username textboxIs displayed  in textarea
20240603 20:03:06 INFO  [main] lighteningSalesforce.LoginAccountsTestcases LoginAccountsTestcases.java72 - User name entered successfully
20240603 20:03:06 INFO  [main] base.BasePage BasePage.java140 - [[ChromeDriver: chrome on MAC (480d13823e727f67de92014f759fa9c7)] -> xpath: //*[@id='password']]Is enabled and clicked
20240603 20:03:06 INFO  [main] base.BasePage BasePage.java144 - password field Is displayed  in textarea
20240603 20:03:06 INFO  [main] lighteningSalesforce.LoginAccountsTestcases LoginAccountsTestcases.java75 - Password entered successfully
20240603 20:03:14 INFO  [main] base.BasePage BasePage.java89 - Login Button IS WAITED FOR VISIBLITY
20240603 20:03:20 INFO  [main] base.BasePage BasePage.java70 - Login ButtonIs enabled and clicked
20240603 20:03:20 INFO  [main] lighteningSalesforce.LoginAccountsTestcases LoginAccountsTestcases.java88 - Lightning Experience  matched with Lightning Experience
20240603 20:03:20 INFO  [main] lighteningSalesforce.LoginAccountsTestcases LoginAccountsTestcases.java96 - All assertions Passed
20240603 20:03:20 INFO  [main] lighteningSalesforce.LoginAccountsTestcases LoginAccountsTestcases.java98 - ..............ended Login_Homepage()...............
20240603 20:03:20 INFO  [main] utility.SalesforceListenerUtility SalesforceListenerUtility.java38 - login_Homepage.......test execution sucess........
20240603 20:03:20 INFO  [main] utility.SalesforceListenerUtility SalesforceListenerUtility.java28 - editAccount.......test execution started........
20240603 20:03:29 INFO  [main] base.BasePage BasePage.java236 - Element extracted text is = lib123
20240603 20:03:46 INFO  [main] utility.SalesforceListenerUtility SalesforceListenerUtility.java65 - .......<test> execution started........
20240603 20:03:46 INFO  [main] base.BaseTest BaseTest.java47 - .........BeforeMethod  executed---------------
20240603 20:03:46 INFO  [main] base.BaseTest BaseTest.java67 - Browser instance has started
20240603 20:03:47 INFO  [main] utility.SalesforceListenerUtility SalesforceListenerUtility.java38 - editAccount.......test execution sucess........
20240603 20:03:47 INFO  [main] utility.SalesforceListenerUtility SalesforceListenerUtility.java73 - .......<test> execution completed........
20240603 20:03:49 INFO  [main] base.BaseTest BaseTest.java148 - https://login.salesforce.com/ is entered
20240603 20:03:49 INFO  [main] base.BaseTest BaseTest.java181 - Waiting until page loads within  expectedtime period
20240603 20:03:49 INFO  [main] utility.SalesforceListenerUtility SalesforceListenerUtility.java28 - login_Homepage.......test execution started........
20240603 20:03:49 INFO  [main] lighteningSalesforce.LoginAccountsTestcases LoginAccountsTestcases.java50 - ..............stated login_Homepage()...............
20240603 20:03:49 INFO  [main] base.BasePage BasePage.java217 - Current URL is = https://login.salesforce.com/
20240603 20:07:26 INFO  [main] utility.SalesforceListenerUtility SalesforceListenerUtility.java65 - .......<test> execution started........
20240603 20:07:27 INFO  [main] base.BaseTest BaseTest.java47 - .........BeforeMethod  executed---------------
20240603 20:07:27 INFO  [main] base.BaseTest BaseTest.java67 - Browser instance has started
20240603 20:07:30 INFO  [main] base.BaseTest BaseTest.java148 - https://login.salesforce.com/ is entered
20240603 20:07:30 INFO  [main] base.BaseTest BaseTest.java181 - Waiting until page loads within  expectedtime period
20240603 20:07:30 INFO  [main] utility.SalesforceListenerUtility SalesforceListenerUtility.java28 - login_Homepage.......test execution started........
20240603 20:07:30 INFO  [main] lighteningSalesforce.LoginAccountsTestcases LoginAccountsTestcases.java50 - ..............stated login_Homepage()...............
20240603 20:07:30 INFO  [main] base.BasePage BasePage.java217 - Current URL is = https://login.salesforce.com/
20240603 20:07:38 INFO  [main] lighteningSalesforce.LoginAccountsTestcases LoginAccountsTestcases.java62 - https://login.salesforce.com/  matched with https://login.salesforce.com/
20240603 20:07:38 INFO  [main] base.BasePage BasePage.java89 - UserName  IS WAITED FOR VISIBLITY
20240603 20:07:38 INFO  [main] base.BasePage BasePage.java140 - [[ChromeDriver: chrome on MAC (0891e4d17c4e60494b830e0e8b064104)] -> xpath: //*[@id='username']]Is enabled and clicked
20240603 20:07:38 INFO  [main] base.BasePage BasePage.java144 - Username textboxIs displayed  in textarea
20240603 20:07:38 INFO  [main] lighteningSalesforce.LoginAccountsTestcases LoginAccountsTestcases.java72 - User name entered successfully
20240603 20:07:38 INFO  [main] base.BasePage BasePage.java140 - [[ChromeDriver: chrome on MAC (0891e4d17c4e60494b830e0e8b064104)] -> xpath: //*[@id='password']]Is enabled and clicked
20240603 20:07:38 INFO  [main] base.BasePage BasePage.java144 - password field Is displayed  in textarea
20240603 20:07:38 INFO  [main] lighteningSalesforce.LoginAccountsTestcases LoginAccountsTestcases.java75 - Password entered successfully
20240603 20:07:46 INFO  [main] base.BasePage BasePage.java89 - Login Button IS WAITED FOR VISIBLITY
20240603 20:07:52 INFO  [main] base.BasePage BasePage.java70 - Login ButtonIs enabled and clicked
20240603 20:07:52 ERROR [main] lighteningSalesforce.LoginAccountsTestcases LoginAccountsTestcases.java91 - Home | Salesforce not   matched with Lightning Experience
20240603 20:07:52 ERROR [main] utility.SalesforceListenerUtility SalesforceListenerUtility.java48 - login_Homepage.......test execution completed with failure........
20240603 20:07:53 INFO  [main] base.BaseTest BaseTest.java169 - captures the screenshot
20240603 20:07:53 INFO  [main] utility.SalesforceListenerUtility SalesforceListenerUtility.java28 - editAccount.......test execution started........
20240603 20:08:02 INFO  [main] base.BasePage BasePage.java236 - Element extracted text is = lib123
20240603 20:08:20 INFO  [main] utility.SalesforceListenerUtility SalesforceListenerUtility.java38 - editAccount.......test execution sucess........
20240603 20:08:20 INFO  [main] utility.SalesforceListenerUtility SalesforceListenerUtility.java73 - .......<test> execution completed........
20240603 20:11:47 INFO  [main] utility.SalesforceListenerUtility SalesforceListenerUtility.java65 - .......<test> execution started........
20240603 20:11:48 INFO  [main] base.BaseTest BaseTest.java47 - .........BeforeMethod  executed---------------
20240603 20:11:48 INFO  [main] base.BaseTest BaseTest.java67 - Browser instance has started
20240603 20:11:50 INFO  [main] base.BaseTest BaseTest.java148 - https://login.salesforce.com/ is entered
20240603 20:11:50 INFO  [main] base.BaseTest BaseTest.java181 - Waiting until page loads within  expectedtime period
20240603 20:11:50 INFO  [main] utility.SalesforceListenerUtility SalesforceListenerUtility.java28 - login_Homepage.......test execution started........
20240603 20:11:50 INFO  [main] lighteningSalesforce.LoginAccountsTestcases LoginAccountsTestcases.java50 - ..............stated login_Homepage()...............
20240603 20:11:50 INFO  [main] base.BasePage BasePage.java217 - Current URL is = https://login.salesforce.com/
20240603 20:11:58 INFO  [main] lighteningSalesforce.LoginAccountsTestcases LoginAccountsTestcases.java62 - https://login.salesforce.com/  matched with https://login.salesforce.com/
20240603 20:11:59 INFO  [main] base.BasePage BasePage.java89 - UserName  IS WAITED FOR VISIBLITY
20240603 20:11:59 INFO  [main] base.BasePage BasePage.java140 - [[ChromeDriver: chrome on MAC (c9ac50bc21ac82476e047a9f5e07fb2b)] -> xpath: //*[@id='username']]Is enabled and clicked
20240603 20:11:59 INFO  [main] base.BasePage BasePage.java144 - Username textboxIs displayed  in textarea
20240603 20:11:59 INFO  [main] lighteningSalesforce.LoginAccountsTestcases LoginAccountsTestcases.java72 - User name entered successfully
20240603 20:11:59 INFO  [main] base.BasePage BasePage.java140 - [[ChromeDriver: chrome on MAC (c9ac50bc21ac82476e047a9f5e07fb2b)] -> xpath: //*[@id='password']]Is enabled and clicked
20240603 20:11:59 INFO  [main] base.BasePage BasePage.java144 - password field Is displayed  in textarea
20240603 20:11:59 INFO  [main] lighteningSalesforce.LoginAccountsTestcases LoginAccountsTestcases.java75 - Password entered successfully
20240603 20:12:07 INFO  [main] base.BasePage BasePage.java89 - Login Button IS WAITED FOR VISIBLITY
20240603 20:12:13 INFO  [main] base.BasePage BasePage.java70 - Login ButtonIs enabled and clicked
20240603 20:12:13 INFO  [main] lighteningSalesforce.LoginAccountsTestcases LoginAccountsTestcases.java88 - Lightning Experience  matched with Lightning Experience
20240603 20:12:13 INFO  [main] lighteningSalesforce.LoginAccountsTestcases LoginAccountsTestcases.java96 - All assertions Passed
20240603 20:12:13 INFO  [main] lighteningSalesforce.LoginAccountsTestcases LoginAccountsTestcases.java98 - ..............ended Login_Homepage()...............
20240603 20:12:13 INFO  [main] utility.SalesforceListenerUtility SalesforceListenerUtility.java38 - login_Homepage.......test execution sucess........
20240603 20:12:13 INFO  [main] utility.SalesforceListenerUtility SalesforceListenerUtility.java28 - editAccount.......test execution started........
20240603 20:12:22 INFO  [main] base.BasePage BasePage.java236 - Element extracted text is = lib123
20240603 20:12:51 INFO  [main] utility.SalesforceListenerUtility SalesforceListenerUtility.java38 - editAccount.......test execution sucess........
20240603 20:12:51 INFO  [main] utility.SalesforceListenerUtility SalesforceListenerUtility.java73 - .......<test> execution completed........
20240603 22:03:37 INFO  [main] utility.SalesforceListenerUtility SalesforceListenerUtility.java65 - .......<test> execution started........
20240603 22:03:37 INFO  [main] base.BaseTest BaseTest.java47 - .........BeforeMethod  executed---------------
20240603 22:03:38 INFO  [main] base.BaseTest BaseTest.java67 - Browser instance has started
20240603 22:03:44 INFO  [main] base.BaseTest BaseTest.java148 - https://login.salesforce.com/ is entered
20240603 22:03:44 INFO  [main] base.BaseTest BaseTest.java181 - Waiting until page loads within  expectedtime period
20240603 22:03:44 INFO  [main] utility.SalesforceListenerUtility SalesforceListenerUtility.java28 - login_Homepage.......test execution started........
20240603 22:03:44 INFO  [main] lighteningSalesforce.LoginAccountsTestcases LoginAccountsTestcases.java50 - ..............stated login_Homepage()...............
20240603 22:03:44 INFO  [main] base.BasePage BasePage.java217 - Current URL is = https://login.salesforce.com/
20240603 22:03:52 INFO  [main] lighteningSalesforce.LoginAccountsTestcases LoginAccountsTestcases.java62 - https://login.salesforce.com/  matched with https://login.salesforce.com/
20240603 22:03:52 INFO  [main] base.BasePage BasePage.java89 - UserName  IS WAITED FOR VISIBLITY
20240603 22:03:52 INFO  [main] base.BasePage BasePage.java140 - [[ChromeDriver: chrome on MAC (93e9095fe10e2e9d575640c09d84e0fe)] -> xpath: //*[@id='username']]Is enabled and clicked
20240603 22:03:52 INFO  [main] base.BasePage BasePage.java144 - Username textboxIs displayed  in textarea
20240603 22:03:52 INFO  [main] lighteningSalesforce.LoginAccountsTestcases LoginAccountsTestcases.java72 - User name entered successfully
20240603 22:03:52 INFO  [main] base.BasePage BasePage.java140 - [[ChromeDriver: chrome on MAC (93e9095fe10e2e9d575640c09d84e0fe)] -> xpath: //*[@id='password']]Is enabled and clicked
20240603 22:03:52 INFO  [main] base.BasePage BasePage.java144 - password field Is displayed  in textarea
20240603 22:03:52 INFO  [main] lighteningSalesforce.LoginAccountsTestcases LoginAccountsTestcases.java75 - Password entered successfully
20240603 22:04:00 INFO  [main] base.BasePage BasePage.java89 - Login Button IS WAITED FOR VISIBLITY
20240603 22:04:03 INFO  [main] base.BasePage BasePage.java70 - Login ButtonIs enabled and clicked
20240603 22:04:06 INFO  [main] lighteningSalesforce.LoginAccountsTestcases LoginAccountsTestcases.java88 - Lightning Experience  matched with Lightning Experience
20240603 22:04:06 INFO  [main] lighteningSalesforce.LoginAccountsTestcases LoginAccountsTestcases.java96 - All assertions Passed
20240603 22:04:06 INFO  [main] lighteningSalesforce.LoginAccountsTestcases LoginAccountsTestcases.java98 - ..............ended Login_Homepage()...............
20240603 22:04:06 INFO  [main] utility.SalesforceListenerUtility SalesforceListenerUtility.java38 - login_Homepage.......test execution sucess........
20240603 22:04:06 INFO  [main] utility.SalesforceListenerUtility SalesforceListenerUtility.java28 - editAccount.......test execution started........
20240603 22:04:16 INFO  [main] base.BasePage BasePage.java236 - Element extracted text is = lib123
20240603 22:04:47 ERROR [main] utility.SalesforceListenerUtility SalesforceListenerUtility.java48 - editAccount.......test execution completed with failure........
20240603 22:04:47 INFO  [main] base.BaseTest BaseTest.java169 - captures the screenshot
20240603 22:04:47 INFO  [main] utility.SalesforceListenerUtility SalesforceListenerUtility.java73 - .......<test> execution completed........
20240603 22:09:51 INFO  [main] utility.SalesforceListenerUtility SalesforceListenerUtility.java65 - .......<test> execution started........
20240603 22:09:51 INFO  [main] base.BaseTest BaseTest.java47 - .........BeforeMethod  executed---------------
20240603 22:09:52 INFO  [main] base.BaseTest BaseTest.java67 - Browser instance has started
20240603 22:09:54 INFO  [main] base.BaseTest BaseTest.java148 - https://login.salesforce.com/ is entered
20240603 22:09:54 INFO  [main] base.BaseTest BaseTest.java181 - Waiting until page loads within  expectedtime period
20240603 22:09:54 INFO  [main] utility.SalesforceListenerUtility SalesforceListenerUtility.java28 - login_Homepage.......test execution started........
20240603 22:09:54 INFO  [main] lighteningSalesforce.LoginAccountsTestcases LoginAccountsTestcases.java50 - ..............stated login_Homepage()...............
20240603 22:09:54 INFO  [main] base.BasePage BasePage.java217 - Current URL is = https://login.salesforce.com/
20240603 22:10:02 INFO  [main] lighteningSalesforce.LoginAccountsTestcases LoginAccountsTestcases.java62 - https://login.salesforce.com/  matched with https://login.salesforce.com/
20240603 22:10:02 INFO  [main] base.BasePage BasePage.java89 - UserName  IS WAITED FOR VISIBLITY
20240603 22:10:03 INFO  [main] base.BasePage BasePage.java140 - [[ChromeDriver: chrome on MAC (35b2f1636a43bf8da9bda4166eb4b79e)] -> xpath: //*[@id='username']]Is enabled and clicked
20240603 22:10:03 INFO  [main] base.BasePage BasePage.java144 - Username textboxIs displayed  in textarea
20240603 22:10:03 INFO  [main] lighteningSalesforce.LoginAccountsTestcases LoginAccountsTestcases.java72 - User name entered successfully
20240603 22:10:03 INFO  [main] base.BasePage BasePage.java140 - [[ChromeDriver: chrome on MAC (35b2f1636a43bf8da9bda4166eb4b79e)] -> xpath: //*[@id='password']]Is enabled and clicked
20240603 22:10:03 INFO  [main] base.BasePage BasePage.java144 - password field Is displayed  in textarea
20240603 22:10:03 INFO  [main] lighteningSalesforce.LoginAccountsTestcases LoginAccountsTestcases.java75 - Password entered successfully
20240603 22:10:11 INFO  [main] base.BasePage BasePage.java89 - Login Button IS WAITED FOR VISIBLITY
20240603 22:10:13 INFO  [main] base.BasePage BasePage.java70 - Login ButtonIs enabled and clicked
20240603 22:10:16 INFO  [main] lighteningSalesforce.LoginAccountsTestcases LoginAccountsTestcases.java88 - Lightning Experience  matched with Lightning Experience
20240603 22:10:16 INFO  [main] lighteningSalesforce.LoginAccountsTestcases LoginAccountsTestcases.java96 - All assertions Passed
20240603 22:10:16 INFO  [main] lighteningSalesforce.LoginAccountsTestcases LoginAccountsTestcases.java98 - ..............ended Login_Homepage()...............
20240603 22:10:16 INFO  [main] utility.SalesforceListenerUtility SalesforceListenerUtility.java38 - login_Homepage.......test execution sucess........
20240603 22:10:16 INFO  [main] utility.SalesforceListenerUtility SalesforceListenerUtility.java28 - editAccount.......test execution started........
20240603 22:10:26 ERROR [main] utility.SalesforceListenerUtility SalesforceListenerUtility.java48 - editAccount.......test execution completed with failure........
20240603 22:10:26 INFO  [main] base.BaseTest BaseTest.java169 - captures the screenshot
20240603 22:10:26 INFO  [main] utility.SalesforceListenerUtility SalesforceListenerUtility.java73 - .......<test> execution completed........
20240603 22:11:13 INFO  [main] utility.SalesforceListenerUtility SalesforceListenerUtility.java65 - .......<test> execution started........
20240603 22:11:13 INFO  [main] base.BaseTest BaseTest.java47 - .........BeforeMethod  executed---------------
20240603 22:11:14 INFO  [main] base.BaseTest BaseTest.java67 - Browser instance has started
20240603 22:11:16 INFO  [main] base.BaseTest BaseTest.java148 - https://login.salesforce.com/ is entered
20240603 22:11:16 INFO  [main] base.BaseTest BaseTest.java181 - Waiting until page loads within  expectedtime period
20240603 22:11:16 INFO  [main] utility.SalesforceListenerUtility SalesforceListenerUtility.java28 - login_Homepage.......test execution started........
20240603 22:11:16 INFO  [main] lighteningSalesforce.LoginAccountsTestcases LoginAccountsTestcases.java50 - ..............stated login_Homepage()...............
20240603 22:11:16 INFO  [main] base.BasePage BasePage.java217 - Current URL is = https://login.salesforce.com/
20240603 22:11:24 INFO  [main] lighteningSalesforce.LoginAccountsTestcases LoginAccountsTestcases.java62 - https://login.salesforce.com/  matched with https://login.salesforce.com/
20240603 22:11:24 INFO  [main] base.BasePage BasePage.java89 - UserName  IS WAITED FOR VISIBLITY
20240603 22:11:25 INFO  [main] base.BasePage BasePage.java140 - [[ChromeDriver: chrome on MAC (8598aee85f8aa9d9e55d59e5e6951b1a)] -> xpath: //*[@id='username']]Is enabled and clicked
20240603 22:11:25 INFO  [main] base.BasePage BasePage.java144 - Username textboxIs displayed  in textarea
20240603 22:11:25 INFO  [main] lighteningSalesforce.LoginAccountsTestcases LoginAccountsTestcases.java72 - User name entered successfully
20240603 22:11:25 INFO  [main] base.BasePage BasePage.java140 - [[ChromeDriver: chrome on MAC (8598aee85f8aa9d9e55d59e5e6951b1a)] -> xpath: //*[@id='password']]Is enabled and clicked
20240603 22:11:25 INFO  [main] base.BasePage BasePage.java144 - password field Is displayed  in textarea
20240603 22:11:25 INFO  [main] lighteningSalesforce.LoginAccountsTestcases LoginAccountsTestcases.java75 - Password entered successfully
20240603 22:11:33 INFO  [main] base.BasePage BasePage.java89 - Login Button IS WAITED FOR VISIBLITY
20240603 22:11:38 INFO  [main] base.BasePage BasePage.java70 - Login ButtonIs enabled and clicked
20240603 22:11:38 INFO  [main] lighteningSalesforce.LoginAccountsTestcases LoginAccountsTestcases.java88 - Lightning Experience  matched with Lightning Experience
20240603 22:11:38 INFO  [main] lighteningSalesforce.LoginAccountsTestcases LoginAccountsTestcases.java96 - All assertions Passed
20240603 22:11:38 INFO  [main] lighteningSalesforce.LoginAccountsTestcases LoginAccountsTestcases.java98 - ..............ended Login_Homepage()...............
20240603 22:11:38 INFO  [main] utility.SalesforceListenerUtility SalesforceListenerUtility.java38 - login_Homepage.......test execution sucess........
20240603 22:11:38 INFO  [main] utility.SalesforceListenerUtility SalesforceListenerUtility.java28 - editAccount.......test execution started........
20240603 22:11:48 INFO  [main] base.BasePage BasePage.java236 - Element extracted text is = lib123
20240603 22:12:27 ERROR [main] utility.SalesforceListenerUtility SalesforceListenerUtility.java48 - editAccount.......test execution completed with failure........
20240603 22:12:27 INFO  [main] base.BaseTest BaseTest.java169 - captures the screenshot
20240603 22:12:28 INFO  [main] utility.SalesforceListenerUtility SalesforceListenerUtility.java73 - .......<test> execution completed........
20240603 22:14:19 INFO  [main] utility.SalesforceListenerUtility SalesforceListenerUtility.java65 - .......<test> execution started........
20240603 22:14:19 INFO  [main] base.BaseTest BaseTest.java47 - .........BeforeMethod  executed---------------
20240603 22:14:20 INFO  [main] base.BaseTest BaseTest.java67 - Browser instance has started
20240603 22:14:24 INFO  [main] base.BaseTest BaseTest.java148 - https://login.salesforce.com/ is entered
20240603 22:14:24 INFO  [main] base.BaseTest BaseTest.java181 - Waiting until page loads within  expectedtime period
20240603 22:14:24 INFO  [main] utility.SalesforceListenerUtility SalesforceListenerUtility.java28 - login_Homepage.......test execution started........
20240603 22:14:24 INFO  [main] lighteningSalesforce.LoginAccountsTestcases LoginAccountsTestcases.java50 - ..............stated login_Homepage()...............
20240603 22:14:24 INFO  [main] base.BasePage BasePage.java217 - Current URL is = https://login.salesforce.com/
20240603 22:14:32 INFO  [main] lighteningSalesforce.LoginAccountsTestcases LoginAccountsTestcases.java62 - https://login.salesforce.com/  matched with https://login.salesforce.com/
20240603 22:14:33 INFO  [main] base.BasePage BasePage.java89 - UserName  IS WAITED FOR VISIBLITY
20240603 22:14:33 INFO  [main] base.BasePage BasePage.java140 - [[ChromeDriver: chrome on MAC (a2c852a46a1ffcd6127d3a05bc9772ea)] -> xpath: //*[@id='username']]Is enabled and clicked
20240603 22:14:33 INFO  [main] base.BasePage BasePage.java144 - Username textboxIs displayed  in textarea
20240603 22:14:33 INFO  [main] lighteningSalesforce.LoginAccountsTestcases LoginAccountsTestcases.java72 - User name entered successfully
20240603 22:14:33 INFO  [main] base.BasePage BasePage.java140 - [[ChromeDriver: chrome on MAC (a2c852a46a1ffcd6127d3a05bc9772ea)] -> xpath: //*[@id='password']]Is enabled and clicked
20240603 22:14:33 INFO  [main] base.BasePage BasePage.java144 - password field Is displayed  in textarea
20240603 22:14:33 INFO  [main] lighteningSalesforce.LoginAccountsTestcases LoginAccountsTestcases.java75 - Password entered successfully
20240603 22:14:41 INFO  [main] base.BasePage BasePage.java89 - Login Button IS WAITED FOR VISIBLITY
20240603 22:14:43 INFO  [main] base.BasePage BasePage.java70 - Login ButtonIs enabled and clicked
20240603 22:14:45 INFO  [main] lighteningSalesforce.LoginAccountsTestcases LoginAccountsTestcases.java88 - Lightning Experience  matched with Lightning Experience
20240603 22:14:45 INFO  [main] lighteningSalesforce.LoginAccountsTestcases LoginAccountsTestcases.java96 - All assertions Passed
20240603 22:14:45 INFO  [main] lighteningSalesforce.LoginAccountsTestcases LoginAccountsTestcases.java98 - ..............ended Login_Homepage()...............
20240603 22:14:46 INFO  [main] utility.SalesforceListenerUtility SalesforceListenerUtility.java38 - login_Homepage.......test execution sucess........
20240603 22:14:46 INFO  [main] utility.SalesforceListenerUtility SalesforceListenerUtility.java28 - editAccount.......test execution started........
20240603 22:14:55 INFO  [main] base.BasePage BasePage.java236 - Element extracted text is = lib123
20240603 22:15:34 ERROR [main] utility.SalesforceListenerUtility SalesforceListenerUtility.java48 - editAccount.......test execution completed with failure........
20240603 22:15:35 INFO  [main] base.BaseTest BaseTest.java169 - captures the screenshot
20240603 22:15:35 INFO  [main] utility.SalesforceListenerUtility SalesforceListenerUtility.java73 - .......<test> execution completed........
20240603 22:19:04 INFO  [main] utility.SalesforceListenerUtility SalesforceListenerUtility.java65 - .......<test> execution started........
20240603 22:19:04 INFO  [main] base.BaseTest BaseTest.java47 - .........BeforeMethod  executed---------------
20240603 22:19:05 INFO  [main] base.BaseTest BaseTest.java67 - Browser instance has started
20240603 22:19:08 INFO  [main] base.BaseTest BaseTest.java148 - https://login.salesforce.com/ is entered
20240603 22:19:08 INFO  [main] base.BaseTest BaseTest.java181 - Waiting until page loads within  expectedtime period
20240603 22:19:08 INFO  [main] utility.SalesforceListenerUtility SalesforceListenerUtility.java28 - login_Homepage.......test execution started........
20240603 22:19:08 INFO  [main] lighteningSalesforce.LoginAccountsTestcases LoginAccountsTestcases.java50 - ..............stated login_Homepage()...............
20240603 22:19:08 INFO  [main] base.BasePage BasePage.java217 - Current URL is = https://login.salesforce.com/
20240603 22:19:16 INFO  [main] lighteningSalesforce.LoginAccountsTestcases LoginAccountsTestcases.java62 - https://login.salesforce.com/  matched with https://login.salesforce.com/
20240603 22:19:16 INFO  [main] base.BasePage BasePage.java89 - UserName  IS WAITED FOR VISIBLITY
20240603 22:19:16 INFO  [main] base.BasePage BasePage.java140 - [[ChromeDriver: chrome on MAC (eb6768d3421fba4df59fcfda42031918)] -> xpath: //*[@id='username']]Is enabled and clicked
20240603 22:19:16 INFO  [main] base.BasePage BasePage.java144 - Username textboxIs displayed  in textarea
20240603 22:19:16 INFO  [main] lighteningSalesforce.LoginAccountsTestcases LoginAccountsTestcases.java72 - User name entered successfully
20240603 22:19:16 INFO  [main] base.BasePage BasePage.java140 - [[ChromeDriver: chrome on MAC (eb6768d3421fba4df59fcfda42031918)] -> xpath: //*[@id='password']]Is enabled and clicked
20240603 22:19:16 INFO  [main] base.BasePage BasePage.java144 - password field Is displayed  in textarea
20240603 22:19:16 INFO  [main] lighteningSalesforce.LoginAccountsTestcases LoginAccountsTestcases.java75 - Password entered successfully
20240603 22:19:24 INFO  [main] base.BasePage BasePage.java89 - Login Button IS WAITED FOR VISIBLITY
20240603 22:19:29 INFO  [main] base.BasePage BasePage.java70 - Login ButtonIs enabled and clicked
20240603 22:19:29 INFO  [main] lighteningSalesforce.LoginAccountsTestcases LoginAccountsTestcases.java88 - Lightning Experience  matched with Lightning Experience
20240603 22:19:29 INFO  [main] lighteningSalesforce.LoginAccountsTestcases LoginAccountsTestcases.java96 - All assertions Passed
20240603 22:19:29 INFO  [main] lighteningSalesforce.LoginAccountsTestcases LoginAccountsTestcases.java98 - ..............ended Login_Homepage()...............
20240603 22:19:30 INFO  [main] utility.SalesforceListenerUtility SalesforceListenerUtility.java38 - login_Homepage.......test execution sucess........
20240603 22:19:30 INFO  [main] utility.SalesforceListenerUtility SalesforceListenerUtility.java28 - editAccount.......test execution started........
20240603 22:19:39 ERROR [main] utility.SalesforceListenerUtility SalesforceListenerUtility.java48 - editAccount.......test execution completed with failure........
20240603 22:19:39 INFO  [main] base.BaseTest BaseTest.java169 - captures the screenshot
20240603 22:19:39 INFO  [main] utility.SalesforceListenerUtility SalesforceListenerUtility.java73 - .......<test> execution completed........
20240603 22:21:06 INFO  [main] utility.SalesforceListenerUtility SalesforceListenerUtility.java65 - .......<test> execution started........
20240603 22:21:06 INFO  [main] base.BaseTest BaseTest.java47 - .........BeforeMethod  executed---------------
20240603 22:21:07 INFO  [main] base.BaseTest BaseTest.java67 - Browser instance has started
20240603 22:21:09 INFO  [main] base.BaseTest BaseTest.java148 - https://login.salesforce.com/ is entered
20240603 22:21:09 INFO  [main] base.BaseTest BaseTest.java181 - Waiting until page loads within  expectedtime period
20240603 22:21:09 INFO  [main] utility.SalesforceListenerUtility SalesforceListenerUtility.java28 - login_Homepage.......test execution started........
20240603 22:21:09 INFO  [main] lighteningSalesforce.LoginAccountsTestcases LoginAccountsTestcases.java50 - ..............stated login_Homepage()...............
20240603 22:21:10 INFO  [main] base.BasePage BasePage.java217 - Current URL is = https://login.salesforce.com/
20240603 22:21:18 INFO  [main] lighteningSalesforce.LoginAccountsTestcases LoginAccountsTestcases.java62 - https://login.salesforce.com/  matched with https://login.salesforce.com/
20240603 22:21:18 INFO  [main] base.BasePage BasePage.java89 - UserName  IS WAITED FOR VISIBLITY
20240603 22:21:18 INFO  [main] base.BasePage BasePage.java140 - [[ChromeDriver: chrome on MAC (04a2a0993f2895449cee826dd9884338)] -> xpath: //*[@id='username']]Is enabled and clicked
20240603 22:21:18 INFO  [main] base.BasePage BasePage.java144 - Username textboxIs displayed  in textarea
20240603 22:21:18 INFO  [main] lighteningSalesforce.LoginAccountsTestcases LoginAccountsTestcases.java72 - User name entered successfully
20240603 22:21:18 INFO  [main] base.BasePage BasePage.java140 - [[ChromeDriver: chrome on MAC (04a2a0993f2895449cee826dd9884338)] -> xpath: //*[@id='password']]Is enabled and clicked
20240603 22:21:18 INFO  [main] base.BasePage BasePage.java144 - password field Is displayed  in textarea
20240603 22:21:18 INFO  [main] lighteningSalesforce.LoginAccountsTestcases LoginAccountsTestcases.java75 - Password entered successfully
20240603 22:21:26 INFO  [main] base.BasePage BasePage.java89 - Login Button IS WAITED FOR VISIBLITY
20240603 22:21:31 INFO  [main] base.BasePage BasePage.java70 - Login ButtonIs enabled and clicked
20240603 22:21:31 INFO  [main] lighteningSalesforce.LoginAccountsTestcases LoginAccountsTestcases.java88 - Lightning Experience  matched with Lightning Experience
20240603 22:21:31 INFO  [main] lighteningSalesforce.LoginAccountsTestcases LoginAccountsTestcases.java96 - All assertions Passed
20240603 22:21:31 INFO  [main] lighteningSalesforce.LoginAccountsTestcases LoginAccountsTestcases.java98 - ..............ended Login_Homepage()...............
20240603 22:21:31 INFO  [main] utility.SalesforceListenerUtility SalesforceListenerUtility.java38 - login_Homepage.......test execution sucess........
20240603 22:21:31 INFO  [main] utility.SalesforceListenerUtility SalesforceListenerUtility.java28 - editAccount.......test execution started........
20240603 22:21:42 ERROR [main] utility.SalesforceListenerUtility SalesforceListenerUtility.java48 - editAccount.......test execution completed with failure........
20240603 22:21:42 INFO  [main] base.BaseTest BaseTest.java169 - captures the screenshot
20240603 22:21:42 INFO  [main] utility.SalesforceListenerUtility SalesforceListenerUtility.java73 - .......<test> execution completed........
20240603 22:22:46 INFO  [main] utility.SalesforceListenerUtility SalesforceListenerUtility.java65 - .......<test> execution started........
20240603 22:22:47 INFO  [main] base.BaseTest BaseTest.java47 - .........BeforeMethod  executed---------------
20240603 22:22:47 INFO  [main] base.BaseTest BaseTest.java67 - Browser instance has started
20240603 22:22:50 INFO  [main] base.BaseTest BaseTest.java148 - https://login.salesforce.com/ is entered
20240603 22:22:50 INFO  [main] base.BaseTest BaseTest.java181 - Waiting until page loads within  expectedtime period
20240603 22:22:50 INFO  [main] utility.SalesforceListenerUtility SalesforceListenerUtility.java28 - login_Homepage.......test execution started........
20240603 22:22:50 INFO  [main] lighteningSalesforce.LoginAccountsTestcases LoginAccountsTestcases.java50 - ..............stated login_Homepage()...............
20240603 22:22:50 INFO  [main] base.BasePage BasePage.java217 - Current URL is = https://login.salesforce.com/
20240603 22:22:58 INFO  [main] lighteningSalesforce.LoginAccountsTestcases LoginAccountsTestcases.java62 - https://login.salesforce.com/  matched with https://login.salesforce.com/
20240603 22:22:58 INFO  [main] base.BasePage BasePage.java89 - UserName  IS WAITED FOR VISIBLITY
20240603 22:22:59 INFO  [main] base.BasePage BasePage.java140 - [[ChromeDriver: chrome on MAC (d9c9343c9bfee24b7b52633fe56d8c22)] -> xpath: //*[@id='username']]Is enabled and clicked
20240603 22:22:59 INFO  [main] base.BasePage BasePage.java144 - Username textboxIs displayed  in textarea
20240603 22:22:59 INFO  [main] lighteningSalesforce.LoginAccountsTestcases LoginAccountsTestcases.java72 - User name entered successfully
20240603 22:22:59 INFO  [main] base.BasePage BasePage.java140 - [[ChromeDriver: chrome on MAC (d9c9343c9bfee24b7b52633fe56d8c22)] -> xpath: //*[@id='password']]Is enabled and clicked
20240603 22:22:59 INFO  [main] base.BasePage BasePage.java144 - password field Is displayed  in textarea
20240603 22:22:59 INFO  [main] lighteningSalesforce.LoginAccountsTestcases LoginAccountsTestcases.java75 - Password entered successfully
20240603 22:23:07 INFO  [main] base.BasePage BasePage.java89 - Login Button IS WAITED FOR VISIBLITY
20240603 22:23:09 INFO  [main] base.BasePage BasePage.java70 - Login ButtonIs enabled and clicked
20240603 22:23:11 INFO  [main] lighteningSalesforce.LoginAccountsTestcases LoginAccountsTestcases.java88 - Lightning Experience  matched with Lightning Experience
20240603 22:23:11 INFO  [main] lighteningSalesforce.LoginAccountsTestcases LoginAccountsTestcases.java96 - All assertions Passed
20240603 22:23:11 INFO  [main] lighteningSalesforce.LoginAccountsTestcases LoginAccountsTestcases.java98 - ..............ended Login_Homepage()...............
20240603 22:23:11 INFO  [main] utility.SalesforceListenerUtility SalesforceListenerUtility.java38 - login_Homepage.......test execution sucess........
20240603 22:23:11 INFO  [main] utility.SalesforceListenerUtility SalesforceListenerUtility.java28 - editAccount.......test execution started........
20240603 22:23:11 ERROR [main] utility.SalesforceListenerUtility SalesforceListenerUtility.java48 - editAccount.......test execution completed with failure........
20240603 22:23:12 INFO  [main] base.BaseTest BaseTest.java169 - captures the screenshot
20240603 22:23:12 INFO  [main] utility.SalesforceListenerUtility SalesforceListenerUtility.java73 - .......<test> execution completed........
20240603 22:24:07 INFO  [main] utility.SalesforceListenerUtility SalesforceListenerUtility.java65 - .......<test> execution started........
20240603 22:24:07 INFO  [main] base.BaseTest BaseTest.java47 - .........BeforeMethod  executed---------------
20240603 22:24:07 INFO  [main] base.BaseTest BaseTest.java67 - Browser instance has started
20240603 22:24:10 INFO  [main] base.BaseTest BaseTest.java148 - https://login.salesforce.com/ is entered
20240603 22:24:10 INFO  [main] base.BaseTest BaseTest.java181 - Waiting until page loads within  expectedtime period
20240603 22:24:10 INFO  [main] utility.SalesforceListenerUtility SalesforceListenerUtility.java28 - login_Homepage.......test execution started........
20240603 22:24:10 INFO  [main] lighteningSalesforce.LoginAccountsTestcases LoginAccountsTestcases.java50 - ..............stated login_Homepage()...............
20240603 22:24:10 INFO  [main] base.BasePage BasePage.java217 - Current URL is = https://login.salesforce.com/
20240603 22:24:18 INFO  [main] lighteningSalesforce.LoginAccountsTestcases LoginAccountsTestcases.java62 - https://login.salesforce.com/  matched with https://login.salesforce.com/
20240603 22:24:18 INFO  [main] base.BasePage BasePage.java89 - UserName  IS WAITED FOR VISIBLITY
20240603 22:24:18 INFO  [main] base.BasePage BasePage.java140 - [[ChromeDriver: chrome on MAC (0786e9ae81b2a5e13d5fdb6f9c88c27d)] -> xpath: //*[@id='username']]Is enabled and clicked
20240603 22:24:18 INFO  [main] base.BasePage BasePage.java144 - Username textboxIs displayed  in textarea
20240603 22:24:18 INFO  [main] lighteningSalesforce.LoginAccountsTestcases LoginAccountsTestcases.java72 - User name entered successfully
20240603 22:24:19 INFO  [main] base.BasePage BasePage.java140 - [[ChromeDriver: chrome on MAC (0786e9ae81b2a5e13d5fdb6f9c88c27d)] -> xpath: //*[@id='password']]Is enabled and clicked
20240603 22:24:19 INFO  [main] base.BasePage BasePage.java144 - password field Is displayed  in textarea
20240603 22:24:19 INFO  [main] lighteningSalesforce.LoginAccountsTestcases LoginAccountsTestcases.java75 - Password entered successfully
20240603 22:24:27 INFO  [main] base.BasePage BasePage.java89 - Login Button IS WAITED FOR VISIBLITY
20240603 22:24:29 INFO  [main] base.BasePage BasePage.java70 - Login ButtonIs enabled and clicked
20240603 22:24:32 INFO  [main] lighteningSalesforce.LoginAccountsTestcases LoginAccountsTestcases.java88 - Lightning Experience  matched with Lightning Experience
20240603 22:24:32 INFO  [main] lighteningSalesforce.LoginAccountsTestcases LoginAccountsTestcases.java96 - All assertions Passed
20240603 22:24:32 INFO  [main] lighteningSalesforce.LoginAccountsTestcases LoginAccountsTestcases.java98 - ..............ended Login_Homepage()...............
20240603 22:24:32 INFO  [main] utility.SalesforceListenerUtility SalesforceListenerUtility.java38 - login_Homepage.......test execution sucess........
20240603 22:24:32 INFO  [main] utility.SalesforceListenerUtility SalesforceListenerUtility.java28 - editAccount.......test execution started........
20240603 22:24:50 INFO  [main] base.BasePage BasePage.java236 - Element extracted text is = lib123
20240603 22:25:00 ERROR [main] utility.SalesforceListenerUtility SalesforceListenerUtility.java48 - editAccount.......test execution completed with failure........
20240603 22:25:01 INFO  [main] base.BaseTest BaseTest.java169 - captures the screenshot
20240603 22:25:01 INFO  [main] utility.SalesforceListenerUtility SalesforceListenerUtility.java73 - .......<test> execution completed........
20240603 22:25:24 INFO  [main] utility.SalesforceListenerUtility SalesforceListenerUtility.java65 - .......<test> execution started........
20240603 22:25:24 INFO  [main] base.BaseTest BaseTest.java47 - .........BeforeMethod  executed---------------
20240603 22:25:25 INFO  [main] base.BaseTest BaseTest.java67 - Browser instance has started
20240603 22:25:27 INFO  [main] base.BaseTest BaseTest.java148 - https://login.salesforce.com/ is entered
20240603 22:25:27 INFO  [main] base.BaseTest BaseTest.java181 - Waiting until page loads within  expectedtime period
20240603 22:25:27 INFO  [main] utility.SalesforceListenerUtility SalesforceListenerUtility.java28 - login_Homepage.......test execution started........
20240603 22:25:27 INFO  [main] lighteningSalesforce.LoginAccountsTestcases LoginAccountsTestcases.java50 - ..............stated login_Homepage()...............
20240603 22:25:27 INFO  [main] base.BasePage BasePage.java217 - Current URL is = https://login.salesforce.com/
20240603 22:25:35 INFO  [main] lighteningSalesforce.LoginAccountsTestcases LoginAccountsTestcases.java62 - https://login.salesforce.com/  matched with https://login.salesforce.com/
20240603 22:25:35 INFO  [main] base.BasePage BasePage.java89 - UserName  IS WAITED FOR VISIBLITY
20240603 22:25:35 INFO  [main] base.BasePage BasePage.java140 - [[ChromeDriver: chrome on MAC (7c59f56ce826a84f54b7d2107be84257)] -> xpath: //*[@id='username']]Is enabled and clicked
20240603 22:25:35 INFO  [main] base.BasePage BasePage.java144 - Username textboxIs displayed  in textarea
20240603 22:25:35 INFO  [main] lighteningSalesforce.LoginAccountsTestcases LoginAccountsTestcases.java72 - User name entered successfully
20240603 22:25:36 INFO  [main] base.BasePage BasePage.java140 - [[ChromeDriver: chrome on MAC (7c59f56ce826a84f54b7d2107be84257)] -> xpath: //*[@id='password']]Is enabled and clicked
20240603 22:25:36 INFO  [main] base.BasePage BasePage.java144 - password field Is displayed  in textarea
20240603 22:25:36 INFO  [main] lighteningSalesforce.LoginAccountsTestcases LoginAccountsTestcases.java75 - Password entered successfully
20240603 22:25:44 INFO  [main] base.BasePage BasePage.java89 - Login Button IS WAITED FOR VISIBLITY
20240603 22:25:49 INFO  [main] base.BasePage BasePage.java70 - Login ButtonIs enabled and clicked
20240603 22:25:49 INFO  [main] lighteningSalesforce.LoginAccountsTestcases LoginAccountsTestcases.java88 - Lightning Experience  matched with Lightning Experience
20240603 22:25:49 INFO  [main] lighteningSalesforce.LoginAccountsTestcases LoginAccountsTestcases.java96 - All assertions Passed
20240603 22:25:49 INFO  [main] lighteningSalesforce.LoginAccountsTestcases LoginAccountsTestcases.java98 - ..............ended Login_Homepage()...............
20240603 22:25:49 INFO  [main] utility.SalesforceListenerUtility SalesforceListenerUtility.java38 - login_Homepage.......test execution sucess........
20240603 22:25:49 INFO  [main] utility.SalesforceListenerUtility SalesforceListenerUtility.java28 - editAccount.......test execution started........
20240603 22:26:07 INFO  [main] base.BasePage BasePage.java236 - Element extracted text is = lib123
20240603 22:26:09 INFO  [main] base.BasePage BasePage.java70 - Details Tab is clickedIs enabled and clicked
20240603 22:26:10 INFO  [main] base.BasePage BasePage.java102 -  IS WAITED FOR VISIBLITY OF ELEMENT TO BE LOCATED
20240603 22:26:11 ERROR [main] utility.SalesforceListenerUtility SalesforceListenerUtility.java48 - editAccount.......test execution completed with failure........
20240603 22:26:11 INFO  [main] base.BaseTest BaseTest.java169 - captures the screenshot
20240603 22:26:11 INFO  [main] utility.SalesforceListenerUtility SalesforceListenerUtility.java73 - .......<test> execution completed........
20240603 22:29:37 INFO  [main] utility.SalesforceListenerUtility SalesforceListenerUtility.java65 - .......<test> execution started........
20240603 22:29:38 INFO  [main] base.BaseTest BaseTest.java47 - .........BeforeMethod  executed---------------
20240603 22:29:38 INFO  [main] base.BaseTest BaseTest.java67 - Browser instance has started
20240603 22:29:41 INFO  [main] base.BaseTest BaseTest.java148 - https://login.salesforce.com/ is entered
20240603 22:29:41 INFO  [main] base.BaseTest BaseTest.java181 - Waiting until page loads within  expectedtime period
20240603 22:29:41 INFO  [main] utility.SalesforceListenerUtility SalesforceListenerUtility.java28 - login_Homepage.......test execution started........
20240603 22:29:41 INFO  [main] lighteningSalesforce.LoginAccountsTestcases LoginAccountsTestcases.java50 - ..............stated login_Homepage()...............
20240603 22:29:41 INFO  [main] base.BasePage BasePage.java217 - Current URL is = https://login.salesforce.com/
20240603 22:29:49 INFO  [main] lighteningSalesforce.LoginAccountsTestcases LoginAccountsTestcases.java62 - https://login.salesforce.com/  matched with https://login.salesforce.com/
20240603 22:29:49 INFO  [main] base.BasePage BasePage.java89 - UserName  IS WAITED FOR VISIBLITY
20240603 22:29:49 INFO  [main] base.BasePage BasePage.java140 - [[ChromeDriver: chrome on MAC (6a30151bea35367d5f972457368f5bf4)] -> xpath: //*[@id='username']]Is enabled and clicked
20240603 22:29:49 INFO  [main] base.BasePage BasePage.java144 - Username textboxIs displayed  in textarea
20240603 22:29:49 INFO  [main] lighteningSalesforce.LoginAccountsTestcases LoginAccountsTestcases.java72 - User name entered successfully
20240603 22:29:49 INFO  [main] base.BasePage BasePage.java140 - [[ChromeDriver: chrome on MAC (6a30151bea35367d5f972457368f5bf4)] -> xpath: //*[@id='password']]Is enabled and clicked
20240603 22:29:49 INFO  [main] base.BasePage BasePage.java144 - password field Is displayed  in textarea
20240603 22:29:49 INFO  [main] lighteningSalesforce.LoginAccountsTestcases LoginAccountsTestcases.java75 - Password entered successfully
20240603 22:29:57 INFO  [main] base.BasePage BasePage.java89 - Login Button IS WAITED FOR VISIBLITY
20240603 22:30:04 INFO  [main] base.BasePage BasePage.java70 - Login ButtonIs enabled and clicked
20240603 22:30:05 INFO  [main] lighteningSalesforce.LoginAccountsTestcases LoginAccountsTestcases.java88 - Lightning Experience  matched with Lightning Experience
20240603 22:30:05 INFO  [main] lighteningSalesforce.LoginAccountsTestcases LoginAccountsTestcases.java96 - All assertions Passed
20240603 22:30:05 INFO  [main] lighteningSalesforce.LoginAccountsTestcases LoginAccountsTestcases.java98 - ..............ended Login_Homepage()...............
20240603 22:30:05 INFO  [main] utility.SalesforceListenerUtility SalesforceListenerUtility.java38 - login_Homepage.......test execution sucess........
20240603 22:30:05 INFO  [main] utility.SalesforceListenerUtility SalesforceListenerUtility.java28 - editAccount.......test execution started........
20240603 22:30:23 INFO  [main] base.BasePage BasePage.java236 - Element extracted text is = lib123
20240603 22:30:25 INFO  [main] base.BasePage BasePage.java70 - Details Tab is clickedIs enabled and clicked
20240603 22:30:26 INFO  [main] base.BasePage BasePage.java102 -  IS WAITED FOR VISIBLITY OF ELEMENT TO BE LOCATED
20240603 22:30:27 ERROR [main] utility.SalesforceListenerUtility SalesforceListenerUtility.java48 - editAccount.......test execution completed with failure........
20240603 22:30:28 INFO  [main] base.BaseTest BaseTest.java169 - captures the screenshot
20240603 22:30:28 INFO  [main] utility.SalesforceListenerUtility SalesforceListenerUtility.java73 - .......<test> execution completed........
20240603 22:35:37 INFO  [main] utility.SalesforceListenerUtility SalesforceListenerUtility.java65 - .......<test> execution started........
20240603 22:35:37 INFO  [main] base.BaseTest BaseTest.java47 - .........BeforeMethod  executed---------------
20240603 22:35:38 INFO  [main] base.BaseTest BaseTest.java67 - Browser instance has started
20240603 22:35:40 INFO  [main] base.BaseTest BaseTest.java148 - https://login.salesforce.com/ is entered
20240603 22:35:40 INFO  [main] base.BaseTest BaseTest.java181 - Waiting until page loads within  expectedtime period
20240603 22:35:40 INFO  [main] utility.SalesforceListenerUtility SalesforceListenerUtility.java28 - login_Homepage.......test execution started........
20240603 22:35:40 INFO  [main] lighteningSalesforce.LoginAccountsTestcases LoginAccountsTestcases.java50 - ..............stated login_Homepage()...............
20240603 22:35:40 INFO  [main] base.BasePage BasePage.java217 - Current URL is = https://login.salesforce.com/
20240603 22:35:48 INFO  [main] lighteningSalesforce.LoginAccountsTestcases LoginAccountsTestcases.java62 - https://login.salesforce.com/  matched with https://login.salesforce.com/
20240603 22:35:48 INFO  [main] base.BasePage BasePage.java89 - UserName  IS WAITED FOR VISIBLITY
20240603 22:35:49 INFO  [main] base.BasePage BasePage.java140 - [[ChromeDriver: chrome on MAC (f04affff1562f00619f5b02d814fb71b)] -> xpath: //*[@id='username']]Is enabled and clicked
20240603 22:35:49 INFO  [main] base.BasePage BasePage.java144 - Username textboxIs displayed  in textarea
20240603 22:35:49 INFO  [main] lighteningSalesforce.LoginAccountsTestcases LoginAccountsTestcases.java72 - User name entered successfully
20240603 22:35:49 INFO  [main] base.BasePage BasePage.java140 - [[ChromeDriver: chrome on MAC (f04affff1562f00619f5b02d814fb71b)] -> xpath: //*[@id='password']]Is enabled and clicked
20240603 22:35:49 INFO  [main] base.BasePage BasePage.java144 - password field Is displayed  in textarea
20240603 22:35:49 INFO  [main] lighteningSalesforce.LoginAccountsTestcases LoginAccountsTestcases.java75 - Password entered successfully
20240603 22:35:57 INFO  [main] base.BasePage BasePage.java89 - Login Button IS WAITED FOR VISIBLITY
20240603 22:36:03 INFO  [main] base.BasePage BasePage.java70 - Login ButtonIs enabled and clicked
20240603 22:36:03 INFO  [main] lighteningSalesforce.LoginAccountsTestcases LoginAccountsTestcases.java88 - Lightning Experience  matched with Lightning Experience
20240603 22:36:03 INFO  [main] lighteningSalesforce.LoginAccountsTestcases LoginAccountsTestcases.java96 - All assertions Passed
20240603 22:36:03 INFO  [main] lighteningSalesforce.LoginAccountsTestcases LoginAccountsTestcases.java98 - ..............ended Login_Homepage()...............
20240603 22:36:03 INFO  [main] utility.SalesforceListenerUtility SalesforceListenerUtility.java38 - login_Homepage.......test execution sucess........
20240603 22:36:03 INFO  [main] utility.SalesforceListenerUtility SalesforceListenerUtility.java28 - editAccount.......test execution started........
20240603 22:36:26 INFO  [main] base.BasePage BasePage.java236 - Element extracted text is = 
20240603 22:36:26 ERROR [main] utility.SalesforceListenerUtility SalesforceListenerUtility.java48 - editAccount.......test execution completed with failure........
20240603 22:36:27 INFO  [main] base.BaseTest BaseTest.java169 - captures the screenshot
20240603 22:36:27 INFO  [main] utility.SalesforceListenerUtility SalesforceListenerUtility.java73 - .......<test> execution completed........
20240603 22:37:31 INFO  [main] utility.SalesforceListenerUtility SalesforceListenerUtility.java65 - .......<test> execution started........
20240603 22:37:31 INFO  [main] base.BaseTest BaseTest.java47 - .........BeforeMethod  executed---------------
20240603 22:37:31 INFO  [main] base.BaseTest BaseTest.java67 - Browser instance has started
20240603 22:37:34 INFO  [main] base.BaseTest BaseTest.java148 - https://login.salesforce.com/ is entered
20240603 22:37:34 INFO  [main] base.BaseTest BaseTest.java181 - Waiting until page loads within  expectedtime period
20240603 22:37:34 INFO  [main] utility.SalesforceListenerUtility SalesforceListenerUtility.java28 - login_Homepage.......test execution started........
20240603 22:37:34 INFO  [main] lighteningSalesforce.LoginAccountsTestcases LoginAccountsTestcases.java50 - ..............stated login_Homepage()...............
20240603 22:37:34 INFO  [main] base.BasePage BasePage.java217 - Current URL is = https://login.salesforce.com/
20240603 22:37:42 INFO  [main] lighteningSalesforce.LoginAccountsTestcases LoginAccountsTestcases.java62 - https://login.salesforce.com/  matched with https://login.salesforce.com/
20240603 22:37:42 INFO  [main] base.BasePage BasePage.java89 - UserName  IS WAITED FOR VISIBLITY
20240603 22:37:42 INFO  [main] base.BasePage BasePage.java140 - [[ChromeDriver: chrome on MAC (42a82e21cc641e4d31ba8bec60b7ee8e)] -> xpath: //*[@id='username']]Is enabled and clicked
20240603 22:37:42 INFO  [main] base.BasePage BasePage.java144 - Username textboxIs displayed  in textarea
20240603 22:37:42 INFO  [main] lighteningSalesforce.LoginAccountsTestcases LoginAccountsTestcases.java72 - User name entered successfully
20240603 22:37:42 INFO  [main] base.BasePage BasePage.java140 - [[ChromeDriver: chrome on MAC (42a82e21cc641e4d31ba8bec60b7ee8e)] -> xpath: //*[@id='password']]Is enabled and clicked
20240603 22:37:42 INFO  [main] base.BasePage BasePage.java144 - password field Is displayed  in textarea
20240603 22:37:42 INFO  [main] lighteningSalesforce.LoginAccountsTestcases LoginAccountsTestcases.java75 - Password entered successfully
20240603 22:37:50 INFO  [main] base.BasePage BasePage.java89 - Login Button IS WAITED FOR VISIBLITY
20240603 22:37:53 INFO  [main] base.BasePage BasePage.java70 - Login ButtonIs enabled and clicked
20240603 22:37:55 INFO  [main] lighteningSalesforce.LoginAccountsTestcases LoginAccountsTestcases.java88 - Lightning Experience  matched with Lightning Experience
20240603 22:37:55 INFO  [main] lighteningSalesforce.LoginAccountsTestcases LoginAccountsTestcases.java96 - All assertions Passed
20240603 22:37:55 INFO  [main] lighteningSalesforce.LoginAccountsTestcases LoginAccountsTestcases.java98 - ..............ended Login_Homepage()...............
20240603 22:37:55 INFO  [main] utility.SalesforceListenerUtility SalesforceListenerUtility.java38 - login_Homepage.......test execution sucess........
20240603 22:37:55 INFO  [main] utility.SalesforceListenerUtility SalesforceListenerUtility.java28 - editAccount.......test execution started........
20240603 22:38:14 INFO  [main] base.BasePage BasePage.java236 - Element extracted text is = lib123
20240603 22:38:16 INFO  [main] base.BasePage BasePage.java70 - Details Tab is clickedIs enabled and clicked
20240603 22:38:17 INFO  [main] base.BasePage BasePage.java102 -  IS WAITED FOR VISIBLITY OF ELEMENT TO BE LOCATED
20240603 22:38:17 INFO  [main] base.BasePage BasePage.java70 - Rating Dropdown clicked Is enabled and clicked
20240603 22:38:27 ERROR [main] utility.SalesforceListenerUtility SalesforceListenerUtility.java48 - editAccount.......test execution completed with failure........
20240603 22:38:28 INFO  [main] base.BaseTest BaseTest.java169 - captures the screenshot
20240603 22:38:28 INFO  [main] utility.SalesforceListenerUtility SalesforceListenerUtility.java73 - .......<test> execution completed........
20240603 22:40:08 INFO  [main] utility.SalesforceListenerUtility SalesforceListenerUtility.java65 - .......<test> execution started........
20240603 22:40:08 INFO  [main] base.BaseTest BaseTest.java47 - .........BeforeMethod  executed---------------
20240603 22:40:09 INFO  [main] base.BaseTest BaseTest.java67 - Browser instance has started
20240603 22:40:14 INFO  [main] base.BaseTest BaseTest.java148 - https://login.salesforce.com/ is entered
20240603 22:40:14 INFO  [main] base.BaseTest BaseTest.java181 - Waiting until page loads within  expectedtime period
20240603 22:40:14 INFO  [main] utility.SalesforceListenerUtility SalesforceListenerUtility.java28 - login_Homepage.......test execution started........
20240603 22:40:14 INFO  [main] lighteningSalesforce.LoginAccountsTestcases LoginAccountsTestcases.java50 - ..............stated login_Homepage()...............
20240603 22:40:14 INFO  [main] base.BasePage BasePage.java217 - Current URL is = https://login.salesforce.com/
20240603 22:40:22 INFO  [main] lighteningSalesforce.LoginAccountsTestcases LoginAccountsTestcases.java62 - https://login.salesforce.com/  matched with https://login.salesforce.com/
20240603 22:40:23 INFO  [main] base.BasePage BasePage.java89 - UserName  IS WAITED FOR VISIBLITY
20240603 22:40:23 INFO  [main] base.BasePage BasePage.java140 - [[ChromeDriver: chrome on MAC (ccd2d06463c3703b7cd908d5cdde0c68)] -> xpath: //*[@id='username']]Is enabled and clicked
20240603 22:40:23 INFO  [main] base.BasePage BasePage.java144 - Username textboxIs displayed  in textarea
20240603 22:40:23 INFO  [main] lighteningSalesforce.LoginAccountsTestcases LoginAccountsTestcases.java72 - User name entered successfully
20240603 22:40:23 INFO  [main] base.BasePage BasePage.java140 - [[ChromeDriver: chrome on MAC (ccd2d06463c3703b7cd908d5cdde0c68)] -> xpath: //*[@id='password']]Is enabled and clicked
20240603 22:40:23 INFO  [main] base.BasePage BasePage.java144 - password field Is displayed  in textarea
20240603 22:40:23 INFO  [main] lighteningSalesforce.LoginAccountsTestcases LoginAccountsTestcases.java75 - Password entered successfully
20240603 22:40:31 INFO  [main] base.BasePage BasePage.java89 - Login Button IS WAITED FOR VISIBLITY
20240603 22:40:33 INFO  [main] base.BasePage BasePage.java70 - Login ButtonIs enabled and clicked
20240603 22:40:36 INFO  [main] lighteningSalesforce.LoginAccountsTestcases LoginAccountsTestcases.java88 - Lightning Experience  matched with Lightning Experience
20240603 22:40:36 INFO  [main] lighteningSalesforce.LoginAccountsTestcases LoginAccountsTestcases.java96 - All assertions Passed
20240603 22:40:36 INFO  [main] lighteningSalesforce.LoginAccountsTestcases LoginAccountsTestcases.java98 - ..............ended Login_Homepage()...............
20240603 22:40:36 INFO  [main] utility.SalesforceListenerUtility SalesforceListenerUtility.java38 - login_Homepage.......test execution sucess........
20240603 22:40:36 INFO  [main] utility.SalesforceListenerUtility SalesforceListenerUtility.java28 - editAccount.......test execution started........
20240603 22:40:54 INFO  [main] base.BasePage BasePage.java236 - Element extracted text is = lib123
20240603 22:40:57 INFO  [main] base.BasePage BasePage.java70 - Details Tab is clickedIs enabled and clicked
20240603 22:40:57 INFO  [main] base.BasePage BasePage.java102 -  IS WAITED FOR VISIBLITY OF ELEMENT TO BE LOCATED
20240603 22:40:57 INFO  [main] base.BasePage BasePage.java70 - Rating Dropdown clicked Is enabled and clicked
20240603 22:41:07 ERROR [main] utility.SalesforceListenerUtility SalesforceListenerUtility.java48 - editAccount.......test execution completed with failure........
20240603 22:41:08 INFO  [main] base.BaseTest BaseTest.java169 - captures the screenshot
20240603 22:41:08 INFO  [main] utility.SalesforceListenerUtility SalesforceListenerUtility.java73 - .......<test> execution completed........
20240603 23:13:34 INFO  [main] utility.SalesforceListenerUtility SalesforceListenerUtility.java65 - .......<test> execution started........
20240603 23:13:34 INFO  [main] base.BaseTest BaseTest.java47 - .........BeforeMethod  executed---------------
20240603 23:13:35 INFO  [main] base.BaseTest BaseTest.java67 - Browser instance has started
20240603 23:13:37 INFO  [main] base.BaseTest BaseTest.java148 - https://login.salesforce.com/ is entered
20240603 23:13:37 INFO  [main] base.BaseTest BaseTest.java181 - Waiting until page loads within  expectedtime period
20240603 23:13:37 INFO  [main] utility.SalesforceListenerUtility SalesforceListenerUtility.java28 - login_Homepage.......test execution started........
20240603 23:13:37 INFO  [main] lighteningSalesforce.LoginAccountsTestcases LoginAccountsTestcases.java50 - ..............stated login_Homepage()...............
20240603 23:13:37 INFO  [main] base.BasePage BasePage.java217 - Current URL is = https://login.salesforce.com/
20240603 23:13:45 INFO  [main] lighteningSalesforce.LoginAccountsTestcases LoginAccountsTestcases.java62 - https://login.salesforce.com/  matched with https://login.salesforce.com/
20240603 23:13:46 INFO  [main] base.BasePage BasePage.java89 - UserName  IS WAITED FOR VISIBLITY
20240603 23:13:46 INFO  [main] base.BasePage BasePage.java140 - [[ChromeDriver: chrome on MAC (28849a723c6111a0c815dcf40d46a996)] -> xpath: //*[@id='username']]Is enabled and clicked
20240603 23:13:46 INFO  [main] base.BasePage BasePage.java144 - Username textboxIs displayed  in textarea
20240603 23:13:46 INFO  [main] lighteningSalesforce.LoginAccountsTestcases LoginAccountsTestcases.java72 - User name entered successfully
20240603 23:13:46 INFO  [main] base.BasePage BasePage.java140 - [[ChromeDriver: chrome on MAC (28849a723c6111a0c815dcf40d46a996)] -> xpath: //*[@id='password']]Is enabled and clicked
20240603 23:13:46 INFO  [main] base.BasePage BasePage.java144 - password field Is displayed  in textarea
20240603 23:13:46 INFO  [main] lighteningSalesforce.LoginAccountsTestcases LoginAccountsTestcases.java75 - Password entered successfully
20240603 23:13:54 INFO  [main] base.BasePage BasePage.java89 - Login Button IS WAITED FOR VISIBLITY
20240603 23:13:56 INFO  [main] base.BasePage BasePage.java70 - Login ButtonIs enabled and clicked
20240603 23:14:00 INFO  [main] lighteningSalesforce.LoginAccountsTestcases LoginAccountsTestcases.java88 - Lightning Experience  matched with Lightning Experience
20240603 23:14:00 INFO  [main] lighteningSalesforce.LoginAccountsTestcases LoginAccountsTestcases.java96 - All assertions Passed
20240603 23:14:00 INFO  [main] lighteningSalesforce.LoginAccountsTestcases LoginAccountsTestcases.java98 - ..............ended Login_Homepage()...............
20240603 23:14:00 INFO  [main] utility.SalesforceListenerUtility SalesforceListenerUtility.java38 - login_Homepage.......test execution sucess........
20240603 23:14:00 INFO  [main] utility.SalesforceListenerUtility SalesforceListenerUtility.java28 - editAccount.......test execution started........
20240603 23:14:18 INFO  [main] base.BasePage BasePage.java236 - Element extracted text is = lib123
20240603 23:14:20 INFO  [main] base.BasePage BasePage.java70 - Details Tab is clickedIs enabled and clicked
20240603 23:14:21 INFO  [main] base.BasePage BasePage.java102 -  IS WAITED FOR VISIBLITY OF ELEMENT TO BE LOCATED
20240603 23:14:21 ERROR [main] utility.SalesforceListenerUtility SalesforceListenerUtility.java48 - editAccount.......test execution completed with failure........
20240603 23:14:21 INFO  [main] base.BaseTest BaseTest.java169 - captures the screenshot
20240603 23:14:21 INFO  [main] utility.SalesforceListenerUtility SalesforceListenerUtility.java73 - .......<test> execution completed........
20240603 23:20:07 INFO  [main] utility.SalesforceListenerUtility SalesforceListenerUtility.java65 - .......<test> execution started........
20240603 23:20:07 INFO  [main] base.BaseTest BaseTest.java47 - .........BeforeMethod  executed---------------
20240603 23:20:07 INFO  [main] base.BaseTest BaseTest.java67 - Browser instance has started
20240603 23:20:10 INFO  [main] base.BaseTest BaseTest.java148 - https://login.salesforce.com/ is entered
20240603 23:20:10 INFO  [main] base.BaseTest BaseTest.java181 - Waiting until page loads within  expectedtime period
20240603 23:20:10 INFO  [main] utility.SalesforceListenerUtility SalesforceListenerUtility.java28 - login_Homepage.......test execution started........
20240603 23:20:10 INFO  [main] lighteningSalesforce.LoginAccountsTestcases LoginAccountsTestcases.java50 - ..............stated login_Homepage()...............
20240603 23:20:10 INFO  [main] base.BasePage BasePage.java217 - Current URL is = https://login.salesforce.com/
20240603 23:20:18 INFO  [main] lighteningSalesforce.LoginAccountsTestcases LoginAccountsTestcases.java62 - https://login.salesforce.com/  matched with https://login.salesforce.com/
20240603 23:20:18 INFO  [main] base.BasePage BasePage.java89 - UserName  IS WAITED FOR VISIBLITY
20240603 23:20:18 INFO  [main] base.BasePage BasePage.java140 - [[ChromeDriver: chrome on MAC (04d3d28e75d3ef49c04db143e2c554f5)] -> xpath: //*[@id='username']]Is enabled and clicked
20240603 23:20:18 INFO  [main] base.BasePage BasePage.java144 - Username textboxIs displayed  in textarea
20240603 23:20:18 INFO  [main] lighteningSalesforce.LoginAccountsTestcases LoginAccountsTestcases.java72 - User name entered successfully
20240603 23:20:18 INFO  [main] base.BasePage BasePage.java140 - [[ChromeDriver: chrome on MAC (04d3d28e75d3ef49c04db143e2c554f5)] -> xpath: //*[@id='password']]Is enabled and clicked
20240603 23:20:18 INFO  [main] base.BasePage BasePage.java144 - password field Is displayed  in textarea
20240603 23:20:18 INFO  [main] lighteningSalesforce.LoginAccountsTestcases LoginAccountsTestcases.java75 - Password entered successfully
20240603 23:20:26 INFO  [main] base.BasePage BasePage.java89 - Login Button IS WAITED FOR VISIBLITY
20240603 23:20:31 INFO  [main] base.BasePage BasePage.java70 - Login ButtonIs enabled and clicked
20240603 23:20:31 INFO  [main] lighteningSalesforce.LoginAccountsTestcases LoginAccountsTestcases.java88 - Lightning Experience  matched with Lightning Experience
20240603 23:20:31 INFO  [main] lighteningSalesforce.LoginAccountsTestcases LoginAccountsTestcases.java96 - All assertions Passed
20240603 23:20:31 INFO  [main] lighteningSalesforce.LoginAccountsTestcases LoginAccountsTestcases.java98 - ..............ended Login_Homepage()...............
20240603 23:20:31 INFO  [main] utility.SalesforceListenerUtility SalesforceListenerUtility.java38 - login_Homepage.......test execution sucess........
20240603 23:20:31 INFO  [main] utility.SalesforceListenerUtility SalesforceListenerUtility.java28 - editAccount.......test execution started........
20240603 23:20:50 INFO  [main] base.BasePage BasePage.java236 - Element extracted text is = lib123
20240603 23:20:52 INFO  [main] base.BasePage BasePage.java70 - Details Tab is clickedIs enabled and clicked
20240603 23:20:53 INFO  [main] base.BasePage BasePage.java102 -  IS WAITED FOR VISIBLITY OF ELEMENT TO BE LOCATED
20240603 23:20:53 ERROR [main] utility.SalesforceListenerUtility SalesforceListenerUtility.java48 - editAccount.......test execution completed with failure........
20240603 23:20:53 INFO  [main] base.BaseTest BaseTest.java169 - captures the screenshot
20240603 23:20:54 INFO  [main] utility.SalesforceListenerUtility SalesforceListenerUtility.java73 - .......<test> execution completed........
20240603 23:21:08 INFO  [main] utility.SalesforceListenerUtility SalesforceListenerUtility.java65 - .......<test> execution started........
20240603 23:21:08 INFO  [main] base.BaseTest BaseTest.java47 - .........BeforeMethod  executed---------------
20240603 23:21:08 INFO  [main] base.BaseTest BaseTest.java67 - Browser instance has started
20240603 23:21:11 INFO  [main] base.BaseTest BaseTest.java148 - https://login.salesforce.com/ is entered
20240603 23:21:11 INFO  [main] base.BaseTest BaseTest.java181 - Waiting until page loads within  expectedtime period
20240603 23:21:11 INFO  [main] utility.SalesforceListenerUtility SalesforceListenerUtility.java28 - login_Homepage.......test execution started........
20240603 23:21:11 INFO  [main] lighteningSalesforce.LoginAccountsTestcases LoginAccountsTestcases.java50 - ..............stated login_Homepage()...............
20240603 23:21:11 INFO  [main] base.BasePage BasePage.java217 - Current URL is = https://login.salesforce.com/
20240603 23:21:49 INFO  [main] utility.SalesforceListenerUtility SalesforceListenerUtility.java65 - .......<test> execution started........
20240603 23:21:50 INFO  [main] base.BaseTest BaseTest.java47 - .........BeforeMethod  executed---------------
20240603 23:21:50 INFO  [main] base.BaseTest BaseTest.java67 - Browser instance has started
20240603 23:21:52 INFO  [main] base.BaseTest BaseTest.java148 - https://login.salesforce.com/ is entered
20240603 23:21:52 INFO  [main] base.BaseTest BaseTest.java181 - Waiting until page loads within  expectedtime period
20240603 23:21:52 INFO  [main] utility.SalesforceListenerUtility SalesforceListenerUtility.java28 - login_Homepage.......test execution started........
20240603 23:21:52 INFO  [main] lighteningSalesforce.LoginAccountsTestcases LoginAccountsTestcases.java50 - ..............stated login_Homepage()...............
20240603 23:21:52 INFO  [main] base.BasePage BasePage.java217 - Current URL is = https://login.salesforce.com/
20240603 23:22:00 INFO  [main] lighteningSalesforce.LoginAccountsTestcases LoginAccountsTestcases.java62 - https://login.salesforce.com/  matched with https://login.salesforce.com/
20240603 23:22:00 INFO  [main] base.BasePage BasePage.java89 - UserName  IS WAITED FOR VISIBLITY
20240603 23:22:00 INFO  [main] base.BasePage BasePage.java140 - [[ChromeDriver: chrome on MAC (d9e21b3b754292af448cefb9e447d052)] -> xpath: //*[@id='username']]Is enabled and clicked
20240603 23:22:01 INFO  [main] base.BasePage BasePage.java144 - Username textboxIs displayed  in textarea
20240603 23:22:01 INFO  [main] lighteningSalesforce.LoginAccountsTestcases LoginAccountsTestcases.java72 - User name entered successfully
20240603 23:22:01 INFO  [main] base.BasePage BasePage.java140 - [[ChromeDriver: chrome on MAC (d9e21b3b754292af448cefb9e447d052)] -> xpath: //*[@id='password']]Is enabled and clicked
20240603 23:22:01 INFO  [main] base.BasePage BasePage.java144 - password field Is displayed  in textarea
20240603 23:22:01 INFO  [main] lighteningSalesforce.LoginAccountsTestcases LoginAccountsTestcases.java75 - Password entered successfully
20240603 23:22:09 INFO  [main] base.BasePage BasePage.java89 - Login Button IS WAITED FOR VISIBLITY
20240603 23:22:14 INFO  [main] base.BasePage BasePage.java70 - Login ButtonIs enabled and clicked
20240603 23:22:14 INFO  [main] lighteningSalesforce.LoginAccountsTestcases LoginAccountsTestcases.java88 - Lightning Experience  matched with Lightning Experience
20240603 23:22:14 INFO  [main] lighteningSalesforce.LoginAccountsTestcases LoginAccountsTestcases.java96 - All assertions Passed
20240603 23:22:14 INFO  [main] lighteningSalesforce.LoginAccountsTestcases LoginAccountsTestcases.java98 - ..............ended Login_Homepage()...............
20240603 23:22:14 INFO  [main] utility.SalesforceListenerUtility SalesforceListenerUtility.java38 - login_Homepage.......test execution sucess........
20240603 23:22:14 INFO  [main] utility.SalesforceListenerUtility SalesforceListenerUtility.java28 - editAccount.......test execution started........
20240603 23:22:32 INFO  [main] base.BasePage BasePage.java236 - Element extracted text is = lib123
20240603 23:22:34 INFO  [main] base.BasePage BasePage.java70 - Details Tab is clickedIs enabled and clicked
20240603 23:22:35 INFO  [main] base.BasePage BasePage.java102 -  IS WAITED FOR VISIBLITY OF ELEMENT TO BE LOCATED
20240603 23:22:35 INFO  [main] base.BasePage BasePage.java70 - Rating Dropdown clicked Is enabled and clicked
20240603 23:22:45 ERROR [main] utility.SalesforceListenerUtility SalesforceListenerUtility.java48 - editAccount.......test execution completed with failure........
20240603 23:22:46 INFO  [main] base.BaseTest BaseTest.java169 - captures the screenshot
20240603 23:22:46 INFO  [main] utility.SalesforceListenerUtility SalesforceListenerUtility.java73 - .......<test> execution completed........
20240603 23:22:51 INFO  [main] utility.SalesforceListenerUtility SalesforceListenerUtility.java65 - .......<test> execution started........
20240603 23:22:52 INFO  [main] base.BaseTest BaseTest.java47 - .........BeforeMethod  executed---------------
20240603 23:22:52 INFO  [main] base.BaseTest BaseTest.java67 - Browser instance has started
20240603 23:22:55 INFO  [main] base.BaseTest BaseTest.java148 - https://login.salesforce.com/ is entered
20240603 23:22:55 INFO  [main] base.BaseTest BaseTest.java181 - Waiting until page loads within  expectedtime period
20240603 23:22:55 INFO  [main] utility.SalesforceListenerUtility SalesforceListenerUtility.java28 - login_Homepage.......test execution started........
20240603 23:22:55 INFO  [main] lighteningSalesforce.LoginAccountsTestcases LoginAccountsTestcases.java50 - ..............stated login_Homepage()...............
20240603 23:22:55 INFO  [main] base.BasePage BasePage.java217 - Current URL is = https://login.salesforce.com/
20240603 23:24:24 INFO  [main] utility.SalesforceListenerUtility SalesforceListenerUtility.java65 - .......<test> execution started........
20240603 23:24:25 INFO  [main] base.BaseTest BaseTest.java47 - .........BeforeMethod  executed---------------
20240603 23:24:25 INFO  [main] base.BaseTest BaseTest.java67 - Browser instance has started
20240603 23:24:28 INFO  [main] base.BaseTest BaseTest.java148 - https://login.salesforce.com/ is entered
20240603 23:24:28 INFO  [main] base.BaseTest BaseTest.java181 - Waiting until page loads within  expectedtime period
20240603 23:24:28 INFO  [main] utility.SalesforceListenerUtility SalesforceListenerUtility.java28 - login_Homepage.......test execution started........
20240603 23:24:28 INFO  [main] lighteningSalesforce.LoginAccountsTestcases LoginAccountsTestcases.java50 - ..............stated login_Homepage()...............
20240603 23:24:28 INFO  [main] base.BasePage BasePage.java217 - Current URL is = https://login.salesforce.com/
20240603 23:24:36 INFO  [main] lighteningSalesforce.LoginAccountsTestcases LoginAccountsTestcases.java62 - https://login.salesforce.com/  matched with https://login.salesforce.com/
20240603 23:24:36 INFO  [main] base.BasePage BasePage.java89 - UserName  IS WAITED FOR VISIBLITY
20240603 23:24:36 INFO  [main] base.BasePage BasePage.java140 - [[ChromeDriver: chrome on MAC (9b5ed0cffe2451703226a5216e1a37f4)] -> xpath: //*[@id='username']]Is enabled and clicked
20240603 23:24:36 INFO  [main] base.BasePage BasePage.java144 - Username textboxIs displayed  in textarea
20240603 23:24:36 INFO  [main] lighteningSalesforce.LoginAccountsTestcases LoginAccountsTestcases.java72 - User name entered successfully
20240603 23:24:36 INFO  [main] base.BasePage BasePage.java140 - [[ChromeDriver: chrome on MAC (9b5ed0cffe2451703226a5216e1a37f4)] -> xpath: //*[@id='password']]Is enabled and clicked
20240603 23:24:36 INFO  [main] base.BasePage BasePage.java144 - password field Is displayed  in textarea
20240603 23:24:36 INFO  [main] lighteningSalesforce.LoginAccountsTestcases LoginAccountsTestcases.java75 - Password entered successfully
20240603 23:24:44 INFO  [main] base.BasePage BasePage.java89 - Login Button IS WAITED FOR VISIBLITY
20240603 23:24:46 INFO  [main] base.BasePage BasePage.java70 - Login ButtonIs enabled and clicked
20240603 23:24:49 ERROR [main] lighteningSalesforce.LoginAccountsTestcases LoginAccountsTestcases.java91 - Home | Salesforce not   matched with Lightning Experience
20240603 23:24:49 ERROR [main] utility.SalesforceListenerUtility SalesforceListenerUtility.java48 - login_Homepage.......test execution completed with failure........
20240603 23:24:50 INFO  [main] base.BaseTest BaseTest.java169 - captures the screenshot
20240603 23:24:50 INFO  [main] utility.SalesforceListenerUtility SalesforceListenerUtility.java28 - editAccount.......test execution started........
20240603 23:25:08 INFO  [main] base.BasePage BasePage.java236 - Element extracted text is = lib123
20240603 23:25:10 INFO  [main] base.BasePage BasePage.java70 - Details Tab is clickedIs enabled and clicked
20240603 23:25:11 INFO  [main] base.BasePage BasePage.java102 -  IS WAITED FOR VISIBLITY OF ELEMENT TO BE LOCATED
20240603 23:25:17 INFO  [main] base.BasePage BasePage.java70 - Rating Dropdown clicked Is enabled and clicked
20240603 23:25:32 ERROR [main] utility.SalesforceListenerUtility SalesforceListenerUtility.java48 - editAccount.......test execution completed with failure........
20240603 23:25:32 INFO  [main] base.BaseTest BaseTest.java169 - captures the screenshot
20240603 23:25:32 INFO  [main] utility.SalesforceListenerUtility SalesforceListenerUtility.java73 - .......<test> execution completed........
20240603 23:25:37 INFO  [main] utility.SalesforceListenerUtility SalesforceListenerUtility.java65 - .......<test> execution started........
20240603 23:25:37 INFO  [main] base.BaseTest BaseTest.java47 - .........BeforeMethod  executed---------------
20240603 23:33:16 INFO  [main] utility.SalesforceListenerUtility SalesforceListenerUtility.java65 - .......<test> execution started........
20240603 23:33:16 INFO  [main] base.BaseTest BaseTest.java47 - .........BeforeMethod  executed---------------
20240603 23:33:16 INFO  [main] base.BaseTest BaseTest.java67 - Browser instance has started
20240603 23:33:23 INFO  [main] base.BaseTest BaseTest.java148 - https://login.salesforce.com/ is entered
20240603 23:33:23 INFO  [main] base.BaseTest BaseTest.java181 - Waiting until page loads within  expectedtime period
20240603 23:33:23 INFO  [main] utility.SalesforceListenerUtility SalesforceListenerUtility.java28 - login_Homepage.......test execution started........
20240603 23:33:23 INFO  [main] lighteningSalesforce.LoginAccountsTestcases LoginAccountsTestcases.java50 - ..............stated login_Homepage()...............
20240603 23:33:23 INFO  [main] base.BasePage BasePage.java217 - Current URL is = https://login.salesforce.com/
20240603 23:33:31 INFO  [main] lighteningSalesforce.LoginAccountsTestcases LoginAccountsTestcases.java62 - https://login.salesforce.com/  matched with https://login.salesforce.com/
20240603 23:33:31 INFO  [main] base.BasePage BasePage.java89 - UserName  IS WAITED FOR VISIBLITY
20240603 23:33:31 INFO  [main] base.BasePage BasePage.java140 - [[ChromeDriver: chrome on MAC (588be944e83eca93aeb9f856e1ac82fe)] -> xpath: //*[@id='username']]Is enabled and clicked
20240603 23:33:31 INFO  [main] base.BasePage BasePage.java144 - Username textboxIs displayed  in textarea
20240603 23:33:31 INFO  [main] lighteningSalesforce.LoginAccountsTestcases LoginAccountsTestcases.java72 - User name entered successfully
20240603 23:33:31 INFO  [main] base.BasePage BasePage.java140 - [[ChromeDriver: chrome on MAC (588be944e83eca93aeb9f856e1ac82fe)] -> xpath: //*[@id='password']]Is enabled and clicked
20240603 23:33:31 INFO  [main] base.BasePage BasePage.java144 - password field Is displayed  in textarea
20240603 23:33:31 INFO  [main] lighteningSalesforce.LoginAccountsTestcases LoginAccountsTestcases.java75 - Password entered successfully
20240603 23:33:39 INFO  [main] base.BasePage BasePage.java89 - Login Button IS WAITED FOR VISIBLITY
20240603 23:33:45 INFO  [main] base.BasePage BasePage.java70 - Login ButtonIs enabled and clicked
20240603 23:33:46 INFO  [main] lighteningSalesforce.LoginAccountsTestcases LoginAccountsTestcases.java88 - Lightning Experience  matched with Lightning Experience
20240603 23:33:46 INFO  [main] lighteningSalesforce.LoginAccountsTestcases LoginAccountsTestcases.java96 - All assertions Passed
20240603 23:33:46 INFO  [main] lighteningSalesforce.LoginAccountsTestcases LoginAccountsTestcases.java98 - ..............ended Login_Homepage()...............
20240603 23:33:46 INFO  [main] utility.SalesforceListenerUtility SalesforceListenerUtility.java38 - login_Homepage.......test execution sucess........
20240603 23:33:46 INFO  [main] utility.SalesforceListenerUtility SalesforceListenerUtility.java28 - editAccount.......test execution started........
20240603 23:34:04 INFO  [main] base.BasePage BasePage.java236 - Element extracted text is = lib123
20240603 23:34:06 INFO  [main] base.BasePage BasePage.java70 - Details Tab is clickedIs enabled and clicked
20240603 23:34:07 INFO  [main] base.BasePage BasePage.java102 -  IS WAITED FOR VISIBLITY OF ELEMENT TO BE LOCATED
20240603 23:34:07 INFO  [main] base.BasePage BasePage.java70 - Edit Rating clicked Is enabled and clicked
20240603 23:34:10 INFO  [main] base.BasePage BasePage.java70 - Is enabled and clicked
20240603 23:34:20 ERROR [main] utility.SalesforceListenerUtility SalesforceListenerUtility.java48 - editAccount.......test execution completed with failure........
20240603 23:34:20 INFO  [main] base.BaseTest BaseTest.java169 - captures the screenshot
20240603 23:34:20 INFO  [main] utility.SalesforceListenerUtility SalesforceListenerUtility.java73 - .......<test> execution completed........
20240603 23:34:33 INFO  [main] utility.SalesforceListenerUtility SalesforceListenerUtility.java65 - .......<test> execution started........
20240603 23:34:33 INFO  [main] base.BaseTest BaseTest.java47 - .........BeforeMethod  executed---------------
20240603 23:34:33 INFO  [main] base.BaseTest BaseTest.java67 - Browser instance has started
20240603 23:57:48 INFO  [main] utility.SalesforceListenerUtility SalesforceListenerUtility.java65 - .......<test> execution started........
20240603 23:57:48 INFO  [main] base.BaseTest BaseTest.java47 - .........BeforeMethod  executed---------------
20240603 23:57:49 INFO  [main] base.BaseTest BaseTest.java67 - Browser instance has started
20240603 23:57:51 INFO  [main] base.BaseTest BaseTest.java148 - https://login.salesforce.com/ is entered
20240603 23:57:51 INFO  [main] base.BaseTest BaseTest.java181 - Waiting until page loads within  expectedtime period
20240603 23:57:51 INFO  [main] utility.SalesforceListenerUtility SalesforceListenerUtility.java28 - login_Homepage.......test execution started........
20240603 23:57:51 INFO  [main] lighteningSalesforce.LoginAccountsTestcases LoginAccountsTestcases.java50 - ..............stated login_Homepage()...............
20240603 23:57:51 INFO  [main] base.BasePage BasePage.java217 - Current URL is = https://login.salesforce.com/
20240603 23:57:59 INFO  [main] lighteningSalesforce.LoginAccountsTestcases LoginAccountsTestcases.java62 - https://login.salesforce.com/  matched with https://login.salesforce.com/
20240603 23:57:59 INFO  [main] base.BasePage BasePage.java89 - UserName  IS WAITED FOR VISIBLITY
20240603 23:57:59 INFO  [main] base.BasePage BasePage.java140 - [[ChromeDriver: chrome on MAC (c61202d6861fdbe966642f8be2bc9abc)] -> xpath: //*[@id='username']]Is enabled and clicked
20240603 23:57:59 INFO  [main] base.BasePage BasePage.java144 - Username textboxIs displayed  in textarea
20240603 23:57:59 INFO  [main] lighteningSalesforce.LoginAccountsTestcases LoginAccountsTestcases.java72 - User name entered successfully
20240603 23:58:00 INFO  [main] base.BasePage BasePage.java140 - [[ChromeDriver: chrome on MAC (c61202d6861fdbe966642f8be2bc9abc)] -> xpath: //*[@id='password']]Is enabled and clicked
20240603 23:58:00 INFO  [main] base.BasePage BasePage.java144 - password field Is displayed  in textarea
20240603 23:58:00 INFO  [main] lighteningSalesforce.LoginAccountsTestcases LoginAccountsTestcases.java75 - Password entered successfully
20240603 23:58:08 INFO  [main] base.BasePage BasePage.java89 - Login Button IS WAITED FOR VISIBLITY
20240603 23:58:10 INFO  [main] base.BasePage BasePage.java70 - Login ButtonIs enabled and clicked
20240603 23:58:13 INFO  [main] lighteningSalesforce.LoginAccountsTestcases LoginAccountsTestcases.java88 - Lightning Experience  matched with Lightning Experience
20240603 23:58:13 INFO  [main] lighteningSalesforce.LoginAccountsTestcases LoginAccountsTestcases.java96 - All assertions Passed
20240603 23:58:13 INFO  [main] lighteningSalesforce.LoginAccountsTestcases LoginAccountsTestcases.java98 - ..............ended Login_Homepage()...............
20240603 23:58:13 INFO  [main] utility.SalesforceListenerUtility SalesforceListenerUtility.java38 - login_Homepage.......test execution sucess........
20240603 23:58:13 INFO  [main] utility.SalesforceListenerUtility SalesforceListenerUtility.java28 - editAccount.......test execution started........
20240603 23:58:32 INFO  [main] base.BasePage BasePage.java236 - Element extracted text is = lib123
20240603 23:58:34 INFO  [main] base.BasePage BasePage.java70 - Details Tab is clickedIs enabled and clicked
20240603 23:58:35 INFO  [main] base.BasePage BasePage.java102 -  IS WAITED FOR VISIBLITY OF ELEMENT TO BE LOCATED
20240603 23:58:35 INFO  [main] base.BasePage BasePage.java70 - Edit Rating clicked Is enabled and clicked
20240603 23:58:41 INFO  [main] base.BasePage BasePage.java70 - Is enabled and clicked
20240603 23:58:51 ERROR [main] utility.SalesforceListenerUtility SalesforceListenerUtility.java48 - editAccount.......test execution completed with failure........
20240603 23:58:51 INFO  [main] base.BaseTest BaseTest.java169 - captures the screenshot
20240603 23:58:51 INFO  [main] utility.SalesforceListenerUtility SalesforceListenerUtility.java73 - .......<test> execution completed........
20240603 23:58:56 INFO  [main] utility.SalesforceListenerUtility SalesforceListenerUtility.java65 - .......<test> execution started........
20240603 23:58:56 INFO  [main] base.BaseTest BaseTest.java47 - .........BeforeMethod  executed---------------
20240604 00:16:23 INFO  [main] utility.SalesforceListenerUtility SalesforceListenerUtility.java65 - .......<test> execution started........
20240604 00:16:23 INFO  [main] base.BaseTest BaseTest.java47 - .........BeforeMethod  executed---------------
20240604 00:16:24 INFO  [main] base.BaseTest BaseTest.java67 - Browser instance has started
20240604 00:16:26 INFO  [main] base.BaseTest BaseTest.java148 - https://login.salesforce.com/ is entered
20240604 00:16:26 INFO  [main] base.BaseTest BaseTest.java181 - Waiting until page loads within  expectedtime period
20240604 00:16:26 INFO  [main] utility.SalesforceListenerUtility SalesforceListenerUtility.java28 - login_Homepage.......test execution started........
20240604 00:16:26 INFO  [main] lighteningSalesforce.LoginAccountsTestcases LoginAccountsTestcases.java50 - ..............stated login_Homepage()...............
20240604 00:16:26 INFO  [main] base.BasePage BasePage.java217 - Current URL is = https://login.salesforce.com/
20240604 00:16:34 INFO  [main] lighteningSalesforce.LoginAccountsTestcases LoginAccountsTestcases.java62 - https://login.salesforce.com/  matched with https://login.salesforce.com/
20240604 00:16:35 INFO  [main] base.BasePage BasePage.java89 - UserName  IS WAITED FOR VISIBLITY
20240604 00:16:35 INFO  [main] base.BasePage BasePage.java140 - [[ChromeDriver: chrome on MAC (b7f3f8498c9e4dc4f29ed7185f7cc423)] -> xpath: //*[@id='username']]Is enabled and clicked
20240604 00:16:35 INFO  [main] base.BasePage BasePage.java144 - Username textboxIs displayed  in textarea
20240604 00:16:35 INFO  [main] lighteningSalesforce.LoginAccountsTestcases LoginAccountsTestcases.java72 - User name entered successfully
20240604 00:16:35 INFO  [main] base.BasePage BasePage.java140 - [[ChromeDriver: chrome on MAC (b7f3f8498c9e4dc4f29ed7185f7cc423)] -> xpath: //*[@id='password']]Is enabled and clicked
20240604 00:16:35 INFO  [main] base.BasePage BasePage.java144 - password field Is displayed  in textarea
20240604 00:16:35 INFO  [main] lighteningSalesforce.LoginAccountsTestcases LoginAccountsTestcases.java75 - Password entered successfully
20240604 00:16:43 INFO  [main] base.BasePage BasePage.java89 - Login Button IS WAITED FOR VISIBLITY
20240604 00:16:51 INFO  [main] base.BasePage BasePage.java70 - Login ButtonIs enabled and clicked
20240604 00:16:51 INFO  [main] lighteningSalesforce.LoginAccountsTestcases LoginAccountsTestcases.java88 - Lightning Experience  matched with Lightning Experience
20240604 00:16:51 INFO  [main] lighteningSalesforce.LoginAccountsTestcases LoginAccountsTestcases.java96 - All assertions Passed
20240604 00:16:51 INFO  [main] lighteningSalesforce.LoginAccountsTestcases LoginAccountsTestcases.java98 - ..............ended Login_Homepage()...............
20240604 00:16:51 INFO  [main] utility.SalesforceListenerUtility SalesforceListenerUtility.java38 - login_Homepage.......test execution sucess........
20240604 00:16:51 INFO  [main] utility.SalesforceListenerUtility SalesforceListenerUtility.java28 - editAccount.......test execution started........
20240604 00:17:10 INFO  [main] base.BasePage BasePage.java236 - Element extracted text is = lib123
20240604 00:17:12 INFO  [main] base.BasePage BasePage.java70 - Details Tab is clickedIs enabled and clicked
20240604 00:17:12 INFO  [main] base.BasePage BasePage.java102 -  IS WAITED FOR VISIBLITY OF ELEMENT TO BE LOCATED
20240604 00:17:12 INFO  [main] base.BasePage BasePage.java70 - Edit Rating clicked Is enabled and clicked
20240604 00:17:18 INFO  [main] base.BasePage BasePage.java70 - Is enabled and clicked
20240604 00:17:28 ERROR [main] utility.SalesforceListenerUtility SalesforceListenerUtility.java48 - editAccount.......test execution completed with failure........
20240604 00:17:28 INFO  [main] base.BaseTest BaseTest.java169 - captures the screenshot
20240604 00:17:28 INFO  [main] utility.SalesforceListenerUtility SalesforceListenerUtility.java73 - .......<test> execution completed........
20240604 00:17:34 INFO  [main] utility.SalesforceListenerUtility SalesforceListenerUtility.java65 - .......<test> execution started........
20240604 00:24:16 INFO  [main] utility.SalesforceListenerUtility SalesforceListenerUtility.java65 - .......<test> execution started........
20240604 00:24:16 INFO  [main] base.BaseTest BaseTest.java47 - .........BeforeMethod  executed---------------
20240604 00:24:17 INFO  [main] base.BaseTest BaseTest.java67 - Browser instance has started
20240604 00:24:19 INFO  [main] base.BaseTest BaseTest.java148 - https://login.salesforce.com/ is entered
20240604 00:24:19 INFO  [main] base.BaseTest BaseTest.java181 - Waiting until page loads within  expectedtime period
20240604 00:24:19 INFO  [main] utility.SalesforceListenerUtility SalesforceListenerUtility.java28 - login_Homepage.......test execution started........
20240604 00:24:20 INFO  [main] lighteningSalesforce.LoginAccountsTestcases LoginAccountsTestcases.java50 - ..............stated login_Homepage()...............
20240604 00:24:20 INFO  [main] base.BasePage BasePage.java217 - Current URL is = https://login.salesforce.com/
20240604 00:24:28 INFO  [main] lighteningSalesforce.LoginAccountsTestcases LoginAccountsTestcases.java62 - https://login.salesforce.com/  matched with https://login.salesforce.com/
20240604 00:24:28 INFO  [main] base.BasePage BasePage.java89 - UserName  IS WAITED FOR VISIBLITY
20240604 00:24:28 INFO  [main] base.BasePage BasePage.java140 - [[ChromeDriver: chrome on MAC (14a2e4bff1ef2d1e95d5e27f49074661)] -> xpath: //*[@id='username']]Is enabled and clicked
20240604 00:24:28 INFO  [main] base.BasePage BasePage.java144 - Username textboxIs displayed  in textarea
20240604 00:24:28 INFO  [main] lighteningSalesforce.LoginAccountsTestcases LoginAccountsTestcases.java72 - User name entered successfully
20240604 00:24:28 INFO  [main] base.BasePage BasePage.java140 - [[ChromeDriver: chrome on MAC (14a2e4bff1ef2d1e95d5e27f49074661)] -> xpath: //*[@id='password']]Is enabled and clicked
20240604 00:24:28 INFO  [main] base.BasePage BasePage.java144 - password field Is displayed  in textarea
20240604 00:24:28 INFO  [main] lighteningSalesforce.LoginAccountsTestcases LoginAccountsTestcases.java75 - Password entered successfully
20240604 00:24:36 INFO  [main] base.BasePage BasePage.java89 - Login Button IS WAITED FOR VISIBLITY
20240604 00:24:38 INFO  [main] base.BasePage BasePage.java70 - Login ButtonIs enabled and clicked
20240604 00:24:41 INFO  [main] lighteningSalesforce.LoginAccountsTestcases LoginAccountsTestcases.java88 - Lightning Experience  matched with Lightning Experience
20240604 00:24:41 INFO  [main] lighteningSalesforce.LoginAccountsTestcases LoginAccountsTestcases.java96 - All assertions Passed
20240604 00:24:41 INFO  [main] lighteningSalesforce.LoginAccountsTestcases LoginAccountsTestcases.java98 - ..............ended Login_Homepage()...............
20240604 00:24:41 INFO  [main] utility.SalesforceListenerUtility SalesforceListenerUtility.java38 - login_Homepage.......test execution sucess........
20240604 00:24:41 INFO  [main] utility.SalesforceListenerUtility SalesforceListenerUtility.java28 - editAccount.......test execution started........
20240604 00:25:00 INFO  [main] base.BasePage BasePage.java236 - Element extracted text is = lib123
20240604 00:25:02 INFO  [main] base.BasePage BasePage.java70 - Details Tab is clickedIs enabled and clicked
20240604 00:25:03 INFO  [main] base.BasePage BasePage.java102 -  IS WAITED FOR VISIBLITY OF ELEMENT TO BE LOCATED
20240604 00:25:03 INFO  [main] base.BasePage BasePage.java70 - Edit Rating clicked Is enabled and clicked
20240604 00:25:08 INFO  [main] base.BasePage BasePage.java70 - Is enabled and clicked
20240604 00:25:18 INFO  [main] base.BasePage BasePage.java70 - Clicking on Save ButtonIs enabled and clicked
20240604 00:25:18 INFO  [main] utility.SalesforceListenerUtility SalesforceListenerUtility.java38 - editAccount.......test execution sucess........
20240604 00:25:18 INFO  [main] utility.SalesforceListenerUtility SalesforceListenerUtility.java73 - .......<test> execution completed........
