20240605 11:50:13 INFO  [main] utility.SalesforceListenerUtility SalesforceListenerUtility.java65 - .......<test> execution started........
20240605 11:50:13 INFO  [main] base.BaseTest BaseTest.java47 - .........BeforeMethod  executed---------------
20240605 11:50:21 INFO  [main] base.BaseTest BaseTest.java67 - Browser instance has started
20240605 11:50:25 INFO  [main] base.BaseTest BaseTest.java148 - https://login.salesforce.com/ is entered
20240605 11:50:25 INFO  [main] base.BaseTest BaseTest.java181 - Waiting until page loads within  expectedtime period
20240605 11:50:25 INFO  [main] utility.SalesforceListenerUtility SalesforceListenerUtility.java28 - createContacts.......test execution started........
20240605 11:50:25 INFO  [main] lighteningSalesforce.LoginAccountsTestcases LoginAccountsTestcases.java50 - ..............stated login_Homepage()...............
20240605 11:50:25 INFO  [main] base.BasePage BasePage.java217 - Current URL is = https://login.salesforce.com/
20240605 11:50:33 INFO  [main] lighteningSalesforce.LoginAccountsTestcases LoginAccountsTestcases.java62 - https://login.salesforce.com/  matched with https://login.salesforce.com/
20240605 11:50:33 INFO  [main] base.BasePage BasePage.java89 - UserName  IS WAITED FOR VISIBLITY
20240605 11:50:33 INFO  [main] base.BasePage BasePage.java140 - [[ChromeDriver: chrome on MAC (ee4d0a88f996574d98e66ce40c8d2641)] -> xpath: //*[@id='username']]Is enabled and clicked
20240605 11:50:33 INFO  [main] base.BasePage BasePage.java144 - Username textboxIs displayed  in textarea
20240605 11:50:33 INFO  [main] lighteningSalesforce.LoginAccountsTestcases LoginAccountsTestcases.java72 - User name entered successfully
20240605 11:50:33 INFO  [main] base.BasePage BasePage.java140 - [[ChromeDriver: chrome on MAC (ee4d0a88f996574d98e66ce40c8d2641)] -> xpath: //*[@id='password']]Is enabled and clicked
20240605 11:50:33 INFO  [main] base.BasePage BasePage.java144 - password field Is displayed  in textarea
20240605 11:50:33 INFO  [main] lighteningSalesforce.LoginAccountsTestcases LoginAccountsTestcases.java75 - Password entered successfully
20240605 11:50:41 INFO  [main] base.BasePage BasePage.java89 - Login Button IS WAITED FOR VISIBLITY
20240605 11:50:48 INFO  [main] base.BasePage BasePage.java70 - Login ButtonIs enabled and clicked
20240605 11:50:48 INFO  [main] lighteningSalesforce.LoginAccountsTestcases LoginAccountsTestcases.java88 - Lightning Experience  matched with Lightning Experience
20240605 11:50:48 INFO  [main] lighteningSalesforce.LoginAccountsTestcases LoginAccountsTestcases.java96 - All assertions Passed
20240605 11:50:48 INFO  [main] lighteningSalesforce.LoginAccountsTestcases LoginAccountsTestcases.java98 - ..............ended Login_Homepage()...............
20240605 11:50:48 INFO  [main] base.BasePage BasePage.java391 - Waiting until page loads within  expectedtime period
20240605 11:50:48 ERROR [main] utility.SalesforceListenerUtility SalesforceListenerUtility.java48 - createContacts.......test execution completed with failure........
20240605 11:50:49 INFO  [main] base.BaseTest BaseTest.java169 - captures the screenshot
20240605 11:50:49 INFO  [main] utility.SalesforceListenerUtility SalesforceListenerUtility.java73 - .......<test> execution completed........
20240605 11:52:22 INFO  [main] utility.SalesforceListenerUtility SalesforceListenerUtility.java65 - .......<test> execution started........
20240605 11:52:22 INFO  [main] base.BaseTest BaseTest.java47 - .........BeforeMethod  executed---------------
20240605 11:52:22 INFO  [main] base.BaseTest BaseTest.java67 - Browser instance has started
20240605 11:52:25 INFO  [main] base.BaseTest BaseTest.java148 - https://login.salesforce.com/ is entered
20240605 11:52:25 INFO  [main] base.BaseTest BaseTest.java181 - Waiting until page loads within  expectedtime period
20240605 11:52:25 INFO  [main] utility.SalesforceListenerUtility SalesforceListenerUtility.java28 - createContacts.......test execution started........
20240605 11:52:25 INFO  [main] lighteningSalesforce.LoginAccountsTestcases LoginAccountsTestcases.java50 - ..............stated login_Homepage()...............
20240605 11:52:25 INFO  [main] base.BasePage BasePage.java217 - Current URL is = https://login.salesforce.com/
20240605 11:52:33 INFO  [main] lighteningSalesforce.LoginAccountsTestcases LoginAccountsTestcases.java62 - https://login.salesforce.com/  matched with https://login.salesforce.com/
20240605 11:52:33 INFO  [main] base.BasePage BasePage.java89 - UserName  IS WAITED FOR VISIBLITY
20240605 11:52:33 INFO  [main] base.BasePage BasePage.java140 - [[ChromeDriver: chrome on MAC (874f533a6d0615b8fe64619a90f22695)] -> xpath: //*[@id='username']]Is enabled and clicked
20240605 11:52:33 INFO  [main] base.BasePage BasePage.java144 - Username textboxIs displayed  in textarea
20240605 11:52:33 INFO  [main] lighteningSalesforce.LoginAccountsTestcases LoginAccountsTestcases.java72 - User name entered successfully
20240605 11:52:33 INFO  [main] base.BasePage BasePage.java140 - [[ChromeDriver: chrome on MAC (874f533a6d0615b8fe64619a90f22695)] -> xpath: //*[@id='password']]Is enabled and clicked
20240605 11:52:33 INFO  [main] base.BasePage BasePage.java144 - password field Is displayed  in textarea
20240605 11:52:33 INFO  [main] lighteningSalesforce.LoginAccountsTestcases LoginAccountsTestcases.java75 - Password entered successfully
20240605 11:52:41 INFO  [main] base.BasePage BasePage.java89 - Login Button IS WAITED FOR VISIBLITY
20240605 11:52:48 INFO  [main] base.BasePage BasePage.java70 - Login ButtonIs enabled and clicked
20240605 11:52:48 INFO  [main] lighteningSalesforce.LoginAccountsTestcases LoginAccountsTestcases.java88 - Lightning Experience  matched with Lightning Experience
20240605 11:52:48 INFO  [main] lighteningSalesforce.LoginAccountsTestcases LoginAccountsTestcases.java96 - All assertions Passed
20240605 11:52:48 INFO  [main] lighteningSalesforce.LoginAccountsTestcases LoginAccountsTestcases.java98 - ..............ended Login_Homepage()...............
20240605 11:52:48 INFO  [main] base.BasePage BasePage.java391 - Waiting until page loads within  expectedtime period
20240605 11:52:48 ERROR [main] utility.SalesforceListenerUtility SalesforceListenerUtility.java48 - createContacts.......test execution completed with failure........
20240605 11:52:48 INFO  [main] base.BaseTest BaseTest.java169 - captures the screenshot
20240605 11:52:48 INFO  [main] utility.SalesforceListenerUtility SalesforceListenerUtility.java73 - .......<test> execution completed........
20240605 11:54:54 INFO  [main] utility.SalesforceListenerUtility SalesforceListenerUtility.java65 - .......<test> execution started........
20240605 11:54:54 INFO  [main] base.BaseTest BaseTest.java47 - .........BeforeMethod  executed---------------
20240605 11:54:55 INFO  [main] base.BaseTest BaseTest.java67 - Browser instance has started
20240605 11:54:57 INFO  [main] base.BaseTest BaseTest.java148 - https://login.salesforce.com/ is entered
20240605 11:54:57 INFO  [main] base.BaseTest BaseTest.java181 - Waiting until page loads within  expectedtime period
20240605 11:54:57 INFO  [main] utility.SalesforceListenerUtility SalesforceListenerUtility.java28 - createContacts.......test execution started........
20240605 11:54:57 INFO  [main] lighteningSalesforce.LoginAccountsTestcases LoginAccountsTestcases.java50 - ..............stated login_Homepage()...............
20240605 11:54:57 INFO  [main] base.BasePage BasePage.java217 - Current URL is = https://login.salesforce.com/
20240605 11:55:05 INFO  [main] lighteningSalesforce.LoginAccountsTestcases LoginAccountsTestcases.java62 - https://login.salesforce.com/  matched with https://login.salesforce.com/
20240605 11:55:05 INFO  [main] base.BasePage BasePage.java89 - UserName  IS WAITED FOR VISIBLITY
20240605 11:55:05 INFO  [main] base.BasePage BasePage.java140 - [[ChromeDriver: chrome on MAC (8697719db317891d1249cedfe4b53369)] -> xpath: //*[@id='username']]Is enabled and clicked
20240605 11:55:05 INFO  [main] base.BasePage BasePage.java144 - Username textboxIs displayed  in textarea
20240605 11:55:05 INFO  [main] lighteningSalesforce.LoginAccountsTestcases LoginAccountsTestcases.java72 - User name entered successfully
20240605 11:55:05 INFO  [main] base.BasePage BasePage.java140 - [[ChromeDriver: chrome on MAC (8697719db317891d1249cedfe4b53369)] -> xpath: //*[@id='password']]Is enabled and clicked
20240605 11:55:05 INFO  [main] base.BasePage BasePage.java144 - password field Is displayed  in textarea
20240605 11:55:05 INFO  [main] lighteningSalesforce.LoginAccountsTestcases LoginAccountsTestcases.java75 - Password entered successfully
20240605 11:55:13 INFO  [main] base.BasePage BasePage.java89 - Login Button IS WAITED FOR VISIBLITY
20240605 11:55:20 INFO  [main] base.BasePage BasePage.java70 - Login ButtonIs enabled and clicked
20240605 11:55:20 INFO  [main] lighteningSalesforce.LoginAccountsTestcases LoginAccountsTestcases.java88 - Lightning Experience  matched with Lightning Experience
20240605 11:55:20 INFO  [main] lighteningSalesforce.LoginAccountsTestcases LoginAccountsTestcases.java96 - All assertions Passed
20240605 11:55:20 INFO  [main] lighteningSalesforce.LoginAccountsTestcases LoginAccountsTestcases.java98 - ..............ended Login_Homepage()...............
20240605 11:55:20 INFO  [main] base.BasePage BasePage.java391 - Waiting until page loads within  expectedtime period
20240605 11:55:24 ERROR [main] utility.SalesforceListenerUtility SalesforceListenerUtility.java48 - createContacts.......test execution completed with failure........
20240605 11:55:25 INFO  [main] base.BaseTest BaseTest.java169 - captures the screenshot
20240605 11:55:25 INFO  [main] utility.SalesforceListenerUtility SalesforceListenerUtility.java73 - .......<test> execution completed........
20240605 11:56:33 INFO  [main] utility.SalesforceListenerUtility SalesforceListenerUtility.java65 - .......<test> execution started........
20240605 11:56:34 INFO  [main] base.BaseTest BaseTest.java47 - .........BeforeMethod  executed---------------
20240605 11:56:34 INFO  [main] base.BaseTest BaseTest.java67 - Browser instance has started
20240605 11:56:36 INFO  [main] base.BaseTest BaseTest.java148 - https://login.salesforce.com/ is entered
20240605 11:56:36 INFO  [main] base.BaseTest BaseTest.java181 - Waiting until page loads within  expectedtime period
20240605 11:56:36 INFO  [main] utility.SalesforceListenerUtility SalesforceListenerUtility.java28 - createContacts.......test execution started........
20240605 11:56:36 INFO  [main] lighteningSalesforce.LoginAccountsTestcases LoginAccountsTestcases.java50 - ..............stated login_Homepage()...............
20240605 11:56:36 INFO  [main] base.BasePage BasePage.java217 - Current URL is = https://login.salesforce.com/
20240605 11:56:44 INFO  [main] lighteningSalesforce.LoginAccountsTestcases LoginAccountsTestcases.java62 - https://login.salesforce.com/  matched with https://login.salesforce.com/
20240605 11:56:44 INFO  [main] base.BasePage BasePage.java89 - UserName  IS WAITED FOR VISIBLITY
20240605 11:56:45 INFO  [main] base.BasePage BasePage.java140 - [[ChromeDriver: chrome on MAC (f547a893414a26c717ebf9a8dc89e99d)] -> xpath: //*[@id='username']]Is enabled and clicked
20240605 11:56:45 INFO  [main] base.BasePage BasePage.java144 - Username textboxIs displayed  in textarea
20240605 11:56:45 INFO  [main] lighteningSalesforce.LoginAccountsTestcases LoginAccountsTestcases.java72 - User name entered successfully
20240605 11:56:45 INFO  [main] base.BasePage BasePage.java140 - [[ChromeDriver: chrome on MAC (f547a893414a26c717ebf9a8dc89e99d)] -> xpath: //*[@id='password']]Is enabled and clicked
20240605 11:56:45 INFO  [main] base.BasePage BasePage.java144 - password field Is displayed  in textarea
20240605 11:56:45 INFO  [main] lighteningSalesforce.LoginAccountsTestcases LoginAccountsTestcases.java75 - Password entered successfully
20240605 11:56:53 INFO  [main] base.BasePage BasePage.java89 - Login Button IS WAITED FOR VISIBLITY
20240605 11:56:59 INFO  [main] base.BasePage BasePage.java70 - Login ButtonIs enabled and clicked
20240605 11:56:59 INFO  [main] lighteningSalesforce.LoginAccountsTestcases LoginAccountsTestcases.java88 - Lightning Experience  matched with Lightning Experience
20240605 11:56:59 INFO  [main] lighteningSalesforce.LoginAccountsTestcases LoginAccountsTestcases.java96 - All assertions Passed
20240605 11:56:59 INFO  [main] lighteningSalesforce.LoginAccountsTestcases LoginAccountsTestcases.java98 - ..............ended Login_Homepage()...............
20240605 11:56:59 INFO  [main] base.BasePage BasePage.java391 - Waiting until page loads within  expectedtime period
20240605 11:57:08 INFO  [main] base.BasePage BasePage.java70 - Contact button on Accounts page Is enabled and clicked
20240605 11:57:08 ERROR [main] utility.SalesforceListenerUtility SalesforceListenerUtility.java48 - createContacts.......test execution completed with failure........
20240605 11:57:09 INFO  [main] base.BaseTest BaseTest.java169 - captures the screenshot
20240605 11:57:09 INFO  [main] utility.SalesforceListenerUtility SalesforceListenerUtility.java73 - .......<test> execution completed........
20240605 11:58:11 INFO  [main] utility.SalesforceListenerUtility SalesforceListenerUtility.java65 - .......<test> execution started........
20240605 11:58:11 INFO  [main] base.BaseTest BaseTest.java47 - .........BeforeMethod  executed---------------
20240605 11:58:12 INFO  [main] base.BaseTest BaseTest.java67 - Browser instance has started
20240605 11:58:14 INFO  [main] base.BaseTest BaseTest.java148 - https://login.salesforce.com/ is entered
20240605 11:58:14 INFO  [main] base.BaseTest BaseTest.java181 - Waiting until page loads within  expectedtime period
20240605 11:58:15 INFO  [main] utility.SalesforceListenerUtility SalesforceListenerUtility.java28 - createContacts.......test execution started........
20240605 11:58:15 INFO  [main] lighteningSalesforce.LoginAccountsTestcases LoginAccountsTestcases.java50 - ..............stated login_Homepage()...............
20240605 11:58:15 INFO  [main] base.BasePage BasePage.java217 - Current URL is = https://login.salesforce.com/
20240605 11:58:23 INFO  [main] lighteningSalesforce.LoginAccountsTestcases LoginAccountsTestcases.java62 - https://login.salesforce.com/  matched with https://login.salesforce.com/
20240605 11:58:23 INFO  [main] base.BasePage BasePage.java89 - UserName  IS WAITED FOR VISIBLITY
20240605 11:58:23 INFO  [main] base.BasePage BasePage.java140 - [[ChromeDriver: chrome on MAC (a92390b9b1811b7363cd93b7660838f1)] -> xpath: //*[@id='username']]Is enabled and clicked
20240605 11:58:23 INFO  [main] base.BasePage BasePage.java144 - Username textboxIs displayed  in textarea
20240605 11:58:23 INFO  [main] lighteningSalesforce.LoginAccountsTestcases LoginAccountsTestcases.java72 - User name entered successfully
20240605 11:58:23 INFO  [main] base.BasePage BasePage.java140 - [[ChromeDriver: chrome on MAC (a92390b9b1811b7363cd93b7660838f1)] -> xpath: //*[@id='password']]Is enabled and clicked
20240605 11:58:23 INFO  [main] base.BasePage BasePage.java144 - password field Is displayed  in textarea
20240605 11:58:23 INFO  [main] lighteningSalesforce.LoginAccountsTestcases LoginAccountsTestcases.java75 - Password entered successfully
20240605 11:58:31 INFO  [main] base.BasePage BasePage.java89 - Login Button IS WAITED FOR VISIBLITY
20240605 11:58:37 INFO  [main] base.BasePage BasePage.java70 - Login ButtonIs enabled and clicked
20240605 11:58:37 INFO  [main] lighteningSalesforce.LoginAccountsTestcases LoginAccountsTestcases.java88 - Lightning Experience  matched with Lightning Experience
20240605 11:58:37 INFO  [main] lighteningSalesforce.LoginAccountsTestcases LoginAccountsTestcases.java96 - All assertions Passed
20240605 11:58:37 INFO  [main] lighteningSalesforce.LoginAccountsTestcases LoginAccountsTestcases.java98 - ..............ended Login_Homepage()...............
20240605 11:58:37 INFO  [main] base.BasePage BasePage.java391 - Waiting until page loads within  expectedtime period
20240605 11:58:46 INFO  [main] base.BasePage BasePage.java70 - Contact button on Accounts page Is enabled and clicked
20240605 11:58:46 ERROR [main] utility.SalesforceListenerUtility SalesforceListenerUtility.java48 - createContacts.......test execution completed with failure........
20240605 11:58:47 INFO  [main] base.BaseTest BaseTest.java169 - captures the screenshot
20240605 11:58:47 INFO  [main] utility.SalesforceListenerUtility SalesforceListenerUtility.java73 - .......<test> execution completed........
20240605 12:00:41 INFO  [main] utility.SalesforceListenerUtility SalesforceListenerUtility.java65 - .......<test> execution started........
20240605 12:00:42 INFO  [main] base.BaseTest BaseTest.java47 - .........BeforeMethod  executed---------------
20240605 12:00:42 INFO  [main] base.BaseTest BaseTest.java67 - Browser instance has started
20240605 12:00:44 INFO  [main] base.BaseTest BaseTest.java148 - https://login.salesforce.com/ is entered
20240605 12:00:44 INFO  [main] base.BaseTest BaseTest.java181 - Waiting until page loads within  expectedtime period
20240605 12:00:45 INFO  [main] utility.SalesforceListenerUtility SalesforceListenerUtility.java28 - createContacts.......test execution started........
20240605 12:00:45 INFO  [main] lighteningSalesforce.LoginAccountsTestcases LoginAccountsTestcases.java50 - ..............stated login_Homepage()...............
20240605 12:00:45 INFO  [main] base.BasePage BasePage.java217 - Current URL is = https://login.salesforce.com/
20240605 12:00:53 INFO  [main] lighteningSalesforce.LoginAccountsTestcases LoginAccountsTestcases.java62 - https://login.salesforce.com/  matched with https://login.salesforce.com/
20240605 12:00:53 INFO  [main] base.BasePage BasePage.java89 - UserName  IS WAITED FOR VISIBLITY
20240605 12:00:53 INFO  [main] base.BasePage BasePage.java140 - [[ChromeDriver: chrome on MAC (c726cbe1dbe5ca5d0d83d9fcf97a9307)] -> xpath: //*[@id='username']]Is enabled and clicked
20240605 12:00:53 INFO  [main] base.BasePage BasePage.java144 - Username textboxIs displayed  in textarea
20240605 12:00:53 INFO  [main] lighteningSalesforce.LoginAccountsTestcases LoginAccountsTestcases.java72 - User name entered successfully
20240605 12:00:53 INFO  [main] base.BasePage BasePage.java140 - [[ChromeDriver: chrome on MAC (c726cbe1dbe5ca5d0d83d9fcf97a9307)] -> xpath: //*[@id='password']]Is enabled and clicked
20240605 12:00:53 INFO  [main] base.BasePage BasePage.java144 - password field Is displayed  in textarea
20240605 12:00:53 INFO  [main] lighteningSalesforce.LoginAccountsTestcases LoginAccountsTestcases.java75 - Password entered successfully
20240605 12:01:01 INFO  [main] base.BasePage BasePage.java89 - Login Button IS WAITED FOR VISIBLITY
20240605 12:01:07 INFO  [main] base.BasePage BasePage.java70 - Login ButtonIs enabled and clicked
20240605 12:01:07 INFO  [main] lighteningSalesforce.LoginAccountsTestcases LoginAccountsTestcases.java88 - Lightning Experience  matched with Lightning Experience
20240605 12:01:07 INFO  [main] lighteningSalesforce.LoginAccountsTestcases LoginAccountsTestcases.java96 - All assertions Passed
20240605 12:01:07 INFO  [main] lighteningSalesforce.LoginAccountsTestcases LoginAccountsTestcases.java98 - ..............ended Login_Homepage()...............
20240605 12:01:07 INFO  [main] base.BasePage BasePage.java391 - Waiting until page loads within  expectedtime period
20240605 12:01:16 INFO  [main] base.BasePage BasePage.java70 - Contact button on Accounts page Is enabled and clicked
20240605 12:01:16 ERROR [main] utility.SalesforceListenerUtility SalesforceListenerUtility.java48 - createContacts.......test execution completed with failure........
20240605 12:01:17 INFO  [main] base.BaseTest BaseTest.java169 - captures the screenshot
20240605 12:01:17 INFO  [main] utility.SalesforceListenerUtility SalesforceListenerUtility.java73 - .......<test> execution completed........
20240605 12:02:45 INFO  [main] utility.SalesforceListenerUtility SalesforceListenerUtility.java65 - .......<test> execution started........
20240605 12:02:45 INFO  [main] base.BaseTest BaseTest.java47 - .........BeforeMethod  executed---------------
20240605 12:03:25 INFO  [main] utility.SalesforceListenerUtility SalesforceListenerUtility.java65 - .......<test> execution started........
20240605 12:03:26 INFO  [main] base.BaseTest BaseTest.java47 - .........BeforeMethod  executed---------------
20240605 12:03:26 INFO  [main] base.BaseTest BaseTest.java67 - Browser instance has started
20240605 12:03:29 INFO  [main] base.BaseTest BaseTest.java148 - https://login.salesforce.com/ is entered
20240605 12:03:29 INFO  [main] base.BaseTest BaseTest.java181 - Waiting until page loads within  expectedtime period
20240605 12:03:29 INFO  [main] utility.SalesforceListenerUtility SalesforceListenerUtility.java28 - createContacts.......test execution started........
20240605 12:03:29 INFO  [main] lighteningSalesforce.LoginAccountsTestcases LoginAccountsTestcases.java50 - ..............stated login_Homepage()...............
20240605 12:03:29 INFO  [main] base.BasePage BasePage.java217 - Current URL is = https://login.salesforce.com/
20240605 12:03:37 INFO  [main] lighteningSalesforce.LoginAccountsTestcases LoginAccountsTestcases.java62 - https://login.salesforce.com/  matched with https://login.salesforce.com/
20240605 12:03:37 INFO  [main] base.BasePage BasePage.java89 - UserName  IS WAITED FOR VISIBLITY
20240605 12:03:37 INFO  [main] base.BasePage BasePage.java140 - [[ChromeDriver: chrome on MAC (591a05651ec9152d8fe58e650de25fdb)] -> xpath: //*[@id='username']]Is enabled and clicked
20240605 12:03:37 INFO  [main] base.BasePage BasePage.java144 - Username textboxIs displayed  in textarea
20240605 12:03:37 INFO  [main] lighteningSalesforce.LoginAccountsTestcases LoginAccountsTestcases.java72 - User name entered successfully
20240605 12:03:37 INFO  [main] base.BasePage BasePage.java140 - [[ChromeDriver: chrome on MAC (591a05651ec9152d8fe58e650de25fdb)] -> xpath: //*[@id='password']]Is enabled and clicked
20240605 12:03:37 INFO  [main] base.BasePage BasePage.java144 - password field Is displayed  in textarea
20240605 12:03:37 INFO  [main] lighteningSalesforce.LoginAccountsTestcases LoginAccountsTestcases.java75 - Password entered successfully
20240605 12:03:45 INFO  [main] base.BasePage BasePage.java89 - Login Button IS WAITED FOR VISIBLITY
20240605 12:03:51 INFO  [main] base.BasePage BasePage.java70 - Login ButtonIs enabled and clicked
20240605 12:03:51 INFO  [main] lighteningSalesforce.LoginAccountsTestcases LoginAccountsTestcases.java88 - Lightning Experience  matched with Lightning Experience
20240605 12:03:51 INFO  [main] lighteningSalesforce.LoginAccountsTestcases LoginAccountsTestcases.java96 - All assertions Passed
20240605 12:03:51 INFO  [main] lighteningSalesforce.LoginAccountsTestcases LoginAccountsTestcases.java98 - ..............ended Login_Homepage()...............
20240605 12:03:51 INFO  [main] base.BasePage BasePage.java391 - Waiting until page loads within  expectedtime period
20240605 12:04:00 INFO  [main] base.BasePage BasePage.java70 - Contact button on Accounts page Is enabled and clicked
20240605 12:04:04 INFO  [main] base.BasePage BasePage.java140 - [[ChromeDriver: chrome on MAC (591a05651ec9152d8fe58e650de25fdb)] -> xpath: //input[@name='lastName']]Is enabled and clicked
20240605 12:04:04 INFO  [main] base.BasePage BasePage.java144 - last name Is displayed  in textarea
20240605 12:04:08 INFO  [main] base.BasePage BasePage.java236 - Element extracted text is = Acc_a53
20240605 12:04:08 INFO  [main] base.BasePage BasePage.java236 - Element extracted text is = 
20240605 12:04:08 ERROR [main] utility.SalesforceListenerUtility SalesforceListenerUtility.java48 - createContacts.......test execution completed with failure........
20240605 12:04:09 INFO  [main] base.BaseTest BaseTest.java169 - captures the screenshot
20240605 12:04:09 INFO  [main] utility.SalesforceListenerUtility SalesforceListenerUtility.java73 - .......<test> execution completed........
20240605 12:07:39 INFO  [main] utility.SalesforceListenerUtility SalesforceListenerUtility.java65 - .......<test> execution started........
20240605 12:07:39 INFO  [main] base.BaseTest BaseTest.java47 - .........BeforeMethod  executed---------------
20240605 12:07:40 INFO  [main] base.BaseTest BaseTest.java67 - Browser instance has started
20240605 12:07:42 INFO  [main] base.BaseTest BaseTest.java148 - https://login.salesforce.com/ is entered
20240605 12:07:42 INFO  [main] base.BaseTest BaseTest.java181 - Waiting until page loads within  expectedtime period
20240605 12:07:43 INFO  [main] utility.SalesforceListenerUtility SalesforceListenerUtility.java28 - createContacts.......test execution started........
20240605 12:07:43 INFO  [main] lighteningSalesforce.LoginAccountsTestcases LoginAccountsTestcases.java50 - ..............stated login_Homepage()...............
20240605 12:07:43 INFO  [main] base.BasePage BasePage.java217 - Current URL is = https://login.salesforce.com/
20240605 12:07:51 INFO  [main] lighteningSalesforce.LoginAccountsTestcases LoginAccountsTestcases.java62 - https://login.salesforce.com/  matched with https://login.salesforce.com/
20240605 12:07:51 INFO  [main] base.BasePage BasePage.java89 - UserName  IS WAITED FOR VISIBLITY
20240605 12:07:51 INFO  [main] base.BasePage BasePage.java140 - [[ChromeDriver: chrome on MAC (e5771ffe4362a0d6d3836d308949e012)] -> xpath: //*[@id='username']]Is enabled and clicked
20240605 12:07:51 INFO  [main] base.BasePage BasePage.java144 - Username textboxIs displayed  in textarea
20240605 12:07:51 INFO  [main] lighteningSalesforce.LoginAccountsTestcases LoginAccountsTestcases.java72 - User name entered successfully
20240605 12:07:51 INFO  [main] base.BasePage BasePage.java140 - [[ChromeDriver: chrome on MAC (e5771ffe4362a0d6d3836d308949e012)] -> xpath: //*[@id='password']]Is enabled and clicked
20240605 12:07:51 INFO  [main] base.BasePage BasePage.java144 - password field Is displayed  in textarea
20240605 12:07:51 INFO  [main] lighteningSalesforce.LoginAccountsTestcases LoginAccountsTestcases.java75 - Password entered successfully
20240605 12:07:59 INFO  [main] base.BasePage BasePage.java89 - Login Button IS WAITED FOR VISIBLITY
20240605 12:08:05 INFO  [main] base.BasePage BasePage.java70 - Login ButtonIs enabled and clicked
20240605 12:08:05 ERROR [main] lighteningSalesforce.LoginAccountsTestcases LoginAccountsTestcases.java91 - Home | Salesforce not   matched with Lightning Experience
20240605 12:08:05 ERROR [main] utility.SalesforceListenerUtility SalesforceListenerUtility.java48 - createContacts.......test execution completed with failure........
20240605 12:08:05 INFO  [main] base.BaseTest BaseTest.java169 - captures the screenshot
20240605 12:08:05 INFO  [main] utility.SalesforceListenerUtility SalesforceListenerUtility.java73 - .......<test> execution completed........
20240605 12:08:57 INFO  [main] utility.SalesforceListenerUtility SalesforceListenerUtility.java65 - .......<test> execution started........
20240605 12:08:57 INFO  [main] base.BaseTest BaseTest.java47 - .........BeforeMethod  executed---------------
20240605 12:08:57 INFO  [main] base.BaseTest BaseTest.java67 - Browser instance has started
20240605 12:09:00 INFO  [main] base.BaseTest BaseTest.java148 - https://login.salesforce.com/ is entered
20240605 12:09:00 INFO  [main] base.BaseTest BaseTest.java181 - Waiting until page loads within  expectedtime period
20240605 12:09:00 INFO  [main] utility.SalesforceListenerUtility SalesforceListenerUtility.java28 - createContacts.......test execution started........
20240605 12:09:00 INFO  [main] lighteningSalesforce.LoginAccountsTestcases LoginAccountsTestcases.java50 - ..............stated login_Homepage()...............
20240605 12:09:00 INFO  [main] base.BasePage BasePage.java217 - Current URL is = https://login.salesforce.com/
20240605 12:09:08 INFO  [main] lighteningSalesforce.LoginAccountsTestcases LoginAccountsTestcases.java62 - https://login.salesforce.com/  matched with https://login.salesforce.com/
20240605 12:09:08 INFO  [main] base.BasePage BasePage.java89 - UserName  IS WAITED FOR VISIBLITY
20240605 12:09:08 INFO  [main] base.BasePage BasePage.java140 - [[ChromeDriver: chrome on MAC (a478bf18148bb8dab6eb1b245e9bdf57)] -> xpath: //*[@id='username']]Is enabled and clicked
20240605 12:09:08 INFO  [main] base.BasePage BasePage.java144 - Username textboxIs displayed  in textarea
20240605 12:09:08 INFO  [main] lighteningSalesforce.LoginAccountsTestcases LoginAccountsTestcases.java72 - User name entered successfully
20240605 12:09:08 INFO  [main] base.BasePage BasePage.java140 - [[ChromeDriver: chrome on MAC (a478bf18148bb8dab6eb1b245e9bdf57)] -> xpath: //*[@id='password']]Is enabled and clicked
20240605 12:09:08 INFO  [main] base.BasePage BasePage.java144 - password field Is displayed  in textarea
20240605 12:09:08 INFO  [main] lighteningSalesforce.LoginAccountsTestcases LoginAccountsTestcases.java75 - Password entered successfully
20240605 12:09:16 INFO  [main] base.BasePage BasePage.java89 - Login Button IS WAITED FOR VISIBLITY
20240605 12:09:22 INFO  [main] base.BasePage BasePage.java70 - Login ButtonIs enabled and clicked
20240605 12:09:22 INFO  [main] lighteningSalesforce.LoginAccountsTestcases LoginAccountsTestcases.java88 - Lightning Experience  matched with Lightning Experience
20240605 12:09:22 INFO  [main] lighteningSalesforce.LoginAccountsTestcases LoginAccountsTestcases.java96 - All assertions Passed
20240605 12:09:22 INFO  [main] lighteningSalesforce.LoginAccountsTestcases LoginAccountsTestcases.java98 - ..............ended Login_Homepage()...............
20240605 12:09:22 INFO  [main] base.BasePage BasePage.java391 - Waiting until page loads within  expectedtime period
20240605 12:09:31 INFO  [main] base.BasePage BasePage.java70 - Contact button on Accounts page Is enabled and clicked
20240605 12:09:35 INFO  [main] base.BasePage BasePage.java140 - [[ChromeDriver: chrome on MAC (a478bf18148bb8dab6eb1b245e9bdf57)] -> xpath: //input[@name='lastName']]Is enabled and clicked
20240605 12:09:35 INFO  [main] base.BasePage BasePage.java144 - last name Is displayed  in textarea
20240605 12:09:40 ERROR [main] utility.SalesforceListenerUtility SalesforceListenerUtility.java48 - createContacts.......test execution completed with failure........
20240605 12:09:40 INFO  [main] base.BaseTest BaseTest.java169 - captures the screenshot
20240605 12:09:40 INFO  [main] utility.SalesforceListenerUtility SalesforceListenerUtility.java73 - .......<test> execution completed........
20240605 12:10:38 INFO  [main] utility.SalesforceListenerUtility SalesforceListenerUtility.java65 - .......<test> execution started........
20240605 12:10:38 INFO  [main] base.BaseTest BaseTest.java47 - .........BeforeMethod  executed---------------
20240605 12:10:39 INFO  [main] base.BaseTest BaseTest.java68 - Browser instance has started
20240605 12:10:42 INFO  [main] base.BaseTest BaseTest.java149 - https://login.salesforce.com/ is entered
20240605 12:10:42 INFO  [main] base.BaseTest BaseTest.java182 - Waiting until page loads within  expectedtime period
20240605 12:10:43 INFO  [main] utility.SalesforceListenerUtility SalesforceListenerUtility.java28 - createContacts.......test execution started........
20240605 12:10:43 INFO  [main] lighteningSalesforce.LoginAccountsTestcases LoginAccountsTestcases.java50 - ..............stated login_Homepage()...............
20240605 12:10:43 INFO  [main] base.BasePage BasePage.java217 - Current URL is = https://login.salesforce.com/
20240605 12:10:51 INFO  [main] lighteningSalesforce.LoginAccountsTestcases LoginAccountsTestcases.java62 - https://login.salesforce.com/  matched with https://login.salesforce.com/
20240605 12:10:51 INFO  [main] base.BasePage BasePage.java89 - UserName  IS WAITED FOR VISIBLITY
20240605 12:10:51 INFO  [main] base.BasePage BasePage.java140 - [[ChromeDriver: chrome on MAC (6711831442e60f933227a74817766e36)] -> xpath: //*[@id='username']]Is enabled and clicked
20240605 12:10:51 INFO  [main] base.BasePage BasePage.java144 - Username textboxIs displayed  in textarea
20240605 12:10:51 INFO  [main] lighteningSalesforce.LoginAccountsTestcases LoginAccountsTestcases.java72 - User name entered successfully
20240605 12:10:51 INFO  [main] base.BasePage BasePage.java140 - [[ChromeDriver: chrome on MAC (6711831442e60f933227a74817766e36)] -> xpath: //*[@id='password']]Is enabled and clicked
20240605 12:10:51 INFO  [main] base.BasePage BasePage.java144 - password field Is displayed  in textarea
20240605 12:10:51 INFO  [main] lighteningSalesforce.LoginAccountsTestcases LoginAccountsTestcases.java75 - Password entered successfully
20240605 12:10:59 INFO  [main] base.BasePage BasePage.java89 - Login Button IS WAITED FOR VISIBLITY
20240605 12:11:06 INFO  [main] base.BasePage BasePage.java70 - Login ButtonIs enabled and clicked
20240605 12:11:06 INFO  [main] lighteningSalesforce.LoginAccountsTestcases LoginAccountsTestcases.java88 - Lightning Experience  matched with Lightning Experience
20240605 12:11:06 INFO  [main] lighteningSalesforce.LoginAccountsTestcases LoginAccountsTestcases.java96 - All assertions Passed
20240605 12:11:06 INFO  [main] lighteningSalesforce.LoginAccountsTestcases LoginAccountsTestcases.java98 - ..............ended Login_Homepage()...............
20240605 12:11:06 INFO  [main] base.BasePage BasePage.java391 - Waiting until page loads within  expectedtime period
20240605 12:11:15 INFO  [main] base.BasePage BasePage.java70 - Contact button on Accounts page Is enabled and clicked
20240605 12:11:19 INFO  [main] base.BasePage BasePage.java140 - [[ChromeDriver: chrome on MAC (6711831442e60f933227a74817766e36)] -> xpath: //input[@name='lastName']]Is enabled and clicked
20240605 12:11:19 INFO  [main] base.BasePage BasePage.java144 - last name Is displayed  in textarea
20240605 12:11:24 ERROR [main] utility.SalesforceListenerUtility SalesforceListenerUtility.java48 - createContacts.......test execution completed with failure........
20240605 12:11:24 INFO  [main] base.BaseTest BaseTest.java170 - captures the screenshot
20240605 12:11:24 INFO  [main] utility.SalesforceListenerUtility SalesforceListenerUtility.java73 - .......<test> execution completed........
20240605 12:16:03 INFO  [main] utility.SalesforceListenerUtility SalesforceListenerUtility.java65 - .......<test> execution started........
20240605 12:16:04 INFO  [main] base.BaseTest BaseTest.java47 - .........BeforeMethod  executed---------------
20240605 12:16:04 INFO  [main] base.BaseTest BaseTest.java68 - Browser instance has started
20240605 12:16:06 INFO  [main] base.BaseTest BaseTest.java149 - https://login.salesforce.com/ is entered
20240605 12:16:06 INFO  [main] base.BaseTest BaseTest.java182 - Waiting until page loads within  expectedtime period
20240605 12:16:07 INFO  [main] utility.SalesforceListenerUtility SalesforceListenerUtility.java28 - createContacts.......test execution started........
20240605 12:16:07 INFO  [main] lighteningSalesforce.LoginAccountsTestcases LoginAccountsTestcases.java50 - ..............stated login_Homepage()...............
20240605 12:16:07 INFO  [main] base.BasePage BasePage.java217 - Current URL is = https://login.salesforce.com/
20240605 12:16:15 INFO  [main] lighteningSalesforce.LoginAccountsTestcases LoginAccountsTestcases.java62 - https://login.salesforce.com/  matched with https://login.salesforce.com/
20240605 12:16:15 INFO  [main] base.BasePage BasePage.java89 - UserName  IS WAITED FOR VISIBLITY
20240605 12:16:15 INFO  [main] base.BasePage BasePage.java140 - [[ChromeDriver: chrome on MAC (eb47f7cfa91cfd862b6bd2afe440ede8)] -> xpath: //*[@id='username']]Is enabled and clicked
20240605 12:16:15 INFO  [main] base.BasePage BasePage.java144 - Username textboxIs displayed  in textarea
20240605 12:16:15 INFO  [main] lighteningSalesforce.LoginAccountsTestcases LoginAccountsTestcases.java72 - User name entered successfully
20240605 12:16:15 INFO  [main] base.BasePage BasePage.java140 - [[ChromeDriver: chrome on MAC (eb47f7cfa91cfd862b6bd2afe440ede8)] -> xpath: //*[@id='password']]Is enabled and clicked
20240605 12:16:15 INFO  [main] base.BasePage BasePage.java144 - password field Is displayed  in textarea
20240605 12:16:15 INFO  [main] lighteningSalesforce.LoginAccountsTestcases LoginAccountsTestcases.java75 - Password entered successfully
20240605 12:16:23 INFO  [main] base.BasePage BasePage.java89 - Login Button IS WAITED FOR VISIBLITY
20240605 12:16:29 INFO  [main] base.BasePage BasePage.java70 - Login ButtonIs enabled and clicked
20240605 12:16:29 INFO  [main] lighteningSalesforce.LoginAccountsTestcases LoginAccountsTestcases.java88 - Lightning Experience  matched with Lightning Experience
20240605 12:16:29 INFO  [main] lighteningSalesforce.LoginAccountsTestcases LoginAccountsTestcases.java96 - All assertions Passed
20240605 12:16:29 INFO  [main] lighteningSalesforce.LoginAccountsTestcases LoginAccountsTestcases.java98 - ..............ended Login_Homepage()...............
20240605 12:16:30 INFO  [main] base.BasePage BasePage.java391 - Waiting until page loads within  expectedtime period
20240605 12:16:39 ERROR [main] utility.SalesforceListenerUtility SalesforceListenerUtility.java48 - createContacts.......test execution completed with failure........
20240605 12:16:39 INFO  [main] base.BaseTest BaseTest.java170 - captures the screenshot
20240605 12:16:39 INFO  [main] utility.SalesforceListenerUtility SalesforceListenerUtility.java73 - .......<test> execution completed........
20240605 12:20:03 INFO  [main] utility.SalesforceListenerUtility SalesforceListenerUtility.java65 - .......<test> execution started........
20240605 12:20:03 INFO  [main] base.BaseTest BaseTest.java47 - .........BeforeMethod  executed---------------
20240605 12:20:04 INFO  [main] base.BaseTest BaseTest.java68 - Browser instance has started
20240605 12:20:06 INFO  [main] base.BaseTest BaseTest.java149 - https://login.salesforce.com/ is entered
20240605 12:20:06 INFO  [main] base.BaseTest BaseTest.java182 - Waiting until page loads within  expectedtime period
20240605 12:20:07 INFO  [main] utility.SalesforceListenerUtility SalesforceListenerUtility.java28 - createContacts.......test execution started........
20240605 12:20:07 INFO  [main] lighteningSalesforce.LoginAccountsTestcases LoginAccountsTestcases.java50 - ..............stated login_Homepage()...............
20240605 12:20:07 INFO  [main] base.BasePage BasePage.java217 - Current URL is = https://login.salesforce.com/
20240605 12:20:15 INFO  [main] lighteningSalesforce.LoginAccountsTestcases LoginAccountsTestcases.java62 - https://login.salesforce.com/  matched with https://login.salesforce.com/
20240605 12:20:15 INFO  [main] base.BasePage BasePage.java89 - UserName  IS WAITED FOR VISIBLITY
20240605 12:20:15 INFO  [main] base.BasePage BasePage.java140 - [[ChromeDriver: chrome on MAC (947694b84627fc1e09bbf5e3f8263359)] -> xpath: //*[@id='username']]Is enabled and clicked
20240605 12:20:15 INFO  [main] base.BasePage BasePage.java144 - Username textboxIs displayed  in textarea
20240605 12:20:15 INFO  [main] lighteningSalesforce.LoginAccountsTestcases LoginAccountsTestcases.java72 - User name entered successfully
20240605 12:20:16 INFO  [main] base.BasePage BasePage.java140 - [[ChromeDriver: chrome on MAC (947694b84627fc1e09bbf5e3f8263359)] -> xpath: //*[@id='password']]Is enabled and clicked
20240605 12:20:16 INFO  [main] base.BasePage BasePage.java144 - password field Is displayed  in textarea
20240605 12:20:16 INFO  [main] lighteningSalesforce.LoginAccountsTestcases LoginAccountsTestcases.java75 - Password entered successfully
20240605 12:20:24 INFO  [main] base.BasePage BasePage.java89 - Login Button IS WAITED FOR VISIBLITY
20240605 12:20:29 INFO  [main] base.BasePage BasePage.java70 - Login ButtonIs enabled and clicked
20240605 12:20:29 ERROR [main] lighteningSalesforce.LoginAccountsTestcases LoginAccountsTestcases.java91 - Home | Salesforce not   matched with Lightning Experience
20240605 12:20:29 ERROR [main] utility.SalesforceListenerUtility SalesforceListenerUtility.java48 - createContacts.......test execution completed with failure........
20240605 12:20:30 INFO  [main] base.BaseTest BaseTest.java170 - captures the screenshot
20240605 12:20:30 INFO  [main] utility.SalesforceListenerUtility SalesforceListenerUtility.java73 - .......<test> execution completed........
20240605 12:23:55 INFO  [main] utility.SalesforceListenerUtility SalesforceListenerUtility.java65 - .......<test> execution started........
20240605 12:23:55 INFO  [main] base.BaseTest BaseTest.java47 - .........BeforeMethod  executed---------------
20240605 12:23:56 INFO  [main] base.BaseTest BaseTest.java68 - Browser instance has started
20240605 12:23:58 INFO  [main] base.BaseTest BaseTest.java149 - https://login.salesforce.com/ is entered
20240605 12:23:58 INFO  [main] base.BaseTest BaseTest.java182 - Waiting until page loads within  expectedtime period
20240605 12:23:59 INFO  [main] utility.SalesforceListenerUtility SalesforceListenerUtility.java28 - createContacts.......test execution started........
20240605 12:23:59 INFO  [main] lighteningSalesforce.LoginAccountsTestcases LoginAccountsTestcases.java50 - ..............stated login_Homepage()...............
20240605 12:23:59 INFO  [main] base.BasePage BasePage.java217 - Current URL is = https://login.salesforce.com/
20240605 12:24:07 INFO  [main] lighteningSalesforce.LoginAccountsTestcases LoginAccountsTestcases.java62 - https://login.salesforce.com/  matched with https://login.salesforce.com/
20240605 12:24:07 INFO  [main] base.BasePage BasePage.java89 - UserName  IS WAITED FOR VISIBLITY
20240605 12:24:07 INFO  [main] base.BasePage BasePage.java140 - [[ChromeDriver: chrome on MAC (b6dfb2211b10f2fd65776e5cb95d3046)] -> xpath: //*[@id='username']]Is enabled and clicked
20240605 12:24:07 INFO  [main] base.BasePage BasePage.java144 - Username textboxIs displayed  in textarea
20240605 12:24:07 INFO  [main] lighteningSalesforce.LoginAccountsTestcases LoginAccountsTestcases.java72 - User name entered successfully
20240605 12:24:07 INFO  [main] base.BasePage BasePage.java140 - [[ChromeDriver: chrome on MAC (b6dfb2211b10f2fd65776e5cb95d3046)] -> xpath: //*[@id='password']]Is enabled and clicked
20240605 12:24:07 INFO  [main] base.BasePage BasePage.java144 - password field Is displayed  in textarea
20240605 12:24:07 INFO  [main] lighteningSalesforce.LoginAccountsTestcases LoginAccountsTestcases.java75 - Password entered successfully
20240605 12:24:15 INFO  [main] base.BasePage BasePage.java89 - Login Button IS WAITED FOR VISIBLITY
20240605 12:24:21 INFO  [main] base.BasePage BasePage.java70 - Login ButtonIs enabled and clicked
20240605 12:24:21 INFO  [main] base.BaseTest BaseTest.java182 - Waiting until page loads within  expectedtime period
20240605 12:24:21 INFO  [main] lighteningSalesforce.LoginAccountsTestcases LoginAccountsTestcases.java89 - Lightning Experience  matched with Lightning Experience
20240605 12:24:21 INFO  [main] lighteningSalesforce.LoginAccountsTestcases LoginAccountsTestcases.java97 - All assertions Passed
20240605 12:24:21 INFO  [main] lighteningSalesforce.LoginAccountsTestcases LoginAccountsTestcases.java99 - ..............ended Login_Homepage()...............
20240605 12:24:22 INFO  [main] base.BasePage BasePage.java391 - Waiting until page loads within  expectedtime period
20240605 12:24:31 INFO  [main] base.BasePage BasePage.java236 - Element extracted text is = Acc_a53
20240605 12:24:35 INFO  [main] base.BasePage BasePage.java70 - Contact button on Accounts page Is enabled and clicked
20240605 12:24:39 INFO  [main] base.BasePage BasePage.java140 - [[ChromeDriver: chrome on MAC (b6dfb2211b10f2fd65776e5cb95d3046)] -> xpath: //input[@name='lastName']]Is enabled and clicked
20240605 12:24:39 INFO  [main] base.BasePage BasePage.java144 - last name Is displayed  in textarea
20240605 12:24:43 INFO  [main] base.BasePage BasePage.java236 - Element extracted text is = 
20240605 12:24:43 ERROR [main] utility.SalesforceListenerUtility SalesforceListenerUtility.java48 - createContacts.......test execution completed with failure........
20240605 12:24:44 INFO  [main] base.BaseTest BaseTest.java170 - captures the screenshot
20240605 12:24:44 INFO  [main] utility.SalesforceListenerUtility SalesforceListenerUtility.java73 - .......<test> execution completed........
20240605 12:26:55 INFO  [main] utility.SalesforceListenerUtility SalesforceListenerUtility.java65 - .......<test> execution started........
20240605 12:26:55 INFO  [main] base.BaseTest BaseTest.java47 - .........BeforeMethod  executed---------------
20240605 12:26:56 INFO  [main] base.BaseTest BaseTest.java68 - Browser instance has started
20240605 12:26:58 INFO  [main] base.BaseTest BaseTest.java149 - https://login.salesforce.com/ is entered
20240605 12:26:58 INFO  [main] base.BaseTest BaseTest.java182 - Waiting until page loads within  expectedtime period
20240605 12:26:59 INFO  [main] utility.SalesforceListenerUtility SalesforceListenerUtility.java28 - createContacts.......test execution started........
20240605 12:26:59 INFO  [main] lighteningSalesforce.LoginAccountsTestcases LoginAccountsTestcases.java50 - ..............stated login_Homepage()...............
20240605 12:26:59 INFO  [main] base.BasePage BasePage.java217 - Current URL is = https://login.salesforce.com/
20240605 12:27:07 INFO  [main] lighteningSalesforce.LoginAccountsTestcases LoginAccountsTestcases.java62 - https://login.salesforce.com/  matched with https://login.salesforce.com/
20240605 12:27:07 INFO  [main] base.BasePage BasePage.java89 - UserName  IS WAITED FOR VISIBLITY
20240605 12:27:07 INFO  [main] base.BasePage BasePage.java140 - [[ChromeDriver: chrome on MAC (af2f917d9fd07423c328d955c42fd784)] -> xpath: //*[@id='username']]Is enabled and clicked
20240605 12:27:07 INFO  [main] base.BasePage BasePage.java144 - Username textboxIs displayed  in textarea
20240605 12:27:07 INFO  [main] lighteningSalesforce.LoginAccountsTestcases LoginAccountsTestcases.java72 - User name entered successfully
20240605 12:27:07 INFO  [main] base.BasePage BasePage.java140 - [[ChromeDriver: chrome on MAC (af2f917d9fd07423c328d955c42fd784)] -> xpath: //*[@id='password']]Is enabled and clicked
20240605 12:27:07 INFO  [main] base.BasePage BasePage.java144 - password field Is displayed  in textarea
20240605 12:27:07 INFO  [main] lighteningSalesforce.LoginAccountsTestcases LoginAccountsTestcases.java75 - Password entered successfully
20240605 12:27:15 INFO  [main] base.BasePage BasePage.java89 - Login Button IS WAITED FOR VISIBLITY
20240605 12:27:17 INFO  [main] base.BasePage BasePage.java70 - Login ButtonIs enabled and clicked
20240605 12:27:17 INFO  [main] base.BaseTest BaseTest.java182 - Waiting until page loads within  expectedtime period
20240605 12:27:22 INFO  [main] lighteningSalesforce.LoginAccountsTestcases LoginAccountsTestcases.java89 - Lightning Experience  matched with Lightning Experience
20240605 12:27:22 INFO  [main] lighteningSalesforce.LoginAccountsTestcases LoginAccountsTestcases.java97 - All assertions Passed
20240605 12:27:22 INFO  [main] lighteningSalesforce.LoginAccountsTestcases LoginAccountsTestcases.java99 - ..............ended Login_Homepage()...............
20240605 12:27:22 INFO  [main] base.BasePage BasePage.java391 - Waiting until page loads within  expectedtime period
20240605 12:27:31 INFO  [main] base.BasePage BasePage.java236 - Element extracted text is = Acc_a53
20240605 12:27:35 INFO  [main] base.BasePage BasePage.java70 - Contact button on Accounts page Is enabled and clicked
20240605 12:27:39 INFO  [main] base.BasePage BasePage.java140 - [[ChromeDriver: chrome on MAC (af2f917d9fd07423c328d955c42fd784)] -> xpath: //input[@name='lastName']]Is enabled and clicked
20240605 12:27:39 INFO  [main] base.BasePage BasePage.java144 - last name Is displayed  in textarea
20240605 12:27:44 INFO  [main] base.BasePage BasePage.java236 - Element extracted text is = 
20240605 12:27:44 ERROR [main] utility.SalesforceListenerUtility SalesforceListenerUtility.java48 - createContacts.......test execution completed with failure........
20240605 12:27:44 INFO  [main] base.BaseTest BaseTest.java170 - captures the screenshot
20240605 12:27:44 INFO  [main] utility.SalesforceListenerUtility SalesforceListenerUtility.java73 - .......<test> execution completed........
20240605 12:31:44 INFO  [main] utility.SalesforceListenerUtility SalesforceListenerUtility.java65 - .......<test> execution started........
20240605 12:31:44 INFO  [main] base.BaseTest BaseTest.java47 - .........BeforeMethod  executed---------------
20240605 12:31:45 INFO  [main] base.BaseTest BaseTest.java68 - Browser instance has started
20240605 12:31:47 INFO  [main] base.BaseTest BaseTest.java149 - https://login.salesforce.com/ is entered
20240605 12:31:47 INFO  [main] base.BaseTest BaseTest.java182 - Waiting until page loads within  expectedtime period
20240605 12:31:48 INFO  [main] utility.SalesforceListenerUtility SalesforceListenerUtility.java28 - createContacts.......test execution started........
20240605 12:31:48 INFO  [main] lighteningSalesforce.LoginAccountsTestcases LoginAccountsTestcases.java50 - ..............stated login_Homepage()...............
20240605 12:31:48 INFO  [main] base.BasePage BasePage.java217 - Current URL is = https://login.salesforce.com/
20240605 12:31:56 INFO  [main] lighteningSalesforce.LoginAccountsTestcases LoginAccountsTestcases.java62 - https://login.salesforce.com/  matched with https://login.salesforce.com/
20240605 12:31:56 INFO  [main] base.BasePage BasePage.java89 - UserName  IS WAITED FOR VISIBLITY
20240605 12:31:56 INFO  [main] base.BasePage BasePage.java140 - [[ChromeDriver: chrome on MAC (7c4d99617e7bddf01d437737fbb309f8)] -> xpath: //*[@id='username']]Is enabled and clicked
20240605 12:31:56 INFO  [main] base.BasePage BasePage.java144 - Username textboxIs displayed  in textarea
20240605 12:31:56 INFO  [main] lighteningSalesforce.LoginAccountsTestcases LoginAccountsTestcases.java72 - User name entered successfully
20240605 12:31:56 INFO  [main] base.BasePage BasePage.java140 - [[ChromeDriver: chrome on MAC (7c4d99617e7bddf01d437737fbb309f8)] -> xpath: //*[@id='password']]Is enabled and clicked
20240605 12:31:56 INFO  [main] base.BasePage BasePage.java144 - password field Is displayed  in textarea
20240605 12:31:56 INFO  [main] lighteningSalesforce.LoginAccountsTestcases LoginAccountsTestcases.java75 - Password entered successfully
20240605 12:32:04 INFO  [main] base.BasePage BasePage.java89 - Login Button IS WAITED FOR VISIBLITY
20240605 12:32:10 INFO  [main] base.BasePage BasePage.java70 - Login ButtonIs enabled and clicked
20240605 12:32:10 INFO  [main] base.BaseTest BaseTest.java182 - Waiting until page loads within  expectedtime period
20240605 12:32:10 INFO  [main] lighteningSalesforce.LoginAccountsTestcases LoginAccountsTestcases.java89 - Lightning Experience  matched with Lightning Experience
20240605 12:32:10 INFO  [main] lighteningSalesforce.LoginAccountsTestcases LoginAccountsTestcases.java97 - All assertions Passed
20240605 12:32:10 INFO  [main] lighteningSalesforce.LoginAccountsTestcases LoginAccountsTestcases.java99 - ..............ended Login_Homepage()...............
20240605 12:32:10 INFO  [main] base.BasePage BasePage.java391 - Waiting until page loads within  expectedtime period
20240605 12:32:20 INFO  [main] base.BasePage BasePage.java236 - Element extracted text is = Acc_a53
20240605 12:32:24 INFO  [main] base.BasePage BasePage.java70 - Contact button on Accounts page Is enabled and clicked
20240605 12:32:28 INFO  [main] base.BasePage BasePage.java140 - [[ChromeDriver: chrome on MAC (7c4d99617e7bddf01d437737fbb309f8)] -> xpath: //input[@name='lastName']]Is enabled and clicked
20240605 12:32:28 INFO  [main] base.BasePage BasePage.java144 - last name Is displayed  in textarea
20240605 12:32:40 INFO  [main] base.BasePage BasePage.java70 - Birthday calendar clickIs enabled and clicked
20240605 12:32:40 INFO  [main] base.BasePage BasePage.java70 - CLicking ON BackAction ARROW Button Is enabled and clicked
20240605 12:32:40 INFO  [main] base.BasePage BasePage.java70 - CLicking ON BackAction ARROW Button Is enabled and clicked
20240605 12:32:40 INFO  [main] base.BasePage BasePage.java70 - CLicking ON BackAction ARROW Button Is enabled and clicked
20240605 12:32:41 INFO  [main] base.BasePage BasePage.java70 - CLicking ON BackAction ARROW Button Is enabled and clicked
20240605 12:32:41 INFO  [main] base.BasePage BasePage.java70 - CLicking ON BackAction ARROW Button Is enabled and clicked
20240605 12:32:41 INFO  [main] utility.SalesforceListenerUtility SalesforceListenerUtility.java38 - createContacts.......test execution sucess........
20240605 12:32:41 INFO  [main] utility.SalesforceListenerUtility SalesforceListenerUtility.java73 - .......<test> execution completed........
20240605 12:35:03 INFO  [main] utility.SalesforceListenerUtility SalesforceListenerUtility.java65 - .......<test> execution started........
20240605 12:35:03 INFO  [main] base.BaseTest BaseTest.java47 - .........BeforeMethod  executed---------------
20240605 12:35:03 INFO  [main] base.BaseTest BaseTest.java68 - Browser instance has started
20240605 12:35:06 INFO  [main] base.BaseTest BaseTest.java149 - https://login.salesforce.com/ is entered
20240605 12:35:06 INFO  [main] base.BaseTest BaseTest.java182 - Waiting until page loads within  expectedtime period
20240605 12:35:06 INFO  [main] utility.SalesforceListenerUtility SalesforceListenerUtility.java28 - createContacts.......test execution started........
20240605 12:35:06 INFO  [main] lighteningSalesforce.LoginAccountsTestcases LoginAccountsTestcases.java50 - ..............stated login_Homepage()...............
20240605 12:35:06 INFO  [main] base.BasePage BasePage.java217 - Current URL is = https://login.salesforce.com/
20240605 12:35:14 INFO  [main] lighteningSalesforce.LoginAccountsTestcases LoginAccountsTestcases.java62 - https://login.salesforce.com/  matched with https://login.salesforce.com/
20240605 12:35:14 INFO  [main] base.BasePage BasePage.java89 - UserName  IS WAITED FOR VISIBLITY
20240605 12:35:15 INFO  [main] base.BasePage BasePage.java140 - [[ChromeDriver: chrome on MAC (85694351a4551ea5f8f1d54493e33469)] -> xpath: //*[@id='username']]Is enabled and clicked
20240605 12:35:15 INFO  [main] base.BasePage BasePage.java144 - Username textboxIs displayed  in textarea
20240605 12:35:15 INFO  [main] lighteningSalesforce.LoginAccountsTestcases LoginAccountsTestcases.java72 - User name entered successfully
20240605 12:35:15 INFO  [main] base.BasePage BasePage.java140 - [[ChromeDriver: chrome on MAC (85694351a4551ea5f8f1d54493e33469)] -> xpath: //*[@id='password']]Is enabled and clicked
20240605 12:35:15 INFO  [main] base.BasePage BasePage.java144 - password field Is displayed  in textarea
20240605 12:35:15 INFO  [main] lighteningSalesforce.LoginAccountsTestcases LoginAccountsTestcases.java75 - Password entered successfully
20240605 12:35:23 INFO  [main] base.BasePage BasePage.java89 - Login Button IS WAITED FOR VISIBLITY
20240605 12:35:30 INFO  [main] base.BasePage BasePage.java70 - Login ButtonIs enabled and clicked
20240605 12:35:30 INFO  [main] base.BaseTest BaseTest.java182 - Waiting until page loads within  expectedtime period
20240605 12:35:30 ERROR [main] lighteningSalesforce.LoginAccountsTestcases LoginAccountsTestcases.java92 - Home | Salesforce not   matched with Lightning Experience
20240605 12:35:30 ERROR [main] utility.SalesforceListenerUtility SalesforceListenerUtility.java48 - createContacts.......test execution completed with failure........
20240605 12:35:31 INFO  [main] base.BaseTest BaseTest.java170 - captures the screenshot
20240605 12:35:31 INFO  [main] utility.SalesforceListenerUtility SalesforceListenerUtility.java73 - .......<test> execution completed........
20240605 12:38:30 INFO  [main] utility.SalesforceListenerUtility SalesforceListenerUtility.java65 - .......<test> execution started........
20240605 12:38:30 INFO  [main] base.BaseTest BaseTest.java47 - .........BeforeMethod  executed---------------
20240605 12:38:31 INFO  [main] base.BaseTest BaseTest.java68 - Browser instance has started
20240605 12:38:33 INFO  [main] base.BaseTest BaseTest.java149 - https://login.salesforce.com/ is entered
20240605 12:38:33 INFO  [main] base.BaseTest BaseTest.java182 - Waiting until page loads within  expectedtime period
20240605 12:38:34 INFO  [main] utility.SalesforceListenerUtility SalesforceListenerUtility.java28 - createContacts.......test execution started........
20240605 12:38:34 INFO  [main] lighteningSalesforce.LoginAccountsTestcases LoginAccountsTestcases.java50 - ..............stated login_Homepage()...............
20240605 12:38:34 INFO  [main] base.BasePage BasePage.java217 - Current URL is = https://login.salesforce.com/
20240605 12:38:42 INFO  [main] lighteningSalesforce.LoginAccountsTestcases LoginAccountsTestcases.java62 - https://login.salesforce.com/  matched with https://login.salesforce.com/
20240605 12:38:42 INFO  [main] base.BasePage BasePage.java89 - UserName  IS WAITED FOR VISIBLITY
20240605 12:38:42 INFO  [main] base.BasePage BasePage.java140 - [[ChromeDriver: chrome on MAC (993e6e9471ce4ba194bfe49b4c549266)] -> xpath: //*[@id='username']]Is enabled and clicked
20240605 12:38:42 INFO  [main] base.BasePage BasePage.java144 - Username textboxIs displayed  in textarea
20240605 12:38:42 INFO  [main] lighteningSalesforce.LoginAccountsTestcases LoginAccountsTestcases.java72 - User name entered successfully
20240605 12:38:42 INFO  [main] base.BasePage BasePage.java140 - [[ChromeDriver: chrome on MAC (993e6e9471ce4ba194bfe49b4c549266)] -> xpath: //*[@id='password']]Is enabled and clicked
20240605 12:38:42 INFO  [main] base.BasePage BasePage.java144 - password field Is displayed  in textarea
20240605 12:38:42 INFO  [main] lighteningSalesforce.LoginAccountsTestcases LoginAccountsTestcases.java75 - Password entered successfully
20240605 12:38:50 INFO  [main] base.BasePage BasePage.java89 - Login Button IS WAITED FOR VISIBLITY
20240605 12:38:56 INFO  [main] base.BasePage BasePage.java70 - Login ButtonIs enabled and clicked
20240605 12:38:58 ERROR [main] lighteningSalesforce.LoginAccountsTestcases LoginAccountsTestcases.java92 - Home | Salesforce not   matched with Lightning Experience
20240605 12:38:58 ERROR [main] utility.SalesforceListenerUtility SalesforceListenerUtility.java48 - createContacts.......test execution completed with failure........
20240605 12:38:58 INFO  [main] base.BaseTest BaseTest.java170 - captures the screenshot
20240605 12:38:58 INFO  [main] utility.SalesforceListenerUtility SalesforceListenerUtility.java73 - .......<test> execution completed........
20240605 12:40:01 INFO  [main] utility.SalesforceListenerUtility SalesforceListenerUtility.java65 - .......<test> execution started........
20240605 12:40:02 INFO  [main] base.BaseTest BaseTest.java47 - .........BeforeMethod  executed---------------
20240605 12:40:02 INFO  [main] base.BaseTest BaseTest.java68 - Browser instance has started
20240605 12:40:04 INFO  [main] base.BaseTest BaseTest.java149 - https://login.salesforce.com/ is entered
20240605 12:40:04 INFO  [main] base.BaseTest BaseTest.java182 - Waiting until page loads within  expectedtime period
20240605 12:40:05 INFO  [main] utility.SalesforceListenerUtility SalesforceListenerUtility.java28 - createContacts.......test execution started........
20240605 12:40:10 INFO  [main] lighteningSalesforce.LoginAccountsTestcases LoginAccountsTestcases.java50 - ..............stated login_Homepage()...............
20240605 12:40:10 INFO  [main] base.BasePage BasePage.java217 - Current URL is = https://login.salesforce.com/
20240605 12:40:18 INFO  [main] lighteningSalesforce.LoginAccountsTestcases LoginAccountsTestcases.java62 - https://login.salesforce.com/  matched with https://login.salesforce.com/
20240605 12:40:18 INFO  [main] base.BasePage BasePage.java89 - UserName  IS WAITED FOR VISIBLITY
20240605 12:40:18 INFO  [main] base.BasePage BasePage.java140 - [[ChromeDriver: chrome on MAC (8d18e75a59ed381a0c451cc3d3a51cb6)] -> xpath: //*[@id='username']]Is enabled and clicked
20240605 12:40:18 INFO  [main] base.BasePage BasePage.java144 - Username textboxIs displayed  in textarea
20240605 12:40:18 INFO  [main] lighteningSalesforce.LoginAccountsTestcases LoginAccountsTestcases.java72 - User name entered successfully
20240605 12:40:18 INFO  [main] base.BasePage BasePage.java140 - [[ChromeDriver: chrome on MAC (8d18e75a59ed381a0c451cc3d3a51cb6)] -> xpath: //*[@id='password']]Is enabled and clicked
20240605 12:40:18 INFO  [main] base.BasePage BasePage.java144 - password field Is displayed  in textarea
20240605 12:40:18 INFO  [main] lighteningSalesforce.LoginAccountsTestcases LoginAccountsTestcases.java75 - Password entered successfully
20240605 12:40:26 INFO  [main] base.BasePage BasePage.java89 - Login Button IS WAITED FOR VISIBLITY
20240605 12:40:33 INFO  [main] base.BasePage BasePage.java70 - Login ButtonIs enabled and clicked
20240605 12:40:35 ERROR [main] lighteningSalesforce.LoginAccountsTestcases LoginAccountsTestcases.java92 - Home | Salesforce not   matched with Lightning Experience
20240605 12:40:35 ERROR [main] utility.SalesforceListenerUtility SalesforceListenerUtility.java48 - createContacts.......test execution completed with failure........
20240605 12:40:35 INFO  [main] base.BaseTest BaseTest.java170 - captures the screenshot
20240605 12:40:35 INFO  [main] utility.SalesforceListenerUtility SalesforceListenerUtility.java73 - .......<test> execution completed........
20240605 12:40:46 INFO  [main] utility.SalesforceListenerUtility SalesforceListenerUtility.java65 - .......<test> execution started........
20240605 12:40:46 INFO  [main] utility.SalesforceListenerUtility SalesforceListenerUtility.java65 - .......<test> execution started........
20240605 12:40:47 INFO  [main] utility.SalesforceListenerUtility SalesforceListenerUtility.java65 - .......<test> execution started........
20240605 12:40:47 INFO  [main] base.BaseTest BaseTest.java47 - .........BeforeMethod  executed---------------
20240605 12:40:47 INFO  [main] base.BaseTest BaseTest.java47 - .........BeforeMethod  executed---------------
20240605 12:40:47 INFO  [main] base.BaseTest BaseTest.java47 - .........BeforeMethod  executed---------------
20240605 12:40:47 INFO  [main] base.BaseTest BaseTest.java68 - Browser instance has started
20240605 12:40:48 INFO  [main] base.BaseTest BaseTest.java68 - Browser instance has started
20240605 12:40:48 INFO  [main] base.BaseTest BaseTest.java68 - Browser instance has started
20240605 12:40:53 INFO  [main] base.BaseTest BaseTest.java149 - https://login.salesforce.com/ is entered
20240605 12:40:53 INFO  [main] base.BaseTest BaseTest.java182 - Waiting until page loads within  expectedtime period
20240605 12:40:53 INFO  [main] base.BaseTest BaseTest.java149 - https://login.salesforce.com/ is entered
20240605 12:40:53 INFO  [main] base.BaseTest BaseTest.java182 - Waiting until page loads within  expectedtime period
20240605 12:40:53 INFO  [main] base.BaseTest BaseTest.java149 - https://login.salesforce.com/ is entered
20240605 12:40:53 INFO  [main] base.BaseTest BaseTest.java182 - Waiting until page loads within  expectedtime period
20240605 12:40:54 INFO  [main] utility.SalesforceListenerUtility SalesforceListenerUtility.java28 - createContacts.......test execution started........
20240605 12:40:54 INFO  [main] utility.SalesforceListenerUtility SalesforceListenerUtility.java28 - createContacts.......test execution started........
20240605 12:40:55 INFO  [main] utility.SalesforceListenerUtility SalesforceListenerUtility.java28 - createContacts.......test execution started........
20240605 12:40:55 INFO  [main] utility.SalesforceListenerUtility SalesforceListenerUtility.java73 - .......<test> execution completed........
20240605 12:40:59 INFO  [main] lighteningSalesforce.LoginAccountsTestcases LoginAccountsTestcases.java50 - ..............stated login_Homepage()...............
20240605 12:40:59 INFO  [main] base.BasePage BasePage.java217 - Current URL is = https://login.salesforce.com/
20240605 12:41:00 INFO  [main] lighteningSalesforce.LoginAccountsTestcases LoginAccountsTestcases.java50 - ..............stated login_Homepage()...............
20240605 12:41:00 INFO  [main] base.BasePage BasePage.java217 - Current URL is = https://login.salesforce.com/
20240605 12:41:07 INFO  [main] lighteningSalesforce.LoginAccountsTestcases LoginAccountsTestcases.java62 - https://login.salesforce.com/  matched with https://login.salesforce.com/
20240605 12:41:07 INFO  [main] base.BasePage BasePage.java89 - UserName  IS WAITED FOR VISIBLITY
20240605 12:41:07 INFO  [main] base.BasePage BasePage.java140 - [[ChromeDriver: chrome on MAC (361850bb372e4808e1d7b0f3bcda0178)] -> xpath: //*[@id='username']]Is enabled and clicked
20240605 12:41:08 INFO  [main] base.BasePage BasePage.java144 - Username textboxIs displayed  in textarea
20240605 12:41:08 INFO  [main] lighteningSalesforce.LoginAccountsTestcases LoginAccountsTestcases.java72 - User name entered successfully
20240605 12:41:08 INFO  [main] base.BasePage BasePage.java140 - [[ChromeDriver: chrome on MAC (361850bb372e4808e1d7b0f3bcda0178)] -> xpath: //*[@id='password']]Is enabled and clicked
20240605 12:41:08 INFO  [main] base.BasePage BasePage.java144 - password field Is displayed  in textarea
20240605 12:41:08 INFO  [main] lighteningSalesforce.LoginAccountsTestcases LoginAccountsTestcases.java75 - Password entered successfully
20240605 12:41:08 INFO  [main] lighteningSalesforce.LoginAccountsTestcases LoginAccountsTestcases.java62 - https://login.salesforce.com/  matched with https://login.salesforce.com/
20240605 12:41:16 ERROR [main] base.BasePage BasePage.java92 - Login Button timeout exception
20240605 12:41:16 ERROR [main] utility.SalesforceListenerUtility SalesforceListenerUtility.java48 - createContacts.......test execution completed with failure........
20240605 12:41:16 ERROR [main] utility.SalesforceListenerUtility SalesforceListenerUtility.java48 - createContacts.......test execution completed with failure........
20240605 12:41:16 INFO  [main] utility.SalesforceListenerUtility SalesforceListenerUtility.java73 - .......<test> execution completed........
20240605 12:43:49 INFO  [main] utility.SalesforceListenerUtility SalesforceListenerUtility.java65 - .......<test> execution started........
20240605 12:43:49 INFO  [main] base.BaseTest BaseTest.java47 - .........BeforeMethod  executed---------------
20240605 12:43:50 INFO  [main] base.BaseTest BaseTest.java68 - Browser instance has started
20240605 12:43:52 INFO  [main] base.BaseTest BaseTest.java149 - https://login.salesforce.com/ is entered
20240605 12:43:52 INFO  [main] base.BaseTest BaseTest.java182 - Waiting until page loads within  expectedtime period
20240605 12:43:53 INFO  [main] utility.SalesforceListenerUtility SalesforceListenerUtility.java28 - createContacts.......test execution started........
20240605 12:43:53 INFO  [main] lighteningSalesforce.LoginAccountsTestcases LoginAccountsTestcases.java50 - ..............stated login_Homepage()...............
20240605 12:43:53 INFO  [main] base.BasePage BasePage.java217 - Current URL is = https://login.salesforce.com/
20240605 12:44:01 INFO  [main] lighteningSalesforce.LoginAccountsTestcases LoginAccountsTestcases.java62 - https://login.salesforce.com/  matched with https://login.salesforce.com/
20240605 12:44:01 INFO  [main] base.BasePage BasePage.java89 - UserName  IS WAITED FOR VISIBLITY
20240605 12:44:01 INFO  [main] base.BasePage BasePage.java140 - [[ChromeDriver: chrome on MAC (9fbf0be063e837fb8c70ab7c17a54707)] -> xpath: //*[@id='username']]Is enabled and clicked
20240605 12:44:01 INFO  [main] base.BasePage BasePage.java144 - Username textboxIs displayed  in textarea
20240605 12:44:01 INFO  [main] lighteningSalesforce.LoginAccountsTestcases LoginAccountsTestcases.java72 - User name entered successfully
20240605 12:44:01 INFO  [main] base.BasePage BasePage.java140 - [[ChromeDriver: chrome on MAC (9fbf0be063e837fb8c70ab7c17a54707)] -> xpath: //*[@id='password']]Is enabled and clicked
20240605 12:44:01 INFO  [main] base.BasePage BasePage.java144 - password field Is displayed  in textarea
20240605 12:44:01 INFO  [main] lighteningSalesforce.LoginAccountsTestcases LoginAccountsTestcases.java75 - Password entered successfully
20240605 12:44:09 INFO  [main] base.BasePage BasePage.java89 - Login Button IS WAITED FOR VISIBLITY
20240605 12:44:14 INFO  [main] base.BasePage BasePage.java70 - Login ButtonIs enabled and clicked
20240605 12:44:16 INFO  [main] lighteningSalesforce.LoginAccountsTestcases LoginAccountsTestcases.java89 - Home | Salesforce  matched with Home | Salesforce
20240605 12:44:16 INFO  [main] lighteningSalesforce.LoginAccountsTestcases LoginAccountsTestcases.java97 - All assertions Passed
20240605 12:44:16 INFO  [main] lighteningSalesforce.LoginAccountsTestcases LoginAccountsTestcases.java99 - ..............ended Login_Homepage()...............
20240605 12:44:16 INFO  [main] base.BasePage BasePage.java391 - Waiting until page loads within  expectedtime period
20240605 12:44:26 INFO  [main] base.BasePage BasePage.java236 - Element extracted text is = Acc_a53
20240605 12:44:30 INFO  [main] base.BasePage BasePage.java70 - Contact button on Accounts page Is enabled and clicked
20240605 12:44:34 INFO  [main] base.BasePage BasePage.java140 - [[ChromeDriver: chrome on MAC (9fbf0be063e837fb8c70ab7c17a54707)] -> xpath: //input[@name='lastName']]Is enabled and clicked
20240605 12:44:34 INFO  [main] base.BasePage BasePage.java144 - last name Is displayed  in textarea
20240605 12:44:46 INFO  [main] base.BasePage BasePage.java70 - Birthday calendar clickIs enabled and clicked
20240605 12:44:46 INFO  [main] base.BasePage BasePage.java70 - CLicking ON BackAction ARROW Button Is enabled and clicked
20240605 12:44:46 INFO  [main] base.BasePage BasePage.java70 - CLicking ON BackAction ARROW Button Is enabled and clicked
20240605 12:44:47 INFO  [main] base.BasePage BasePage.java70 - CLicking ON BackAction ARROW Button Is enabled and clicked
20240605 12:44:47 INFO  [main] base.BasePage BasePage.java70 - CLicking ON BackAction ARROW Button Is enabled and clicked
20240605 12:44:47 INFO  [main] base.BasePage BasePage.java70 - CLicking ON BackAction ARROW Button Is enabled and clicked
20240605 12:44:47 INFO  [main] base.BasePage BasePage.java441 - Dropdown element is clicked
20240605 12:44:47 INFO  [main] base.BasePage BasePage.java446 - Text '2001' is selected from dropdown
20240605 12:44:47 INFO  [main] base.BasePage BasePage.java451 - selected option matches to the Actual option
20240605 12:44:47 ERROR [main] utility.SalesforceListenerUtility SalesforceListenerUtility.java48 - createContacts.......test execution completed with failure........
20240605 12:44:48 INFO  [main] base.BaseTest BaseTest.java170 - captures the screenshot
20240605 12:44:48 INFO  [main] utility.SalesforceListenerUtility SalesforceListenerUtility.java73 - .......<test> execution completed........
20240605 13:05:52 INFO  [main] utility.SalesforceListenerUtility SalesforceListenerUtility.java65 - .......<test> execution started........
20240605 13:05:52 INFO  [main] base.BaseTest BaseTest.java47 - .........BeforeMethod  executed---------------
20240605 13:05:53 INFO  [main] base.BaseTest BaseTest.java68 - Browser instance has started
20240605 13:05:56 INFO  [main] base.BaseTest BaseTest.java149 - https://login.salesforce.com/ is entered
20240605 13:05:56 INFO  [main] base.BaseTest BaseTest.java182 - Waiting until page loads within  expectedtime period
20240605 13:05:56 INFO  [main] utility.SalesforceListenerUtility SalesforceListenerUtility.java28 - createContacts.......test execution started........
20240605 13:05:56 INFO  [main] lighteningSalesforce.LoginAccountsTestcases LoginAccountsTestcases.java50 - ..............stated login_Homepage()...............
20240605 13:05:56 INFO  [main] base.BasePage BasePage.java229 - Current URL is = https://login.salesforce.com/
20240605 13:06:04 INFO  [main] lighteningSalesforce.LoginAccountsTestcases LoginAccountsTestcases.java62 - https://login.salesforce.com/  matched with https://login.salesforce.com/
20240605 13:06:04 INFO  [main] base.BasePage BasePage.java89 - UserName  IS WAITED FOR VISIBLITY
20240605 13:06:04 INFO  [main] base.BasePage BasePage.java152 - [[ChromeDriver: chrome on MAC (2530140fe3c28c13e4b52b4f3ce513fb)] -> xpath: //*[@id='username']]Is enabled and clicked
20240605 13:06:04 INFO  [main] base.BasePage BasePage.java156 - Username textboxIs displayed  in textarea
20240605 13:06:04 INFO  [main] lighteningSalesforce.LoginAccountsTestcases LoginAccountsTestcases.java72 - User name entered successfully
20240605 13:06:05 INFO  [main] base.BasePage BasePage.java152 - [[ChromeDriver: chrome on MAC (2530140fe3c28c13e4b52b4f3ce513fb)] -> xpath: //*[@id='password']]Is enabled and clicked
20240605 13:06:05 INFO  [main] base.BasePage BasePage.java156 - password field Is displayed  in textarea
20240605 13:06:05 INFO  [main] lighteningSalesforce.LoginAccountsTestcases LoginAccountsTestcases.java75 - Password entered successfully
20240605 13:06:13 INFO  [main] base.BasePage BasePage.java89 - Login Button IS WAITED FOR VISIBLITY
20240605 13:06:19 INFO  [main] base.BasePage BasePage.java70 - Login ButtonIs enabled and clicked
20240605 13:06:21 INFO  [main] lighteningSalesforce.LoginAccountsTestcases LoginAccountsTestcases.java89 - Home | Salesforce  matched with Home | Salesforce
20240605 13:06:21 INFO  [main] lighteningSalesforce.LoginAccountsTestcases LoginAccountsTestcases.java97 - All assertions Passed
20240605 13:06:21 INFO  [main] lighteningSalesforce.LoginAccountsTestcases LoginAccountsTestcases.java99 - ..............ended Login_Homepage()...............
20240605 13:06:21 INFO  [main] base.BasePage BasePage.java403 - Waiting until page loads within  expectedtime period
20240605 13:06:31 INFO  [main] base.BasePage BasePage.java248 - Element extracted text is = Acc_a53
20240605 13:06:35 INFO  [main] base.BasePage BasePage.java70 - Contact button on Accounts page Is enabled and clicked
20240605 13:06:39 INFO  [main] base.BasePage BasePage.java152 - [[ChromeDriver: chrome on MAC (2530140fe3c28c13e4b52b4f3ce513fb)] -> xpath: //input[@name='lastName']]Is enabled and clicked
20240605 13:06:39 INFO  [main] base.BasePage BasePage.java156 - last name Is displayed  in textarea
20240605 13:06:51 INFO  [main] base.BasePage BasePage.java70 - Birthday calendar clickIs enabled and clicked
20240605 13:06:51 INFO  [main] base.BasePage BasePage.java70 - CLicking ON BackAction ARROW Button Is enabled and clicked
20240605 13:06:51 INFO  [main] base.BasePage BasePage.java70 - CLicking ON BackAction ARROW Button Is enabled and clicked
20240605 13:06:51 INFO  [main] base.BasePage BasePage.java70 - CLicking ON BackAction ARROW Button Is enabled and clicked
20240605 13:06:51 INFO  [main] base.BasePage BasePage.java70 - CLicking ON BackAction ARROW Button Is enabled and clicked
20240605 13:06:52 INFO  [main] base.BasePage BasePage.java70 - CLicking ON BackAction ARROW Button Is enabled and clicked
20240605 13:06:52 INFO  [main] base.BasePage BasePage.java453 - Dropdown element is clicked
20240605 13:06:52 INFO  [main] base.BasePage BasePage.java458 - Text '2001' is selected from dropdown
20240605 13:06:52 INFO  [main] base.BasePage BasePage.java463 - selected option matches to the Actual option
20240605 13:06:52 INFO  [main] base.BasePage BasePage.java114 -  IS WAITED FOR VISIBLITY OF ELEMENT TO BE LOCATED
20240605 13:06:53 ERROR [main] utility.SalesforceListenerUtility SalesforceListenerUtility.java48 - createContacts.......test execution completed with failure........
20240605 13:06:53 INFO  [main] base.BaseTest BaseTest.java170 - captures the screenshot
20240605 13:06:53 INFO  [main] utility.SalesforceListenerUtility SalesforceListenerUtility.java73 - .......<test> execution completed........
20240605 13:12:00 INFO  [main] utility.SalesforceListenerUtility SalesforceListenerUtility.java65 - .......<test> execution started........
20240605 13:12:00 INFO  [main] base.BaseTest BaseTest.java47 - .........BeforeMethod  executed---------------
20240605 13:12:00 INFO  [main] base.BaseTest BaseTest.java68 - Browser instance has started
20240605 13:12:03 INFO  [main] base.BaseTest BaseTest.java149 - https://login.salesforce.com/ is entered
20240605 13:12:03 INFO  [main] base.BaseTest BaseTest.java182 - Waiting until page loads within  expectedtime period
20240605 13:12:03 INFO  [main] utility.SalesforceListenerUtility SalesforceListenerUtility.java28 - createContacts.......test execution started........
20240605 13:12:03 INFO  [main] lighteningSalesforce.LoginAccountsTestcases LoginAccountsTestcases.java50 - ..............stated login_Homepage()...............
20240605 13:12:04 INFO  [main] base.BasePage BasePage.java229 - Current URL is = https://login.salesforce.com/
20240605 13:12:12 INFO  [main] lighteningSalesforce.LoginAccountsTestcases LoginAccountsTestcases.java62 - https://login.salesforce.com/  matched with https://login.salesforce.com/
20240605 13:12:12 INFO  [main] base.BasePage BasePage.java89 - UserName  IS WAITED FOR VISIBLITY
20240605 13:12:12 INFO  [main] base.BasePage BasePage.java152 - [[ChromeDriver: chrome on MAC (a6ff6e29c1e229e0a86a9c00eafedb3c)] -> xpath: //*[@id='username']]Is enabled and clicked
20240605 13:12:12 INFO  [main] base.BasePage BasePage.java156 - Username textboxIs displayed  in textarea
20240605 13:12:12 INFO  [main] lighteningSalesforce.LoginAccountsTestcases LoginAccountsTestcases.java72 - User name entered successfully
20240605 13:12:12 INFO  [main] base.BasePage BasePage.java152 - [[ChromeDriver: chrome on MAC (a6ff6e29c1e229e0a86a9c00eafedb3c)] -> xpath: //*[@id='password']]Is enabled and clicked
20240605 13:12:12 INFO  [main] base.BasePage BasePage.java156 - password field Is displayed  in textarea
20240605 13:12:12 INFO  [main] lighteningSalesforce.LoginAccountsTestcases LoginAccountsTestcases.java75 - Password entered successfully
20240605 13:12:20 INFO  [main] base.BasePage BasePage.java89 - Login Button IS WAITED FOR VISIBLITY
20240605 13:12:25 INFO  [main] base.BasePage BasePage.java70 - Login ButtonIs enabled and clicked
20240605 13:12:27 INFO  [main] lighteningSalesforce.LoginAccountsTestcases LoginAccountsTestcases.java89 - Home | Salesforce  matched with Home | Salesforce
20240605 13:12:27 INFO  [main] lighteningSalesforce.LoginAccountsTestcases LoginAccountsTestcases.java97 - All assertions Passed
20240605 13:12:27 INFO  [main] lighteningSalesforce.LoginAccountsTestcases LoginAccountsTestcases.java99 - ..............ended Login_Homepage()...............
20240605 13:12:27 INFO  [main] base.BasePage BasePage.java403 - Waiting until page loads within  expectedtime period
20240605 13:12:37 INFO  [main] base.BasePage BasePage.java248 - Element extracted text is = Acc_a53
20240605 13:12:41 INFO  [main] base.BasePage BasePage.java70 - Contact button on Accounts page Is enabled and clicked
20240605 13:12:45 INFO  [main] base.BasePage BasePage.java152 - [[ChromeDriver: chrome on MAC (a6ff6e29c1e229e0a86a9c00eafedb3c)] -> xpath: //input[@name='lastName']]Is enabled and clicked
20240605 13:12:45 INFO  [main] base.BasePage BasePage.java156 - last name Is displayed  in textarea
20240605 13:12:57 INFO  [main] base.BasePage BasePage.java70 - Birthday calendar clickIs enabled and clicked
20240605 13:12:57 INFO  [main] base.BasePage BasePage.java70 - CLicking ON BackAction ARROW Button Is enabled and clicked
20240605 13:12:57 INFO  [main] base.BasePage BasePage.java70 - CLicking ON BackAction ARROW Button Is enabled and clicked
20240605 13:12:57 INFO  [main] base.BasePage BasePage.java70 - CLicking ON BackAction ARROW Button Is enabled and clicked
20240605 13:12:58 INFO  [main] base.BasePage BasePage.java70 - CLicking ON BackAction ARROW Button Is enabled and clicked
20240605 13:12:58 INFO  [main] base.BasePage BasePage.java70 - CLicking ON BackAction ARROW Button Is enabled and clicked
20240605 13:12:58 INFO  [main] base.BasePage BasePage.java453 - Dropdown element is clicked
20240605 13:12:58 INFO  [main] base.BasePage BasePage.java458 - Text '2001' is selected from dropdown
20240605 13:12:58 INFO  [main] base.BasePage BasePage.java463 - selected option matches to the Actual option
20240605 13:12:59 ERROR [main] utility.SalesforceListenerUtility SalesforceListenerUtility.java48 - createContacts.......test execution completed with failure........
20240605 13:12:59 INFO  [main] base.BaseTest BaseTest.java170 - captures the screenshot
20240605 13:12:59 INFO  [main] utility.SalesforceListenerUtility SalesforceListenerUtility.java73 - .......<test> execution completed........
20240605 13:13:33 INFO  [main] utility.SalesforceListenerUtility SalesforceListenerUtility.java65 - .......<test> execution started........
20240605 13:13:33 INFO  [main] base.BaseTest BaseTest.java47 - .........BeforeMethod  executed---------------
20240605 13:13:33 INFO  [main] base.BaseTest BaseTest.java68 - Browser instance has started
20240605 13:13:36 INFO  [main] base.BaseTest BaseTest.java149 - https://login.salesforce.com/ is entered
20240605 13:13:36 INFO  [main] base.BaseTest BaseTest.java182 - Waiting until page loads within  expectedtime period
20240605 13:13:36 INFO  [main] utility.SalesforceListenerUtility SalesforceListenerUtility.java28 - createContacts.......test execution started........
20240605 13:13:37 INFO  [main] lighteningSalesforce.LoginAccountsTestcases LoginAccountsTestcases.java50 - ..............stated login_Homepage()...............
20240605 13:13:37 INFO  [main] base.BasePage BasePage.java229 - Current URL is = https://login.salesforce.com/
20240605 13:13:45 INFO  [main] lighteningSalesforce.LoginAccountsTestcases LoginAccountsTestcases.java62 - https://login.salesforce.com/  matched with https://login.salesforce.com/
20240605 13:13:45 INFO  [main] base.BasePage BasePage.java89 - UserName  IS WAITED FOR VISIBLITY
20240605 13:13:45 INFO  [main] base.BasePage BasePage.java152 - [[ChromeDriver: chrome on MAC (60366efe2aeef6859ce9ddb5d9c60d9e)] -> xpath: //*[@id='username']]Is enabled and clicked
20240605 13:13:45 INFO  [main] base.BasePage BasePage.java156 - Username textboxIs displayed  in textarea
20240605 13:13:45 INFO  [main] lighteningSalesforce.LoginAccountsTestcases LoginAccountsTestcases.java72 - User name entered successfully
20240605 13:13:45 INFO  [main] base.BasePage BasePage.java152 - [[ChromeDriver: chrome on MAC (60366efe2aeef6859ce9ddb5d9c60d9e)] -> xpath: //*[@id='password']]Is enabled and clicked
20240605 13:13:45 INFO  [main] base.BasePage BasePage.java156 - password field Is displayed  in textarea
20240605 13:13:45 INFO  [main] lighteningSalesforce.LoginAccountsTestcases LoginAccountsTestcases.java75 - Password entered successfully
20240605 13:13:53 INFO  [main] base.BasePage BasePage.java89 - Login Button IS WAITED FOR VISIBLITY
20240605 13:13:59 INFO  [main] base.BasePage BasePage.java70 - Login ButtonIs enabled and clicked
20240605 13:14:01 INFO  [main] lighteningSalesforce.LoginAccountsTestcases LoginAccountsTestcases.java89 - Home | Salesforce  matched with Home | Salesforce
20240605 13:14:01 INFO  [main] lighteningSalesforce.LoginAccountsTestcases LoginAccountsTestcases.java97 - All assertions Passed
20240605 13:14:01 INFO  [main] lighteningSalesforce.LoginAccountsTestcases LoginAccountsTestcases.java99 - ..............ended Login_Homepage()...............
20240605 13:14:01 INFO  [main] base.BasePage BasePage.java403 - Waiting until page loads within  expectedtime period
20240605 13:14:10 INFO  [main] base.BasePage BasePage.java248 - Element extracted text is = Acc_a53
20240605 13:14:15 INFO  [main] base.BasePage BasePage.java70 - Contact button on Accounts page Is enabled and clicked
20240605 13:14:19 INFO  [main] base.BasePage BasePage.java152 - [[ChromeDriver: chrome on MAC (60366efe2aeef6859ce9ddb5d9c60d9e)] -> xpath: //input[@name='lastName']]Is enabled and clicked
20240605 13:14:19 INFO  [main] base.BasePage BasePage.java156 - last name Is displayed  in textarea
20240605 13:14:31 INFO  [main] base.BasePage BasePage.java70 - Birthday calendar clickIs enabled and clicked
20240605 13:14:31 INFO  [main] base.BasePage BasePage.java70 - CLicking ON BackAction ARROW Button Is enabled and clicked
20240605 13:14:31 INFO  [main] base.BasePage BasePage.java70 - CLicking ON BackAction ARROW Button Is enabled and clicked
20240605 13:14:31 INFO  [main] base.BasePage BasePage.java70 - CLicking ON BackAction ARROW Button Is enabled and clicked
20240605 13:14:31 INFO  [main] base.BasePage BasePage.java70 - CLicking ON BackAction ARROW Button Is enabled and clicked
20240605 13:14:31 INFO  [main] base.BasePage BasePage.java70 - CLicking ON BackAction ARROW Button Is enabled and clicked
20240605 13:14:34 INFO  [main] base.BasePage BasePage.java453 - Dropdown element is clicked
20240605 13:14:34 INFO  [main] base.BasePage BasePage.java458 - Text '2001' is selected from dropdown
20240605 13:14:34 INFO  [main] base.BasePage BasePage.java463 - selected option matches to the Actual option
20240605 13:14:36 ERROR [main] utility.SalesforceListenerUtility SalesforceListenerUtility.java48 - createContacts.......test execution completed with failure........
20240605 13:14:37 INFO  [main] base.BaseTest BaseTest.java170 - captures the screenshot
20240605 13:14:37 INFO  [main] utility.SalesforceListenerUtility SalesforceListenerUtility.java73 - .......<test> execution completed........
20240605 13:20:23 INFO  [main] utility.SalesforceListenerUtility SalesforceListenerUtility.java65 - .......<test> execution started........
20240605 13:20:23 INFO  [main] base.BaseTest BaseTest.java47 - .........BeforeMethod  executed---------------
20240605 13:20:24 INFO  [main] base.BaseTest BaseTest.java68 - Browser instance has started
20240605 13:20:26 INFO  [main] base.BaseTest BaseTest.java149 - https://login.salesforce.com/ is entered
20240605 13:20:26 INFO  [main] base.BaseTest BaseTest.java182 - Waiting until page loads within  expectedtime period
20240605 13:20:27 INFO  [main] utility.SalesforceListenerUtility SalesforceListenerUtility.java28 - createContacts.......test execution started........
20240605 13:20:27 INFO  [main] lighteningSalesforce.LoginAccountsTestcases LoginAccountsTestcases.java50 - ..............stated login_Homepage()...............
20240605 13:20:27 INFO  [main] base.BasePage BasePage.java229 - Current URL is = https://login.salesforce.com/
20240605 13:20:35 INFO  [main] lighteningSalesforce.LoginAccountsTestcases LoginAccountsTestcases.java62 - https://login.salesforce.com/  matched with https://login.salesforce.com/
20240605 13:20:35 INFO  [main] base.BasePage BasePage.java89 - UserName  IS WAITED FOR VISIBLITY
20240605 13:20:35 INFO  [main] base.BasePage BasePage.java152 - [[ChromeDriver: chrome on MAC (09ea89efa143de0c2aedf7d02f504b35)] -> xpath: //*[@id='username']]Is enabled and clicked
20240605 13:20:35 INFO  [main] base.BasePage BasePage.java156 - Username textboxIs displayed  in textarea
20240605 13:20:35 INFO  [main] lighteningSalesforce.LoginAccountsTestcases LoginAccountsTestcases.java72 - User name entered successfully
20240605 13:20:35 INFO  [main] base.BasePage BasePage.java152 - [[ChromeDriver: chrome on MAC (09ea89efa143de0c2aedf7d02f504b35)] -> xpath: //*[@id='password']]Is enabled and clicked
20240605 13:20:35 INFO  [main] base.BasePage BasePage.java156 - password field Is displayed  in textarea
20240605 13:20:35 INFO  [main] lighteningSalesforce.LoginAccountsTestcases LoginAccountsTestcases.java75 - Password entered successfully
20240605 13:20:43 INFO  [main] base.BasePage BasePage.java89 - Login Button IS WAITED FOR VISIBLITY
20240605 13:20:51 INFO  [main] base.BasePage BasePage.java70 - Login ButtonIs enabled and clicked
20240605 13:20:53 INFO  [main] lighteningSalesforce.LoginAccountsTestcases LoginAccountsTestcases.java89 - Home | Salesforce  matched with Home | Salesforce
20240605 13:20:53 INFO  [main] lighteningSalesforce.LoginAccountsTestcases LoginAccountsTestcases.java97 - All assertions Passed
20240605 13:20:53 INFO  [main] lighteningSalesforce.LoginAccountsTestcases LoginAccountsTestcases.java99 - ..............ended Login_Homepage()...............
20240605 13:20:53 INFO  [main] base.BasePage BasePage.java403 - Waiting until page loads within  expectedtime period
20240605 13:21:03 INFO  [main] base.BasePage BasePage.java248 - Element extracted text is = Acc_a53
20240605 13:21:07 INFO  [main] base.BasePage BasePage.java70 - Contact button on Accounts page Is enabled and clicked
20240605 13:21:11 INFO  [main] base.BasePage BasePage.java152 - [[ChromeDriver: chrome on MAC (09ea89efa143de0c2aedf7d02f504b35)] -> xpath: //input[@name='lastName']]Is enabled and clicked
20240605 13:21:11 INFO  [main] base.BasePage BasePage.java156 - last name Is displayed  in textarea
20240605 13:21:23 INFO  [main] base.BasePage BasePage.java70 - Birthday calendar clickIs enabled and clicked
20240605 13:21:23 INFO  [main] base.BasePage BasePage.java70 - CLicking ON BackAction ARROW Button Is enabled and clicked
20240605 13:21:23 INFO  [main] base.BasePage BasePage.java70 - CLicking ON BackAction ARROW Button Is enabled and clicked
20240605 13:21:23 INFO  [main] base.BasePage BasePage.java70 - CLicking ON BackAction ARROW Button Is enabled and clicked
20240605 13:21:24 INFO  [main] base.BasePage BasePage.java70 - CLicking ON BackAction ARROW Button Is enabled and clicked
20240605 13:21:24 INFO  [main] base.BasePage BasePage.java70 - CLicking ON BackAction ARROW Button Is enabled and clicked
20240605 13:21:24 INFO  [main] base.BasePage BasePage.java453 - Dropdown element is clicked
20240605 13:21:24 INFO  [main] base.BasePage BasePage.java458 - Text '2001' is selected from dropdown
20240605 13:21:24 INFO  [main] base.BasePage BasePage.java463 - selected option matches to the Actual option
20240605 13:21:29 INFO  [main] base.BasePage BasePage.java114 -  IS WAITED FOR VISIBLITY OF ELEMENT TO BE LOCATED
20240605 13:21:35 ERROR [main] utility.SalesforceListenerUtility SalesforceListenerUtility.java48 - createContacts.......test execution completed with failure........
20240605 13:21:35 INFO  [main] base.BaseTest BaseTest.java170 - captures the screenshot
20240605 13:21:35 INFO  [main] utility.SalesforceListenerUtility SalesforceListenerUtility.java73 - .......<test> execution completed........
20240605 13:22:56 INFO  [main] utility.SalesforceListenerUtility SalesforceListenerUtility.java65 - .......<test> execution started........
20240605 13:22:56 INFO  [main] base.BaseTest BaseTest.java47 - .........BeforeMethod  executed---------------
20240605 13:22:57 INFO  [main] base.BaseTest BaseTest.java68 - Browser instance has started
20240605 13:22:59 INFO  [main] base.BaseTest BaseTest.java149 - https://login.salesforce.com/ is entered
20240605 13:22:59 INFO  [main] base.BaseTest BaseTest.java182 - Waiting until page loads within  expectedtime period
20240605 13:23:00 INFO  [main] utility.SalesforceListenerUtility SalesforceListenerUtility.java28 - createContacts.......test execution started........
20240605 13:23:00 INFO  [main] lighteningSalesforce.LoginAccountsTestcases LoginAccountsTestcases.java50 - ..............stated login_Homepage()...............
20240605 13:23:00 INFO  [main] base.BasePage BasePage.java229 - Current URL is = https://login.salesforce.com/
20240605 13:23:08 INFO  [main] lighteningSalesforce.LoginAccountsTestcases LoginAccountsTestcases.java62 - https://login.salesforce.com/  matched with https://login.salesforce.com/
20240605 13:23:08 INFO  [main] base.BasePage BasePage.java89 - UserName  IS WAITED FOR VISIBLITY
20240605 13:23:08 INFO  [main] base.BasePage BasePage.java152 - [[ChromeDriver: chrome on MAC (f93f92424eb7687f3020b289b0ff0962)] -> xpath: //*[@id='username']]Is enabled and clicked
20240605 13:23:08 INFO  [main] base.BasePage BasePage.java156 - Username textboxIs displayed  in textarea
20240605 13:23:08 INFO  [main] lighteningSalesforce.LoginAccountsTestcases LoginAccountsTestcases.java72 - User name entered successfully
20240605 13:23:08 INFO  [main] base.BasePage BasePage.java152 - [[ChromeDriver: chrome on MAC (f93f92424eb7687f3020b289b0ff0962)] -> xpath: //*[@id='password']]Is enabled and clicked
20240605 13:23:08 INFO  [main] base.BasePage BasePage.java156 - password field Is displayed  in textarea
20240605 13:23:08 INFO  [main] lighteningSalesforce.LoginAccountsTestcases LoginAccountsTestcases.java75 - Password entered successfully
20240605 13:23:16 INFO  [main] base.BasePage BasePage.java89 - Login Button IS WAITED FOR VISIBLITY
20240605 13:23:22 INFO  [main] base.BasePage BasePage.java70 - Login ButtonIs enabled and clicked
20240605 13:23:24 INFO  [main] lighteningSalesforce.LoginAccountsTestcases LoginAccountsTestcases.java89 - Home | Salesforce  matched with Home | Salesforce
20240605 13:23:24 INFO  [main] lighteningSalesforce.LoginAccountsTestcases LoginAccountsTestcases.java97 - All assertions Passed
20240605 13:23:24 INFO  [main] lighteningSalesforce.LoginAccountsTestcases LoginAccountsTestcases.java99 - ..............ended Login_Homepage()...............
20240605 13:23:24 INFO  [main] base.BasePage BasePage.java403 - Waiting until page loads within  expectedtime period
20240605 13:23:33 INFO  [main] base.BasePage BasePage.java248 - Element extracted text is = Acc_a53
20240605 13:23:38 INFO  [main] base.BasePage BasePage.java70 - Contact button on Accounts page Is enabled and clicked
20240605 13:23:42 INFO  [main] base.BasePage BasePage.java152 - [[ChromeDriver: chrome on MAC (f93f92424eb7687f3020b289b0ff0962)] -> xpath: //input[@name='lastName']]Is enabled and clicked
20240605 13:23:42 INFO  [main] base.BasePage BasePage.java156 - last name Is displayed  in textarea
20240605 13:23:54 INFO  [main] base.BasePage BasePage.java70 - Birthday calendar clickIs enabled and clicked
20240605 13:23:54 INFO  [main] base.BasePage BasePage.java70 - CLicking ON BackAction ARROW Button Is enabled and clicked
20240605 13:23:54 INFO  [main] base.BasePage BasePage.java70 - CLicking ON BackAction ARROW Button Is enabled and clicked
20240605 13:23:54 INFO  [main] base.BasePage BasePage.java70 - CLicking ON BackAction ARROW Button Is enabled and clicked
20240605 13:23:54 INFO  [main] base.BasePage BasePage.java70 - CLicking ON BackAction ARROW Button Is enabled and clicked
20240605 13:23:54 INFO  [main] base.BasePage BasePage.java70 - CLicking ON BackAction ARROW Button Is enabled and clicked
20240605 13:24:00 INFO  [main] base.BasePage BasePage.java453 - Dropdown element is clicked
20240605 13:24:00 INFO  [main] base.BasePage BasePage.java458 - Text '2001' is selected from dropdown
20240605 13:24:00 INFO  [main] base.BasePage BasePage.java463 - selected option matches to the Actual option
20240605 13:24:28 ERROR [main] utility.SalesforceListenerUtility SalesforceListenerUtility.java48 - createContacts.......test execution completed with failure........
20240605 13:24:29 INFO  [main] base.BaseTest BaseTest.java170 - captures the screenshot
20240605 13:24:29 INFO  [main] utility.SalesforceListenerUtility SalesforceListenerUtility.java73 - .......<test> execution completed........
20240605 13:24:57 INFO  [main] utility.SalesforceListenerUtility SalesforceListenerUtility.java65 - .......<test> execution started........
20240605 13:24:57 INFO  [main] base.BaseTest BaseTest.java47 - .........BeforeMethod  executed---------------
20240605 13:24:58 INFO  [main] base.BaseTest BaseTest.java68 - Browser instance has started
20240605 13:25:00 INFO  [main] base.BaseTest BaseTest.java149 - https://login.salesforce.com/ is entered
20240605 13:25:00 INFO  [main] base.BaseTest BaseTest.java182 - Waiting until page loads within  expectedtime period
20240605 13:25:01 INFO  [main] utility.SalesforceListenerUtility SalesforceListenerUtility.java28 - createContacts.......test execution started........
20240605 13:25:01 INFO  [main] lighteningSalesforce.LoginAccountsTestcases LoginAccountsTestcases.java50 - ..............stated login_Homepage()...............
20240605 13:25:01 INFO  [main] base.BasePage BasePage.java229 - Current URL is = https://login.salesforce.com/
20240605 13:25:09 INFO  [main] lighteningSalesforce.LoginAccountsTestcases LoginAccountsTestcases.java62 - https://login.salesforce.com/  matched with https://login.salesforce.com/
20240605 13:25:09 INFO  [main] base.BasePage BasePage.java89 - UserName  IS WAITED FOR VISIBLITY
20240605 13:25:09 INFO  [main] base.BasePage BasePage.java152 - [[ChromeDriver: chrome on MAC (7c534fe59465eb0534d5466beec76f09)] -> xpath: //*[@id='username']]Is enabled and clicked
20240605 13:25:09 INFO  [main] base.BasePage BasePage.java156 - Username textboxIs displayed  in textarea
20240605 13:25:09 INFO  [main] lighteningSalesforce.LoginAccountsTestcases LoginAccountsTestcases.java72 - User name entered successfully
20240605 13:25:09 INFO  [main] base.BasePage BasePage.java152 - [[ChromeDriver: chrome on MAC (7c534fe59465eb0534d5466beec76f09)] -> xpath: //*[@id='password']]Is enabled and clicked
20240605 13:25:09 INFO  [main] base.BasePage BasePage.java156 - password field Is displayed  in textarea
20240605 13:25:09 INFO  [main] lighteningSalesforce.LoginAccountsTestcases LoginAccountsTestcases.java75 - Password entered successfully
20240605 13:25:17 INFO  [main] base.BasePage BasePage.java89 - Login Button IS WAITED FOR VISIBLITY
20240605 13:25:23 INFO  [main] base.BasePage BasePage.java70 - Login ButtonIs enabled and clicked
20240605 13:25:25 INFO  [main] lighteningSalesforce.LoginAccountsTestcases LoginAccountsTestcases.java89 - Home | Salesforce  matched with Home | Salesforce
20240605 13:25:25 INFO  [main] lighteningSalesforce.LoginAccountsTestcases LoginAccountsTestcases.java97 - All assertions Passed
20240605 13:25:25 INFO  [main] lighteningSalesforce.LoginAccountsTestcases LoginAccountsTestcases.java99 - ..............ended Login_Homepage()...............
20240605 13:25:25 INFO  [main] base.BasePage BasePage.java403 - Waiting until page loads within  expectedtime period
20240605 13:25:34 INFO  [main] base.BasePage BasePage.java248 - Element extracted text is = Acc_a53
20240605 13:25:39 INFO  [main] base.BasePage BasePage.java70 - Contact button on Accounts page Is enabled and clicked
20240605 13:25:43 INFO  [main] base.BasePage BasePage.java152 - [[ChromeDriver: chrome on MAC (7c534fe59465eb0534d5466beec76f09)] -> xpath: //input[@name='lastName']]Is enabled and clicked
20240605 13:25:43 INFO  [main] base.BasePage BasePage.java156 - last name Is displayed  in textarea
20240605 13:25:55 INFO  [main] base.BasePage BasePage.java70 - Birthday calendar clickIs enabled and clicked
20240605 13:25:55 INFO  [main] base.BasePage BasePage.java70 - CLicking ON BackAction ARROW Button Is enabled and clicked
20240605 13:25:55 INFO  [main] base.BasePage BasePage.java70 - CLicking ON BackAction ARROW Button Is enabled and clicked
20240605 13:25:55 INFO  [main] base.BasePage BasePage.java70 - CLicking ON BackAction ARROW Button Is enabled and clicked
20240605 13:25:55 INFO  [main] base.BasePage BasePage.java70 - CLicking ON BackAction ARROW Button Is enabled and clicked
20240605 13:25:55 INFO  [main] base.BasePage BasePage.java70 - CLicking ON BackAction ARROW Button Is enabled and clicked
20240605 13:26:01 INFO  [main] base.BasePage BasePage.java453 - Dropdown element is clicked
20240605 13:26:01 INFO  [main] base.BasePage BasePage.java458 - Text '2001' is selected from dropdown
20240605 13:26:01 INFO  [main] base.BasePage BasePage.java463 - selected option matches to the Actual option
20240605 13:27:25 ERROR [main] utility.SalesforceListenerUtility SalesforceListenerUtility.java48 - createContacts.......test execution completed with failure........
20240605 13:27:26 INFO  [main] base.BaseTest BaseTest.java170 - captures the screenshot
20240605 13:27:26 INFO  [main] utility.SalesforceListenerUtility SalesforceListenerUtility.java73 - .......<test> execution completed........
20240605 13:28:58 INFO  [main] utility.SalesforceListenerUtility SalesforceListenerUtility.java65 - .......<test> execution started........
20240605 13:28:58 INFO  [main] base.BaseTest BaseTest.java47 - .........BeforeMethod  executed---------------
20240605 13:28:59 INFO  [main] base.BaseTest BaseTest.java68 - Browser instance has started
20240605 13:29:02 INFO  [main] base.BaseTest BaseTest.java149 - https://login.salesforce.com/ is entered
20240605 13:29:02 INFO  [main] base.BaseTest BaseTest.java182 - Waiting until page loads within  expectedtime period
20240605 13:29:02 INFO  [main] utility.SalesforceListenerUtility SalesforceListenerUtility.java28 - createContacts.......test execution started........
20240605 13:29:02 INFO  [main] lighteningSalesforce.LoginAccountsTestcases LoginAccountsTestcases.java50 - ..............stated login_Homepage()...............
20240605 13:29:03 INFO  [main] base.BasePage BasePage.java229 - Current URL is = https://login.salesforce.com/
20240605 13:29:11 INFO  [main] lighteningSalesforce.LoginAccountsTestcases LoginAccountsTestcases.java62 - https://login.salesforce.com/  matched with https://login.salesforce.com/
20240605 13:29:11 INFO  [main] base.BasePage BasePage.java89 - UserName  IS WAITED FOR VISIBLITY
20240605 13:29:11 INFO  [main] base.BasePage BasePage.java152 - [[ChromeDriver: chrome on MAC (c7c02ea46eb7f68c65595bd187d49022)] -> xpath: //*[@id='username']]Is enabled and clicked
20240605 13:29:11 INFO  [main] base.BasePage BasePage.java156 - Username textboxIs displayed  in textarea
20240605 13:29:11 INFO  [main] lighteningSalesforce.LoginAccountsTestcases LoginAccountsTestcases.java72 - User name entered successfully
20240605 13:29:11 INFO  [main] base.BasePage BasePage.java152 - [[ChromeDriver: chrome on MAC (c7c02ea46eb7f68c65595bd187d49022)] -> xpath: //*[@id='password']]Is enabled and clicked
20240605 13:29:11 INFO  [main] base.BasePage BasePage.java156 - password field Is displayed  in textarea
20240605 13:29:11 INFO  [main] lighteningSalesforce.LoginAccountsTestcases LoginAccountsTestcases.java75 - Password entered successfully
20240605 13:29:19 INFO  [main] base.BasePage BasePage.java89 - Login Button IS WAITED FOR VISIBLITY
20240605 13:29:26 INFO  [main] base.BasePage BasePage.java70 - Login ButtonIs enabled and clicked
20240605 13:29:28 INFO  [main] lighteningSalesforce.LoginAccountsTestcases LoginAccountsTestcases.java89 - Home | Salesforce  matched with Home | Salesforce
20240605 13:29:28 INFO  [main] lighteningSalesforce.LoginAccountsTestcases LoginAccountsTestcases.java97 - All assertions Passed
20240605 13:29:28 INFO  [main] lighteningSalesforce.LoginAccountsTestcases LoginAccountsTestcases.java99 - ..............ended Login_Homepage()...............
20240605 13:29:28 INFO  [main] base.BasePage BasePage.java403 - Waiting until page loads within  expectedtime period
20240605 13:29:37 INFO  [main] base.BasePage BasePage.java248 - Element extracted text is = Acc_a53
20240605 13:29:41 INFO  [main] base.BasePage BasePage.java70 - Contact button on Accounts page Is enabled and clicked
20240605 13:29:45 INFO  [main] base.BasePage BasePage.java152 - [[ChromeDriver: chrome on MAC (c7c02ea46eb7f68c65595bd187d49022)] -> xpath: //input[@name='lastName']]Is enabled and clicked
20240605 13:29:45 INFO  [main] base.BasePage BasePage.java156 - last name Is displayed  in textarea
20240605 13:29:58 INFO  [main] base.BasePage BasePage.java70 - Birthday calendar clickIs enabled and clicked
20240605 13:29:58 INFO  [main] base.BasePage BasePage.java70 - CLicking ON BackAction ARROW Button Is enabled and clicked
20240605 13:29:58 INFO  [main] base.BasePage BasePage.java70 - CLicking ON BackAction ARROW Button Is enabled and clicked
20240605 13:29:58 INFO  [main] base.BasePage BasePage.java70 - CLicking ON BackAction ARROW Button Is enabled and clicked
20240605 13:29:58 INFO  [main] base.BasePage BasePage.java70 - CLicking ON BackAction ARROW Button Is enabled and clicked
20240605 13:29:58 INFO  [main] base.BasePage BasePage.java70 - CLicking ON BackAction ARROW Button Is enabled and clicked
20240605 13:30:03 INFO  [main] base.BasePage BasePage.java453 - Dropdown element is clicked
20240605 13:30:03 INFO  [main] base.BasePage BasePage.java458 - Text '2001' is selected from dropdown
20240605 13:30:04 INFO  [main] base.BasePage BasePage.java463 - selected option matches to the Actual option
20240605 13:31:49 ERROR [main] utility.SalesforceListenerUtility SalesforceListenerUtility.java48 - createContacts.......test execution completed with failure........
20240605 13:31:49 INFO  [main] base.BaseTest BaseTest.java170 - captures the screenshot
20240605 13:31:50 INFO  [main] utility.SalesforceListenerUtility SalesforceListenerUtility.java73 - .......<test> execution completed........
20240605 13:37:23 INFO  [main] utility.SalesforceListenerUtility SalesforceListenerUtility.java65 - .......<test> execution started........
20240605 13:37:23 INFO  [main] base.BaseTest BaseTest.java47 - .........BeforeMethod  executed---------------
20240605 13:37:24 INFO  [main] base.BaseTest BaseTest.java68 - Browser instance has started
20240605 13:37:26 INFO  [main] base.BaseTest BaseTest.java149 - https://login.salesforce.com/ is entered
20240605 13:37:26 INFO  [main] base.BaseTest BaseTest.java182 - Waiting until page loads within  expectedtime period
20240605 13:37:27 INFO  [main] utility.SalesforceListenerUtility SalesforceListenerUtility.java28 - createContacts.......test execution started........
20240605 13:37:27 INFO  [main] lighteningSalesforce.LoginAccountsTestcases LoginAccountsTestcases.java50 - ..............stated login_Homepage()...............
20240605 13:37:27 INFO  [main] base.BasePage BasePage.java229 - Current URL is = https://login.salesforce.com/
20240605 13:37:35 INFO  [main] lighteningSalesforce.LoginAccountsTestcases LoginAccountsTestcases.java62 - https://login.salesforce.com/  matched with https://login.salesforce.com/
20240605 13:37:35 INFO  [main] base.BasePage BasePage.java89 - UserName  IS WAITED FOR VISIBLITY
20240605 13:37:35 INFO  [main] base.BasePage BasePage.java152 - [[ChromeDriver: chrome on MAC (43a6dd2ca75b4bf0474eb7c2bdb90332)] -> xpath: //*[@id='username']]Is enabled and clicked
20240605 13:37:35 INFO  [main] base.BasePage BasePage.java156 - Username textboxIs displayed  in textarea
20240605 13:37:35 INFO  [main] lighteningSalesforce.LoginAccountsTestcases LoginAccountsTestcases.java72 - User name entered successfully
20240605 13:37:35 INFO  [main] base.BasePage BasePage.java152 - [[ChromeDriver: chrome on MAC (43a6dd2ca75b4bf0474eb7c2bdb90332)] -> xpath: //*[@id='password']]Is enabled and clicked
20240605 13:37:35 INFO  [main] base.BasePage BasePage.java156 - password field Is displayed  in textarea
20240605 13:37:35 INFO  [main] lighteningSalesforce.LoginAccountsTestcases LoginAccountsTestcases.java75 - Password entered successfully
20240605 13:37:43 INFO  [main] base.BasePage BasePage.java89 - Login Button IS WAITED FOR VISIBLITY
20240605 13:37:49 INFO  [main] base.BasePage BasePage.java70 - Login ButtonIs enabled and clicked
20240605 13:37:51 INFO  [main] lighteningSalesforce.LoginAccountsTestcases LoginAccountsTestcases.java89 - Home | Salesforce  matched with Home | Salesforce
20240605 13:37:51 INFO  [main] lighteningSalesforce.LoginAccountsTestcases LoginAccountsTestcases.java97 - All assertions Passed
20240605 13:37:51 INFO  [main] lighteningSalesforce.LoginAccountsTestcases LoginAccountsTestcases.java99 - ..............ended Login_Homepage()...............
20240605 13:37:51 INFO  [main] base.BasePage BasePage.java403 - Waiting until page loads within  expectedtime period
20240605 13:38:01 INFO  [main] base.BasePage BasePage.java248 - Element extracted text is = Acc_a53
20240605 13:38:05 INFO  [main] base.BasePage BasePage.java70 - Contact button on Accounts page Is enabled and clicked
20240605 13:38:09 INFO  [main] base.BasePage BasePage.java152 - [[ChromeDriver: chrome on MAC (43a6dd2ca75b4bf0474eb7c2bdb90332)] -> xpath: //input[@name='lastName']]Is enabled and clicked
20240605 13:38:09 INFO  [main] base.BasePage BasePage.java156 - last name Is displayed  in textarea
20240605 13:38:21 INFO  [main] base.BasePage BasePage.java70 - Birthday calendar clickIs enabled and clicked
20240605 13:38:21 INFO  [main] base.BasePage BasePage.java70 - CLicking ON BackAction ARROW Button Is enabled and clicked
20240605 13:38:21 INFO  [main] base.BasePage BasePage.java70 - CLicking ON BackAction ARROW Button Is enabled and clicked
20240605 13:38:22 INFO  [main] base.BasePage BasePage.java70 - CLicking ON BackAction ARROW Button Is enabled and clicked
20240605 13:38:22 INFO  [main] base.BasePage BasePage.java70 - CLicking ON BackAction ARROW Button Is enabled and clicked
20240605 13:38:22 INFO  [main] base.BasePage BasePage.java70 - CLicking ON BackAction ARROW Button Is enabled and clicked
20240605 13:38:27 INFO  [main] home.ContactsPage ContactsPage.java94 - Dropdown element is clicked
20240605 13:38:27 INFO  [main] home.ContactsPage ContactsPage.java99 - Text '2001' is selected from dropdown
20240605 13:38:27 INFO  [main] home.ContactsPage ContactsPage.java104 - selected option matches to the Actual option
20240605 13:38:28 INFO  [main] utility.SalesforceListenerUtility SalesforceListenerUtility.java38 - createContacts.......test execution sucess........
20240605 13:38:28 INFO  [main] utility.SalesforceListenerUtility SalesforceListenerUtility.java73 - .......<test> execution completed........
20240605 13:39:17 INFO  [main] utility.SalesforceListenerUtility SalesforceListenerUtility.java65 - .......<test> execution started........
20240605 13:39:17 INFO  [main] base.BaseTest BaseTest.java47 - .........BeforeMethod  executed---------------
20240605 13:39:17 INFO  [main] base.BaseTest BaseTest.java68 - Browser instance has started
20240605 13:39:20 INFO  [main] base.BaseTest BaseTest.java149 - https://login.salesforce.com/ is entered
20240605 13:39:20 INFO  [main] base.BaseTest BaseTest.java182 - Waiting until page loads within  expectedtime period
20240605 13:39:20 INFO  [main] utility.SalesforceListenerUtility SalesforceListenerUtility.java28 - createContacts.......test execution started........
20240605 13:39:20 INFO  [main] lighteningSalesforce.LoginAccountsTestcases LoginAccountsTestcases.java50 - ..............stated login_Homepage()...............
20240605 13:39:20 INFO  [main] base.BasePage BasePage.java229 - Current URL is = https://login.salesforce.com/
20240605 13:39:28 INFO  [main] lighteningSalesforce.LoginAccountsTestcases LoginAccountsTestcases.java62 - https://login.salesforce.com/  matched with https://login.salesforce.com/
20240605 13:39:28 INFO  [main] base.BasePage BasePage.java89 - UserName  IS WAITED FOR VISIBLITY
20240605 13:39:28 INFO  [main] base.BasePage BasePage.java152 - [[ChromeDriver: chrome on MAC (e3c99dface26ad27d0937e2603cfdbb3)] -> xpath: //*[@id='username']]Is enabled and clicked
20240605 13:39:29 INFO  [main] base.BasePage BasePage.java156 - Username textboxIs displayed  in textarea
20240605 13:39:29 INFO  [main] lighteningSalesforce.LoginAccountsTestcases LoginAccountsTestcases.java72 - User name entered successfully
20240605 13:39:29 INFO  [main] base.BasePage BasePage.java152 - [[ChromeDriver: chrome on MAC (e3c99dface26ad27d0937e2603cfdbb3)] -> xpath: //*[@id='password']]Is enabled and clicked
20240605 13:39:29 INFO  [main] base.BasePage BasePage.java156 - password field Is displayed  in textarea
20240605 13:39:29 INFO  [main] lighteningSalesforce.LoginAccountsTestcases LoginAccountsTestcases.java75 - Password entered successfully
20240605 13:39:37 INFO  [main] base.BasePage BasePage.java89 - Login Button IS WAITED FOR VISIBLITY
20240605 13:39:43 INFO  [main] base.BasePage BasePage.java70 - Login ButtonIs enabled and clicked
20240605 13:39:45 INFO  [main] lighteningSalesforce.LoginAccountsTestcases LoginAccountsTestcases.java89 - Home | Salesforce  matched with Home | Salesforce
20240605 13:39:45 INFO  [main] lighteningSalesforce.LoginAccountsTestcases LoginAccountsTestcases.java97 - All assertions Passed
20240605 13:39:45 INFO  [main] lighteningSalesforce.LoginAccountsTestcases LoginAccountsTestcases.java99 - ..............ended Login_Homepage()...............
20240605 13:39:45 INFO  [main] base.BasePage BasePage.java403 - Waiting until page loads within  expectedtime period
20240605 13:39:54 INFO  [main] base.BasePage BasePage.java248 - Element extracted text is = Acc_a53
20240605 13:39:58 INFO  [main] base.BasePage BasePage.java70 - Contact button on Accounts page Is enabled and clicked
20240605 13:40:03 INFO  [main] base.BasePage BasePage.java152 - [[ChromeDriver: chrome on MAC (e3c99dface26ad27d0937e2603cfdbb3)] -> xpath: //input[@name='lastName']]Is enabled and clicked
20240605 13:40:03 INFO  [main] base.BasePage BasePage.java156 - last name Is displayed  in textarea
20240605 13:40:15 INFO  [main] base.BasePage BasePage.java70 - Birthday calendar clickIs enabled and clicked
20240605 13:40:15 INFO  [main] base.BasePage BasePage.java70 - CLicking ON BackAction ARROW Button Is enabled and clicked
20240605 13:40:15 INFO  [main] base.BasePage BasePage.java70 - CLicking ON BackAction ARROW Button Is enabled and clicked
20240605 13:40:15 INFO  [main] base.BasePage BasePage.java70 - CLicking ON BackAction ARROW Button Is enabled and clicked
20240605 13:40:15 INFO  [main] base.BasePage BasePage.java70 - CLicking ON BackAction ARROW Button Is enabled and clicked
20240605 13:40:15 INFO  [main] base.BasePage BasePage.java70 - CLicking ON BackAction ARROW Button Is enabled and clicked
20240605 13:40:21 INFO  [main] home.ContactsPage ContactsPage.java94 - Dropdown element is clicked
20240605 13:40:21 INFO  [main] home.ContactsPage ContactsPage.java99 - Text '2001' is selected from dropdown
20240605 13:40:21 INFO  [main] home.ContactsPage ContactsPage.java104 - selected option matches to the Actual option
20240605 13:40:21 INFO  [main] utility.SalesforceListenerUtility SalesforceListenerUtility.java38 - createContacts.......test execution sucess........
20240605 13:40:21 INFO  [main] utility.SalesforceListenerUtility SalesforceListenerUtility.java73 - .......<test> execution completed........
20240605 13:44:23 INFO  [main] utility.SalesforceListenerUtility SalesforceListenerUtility.java65 - .......<test> execution started........
20240605 13:44:23 INFO  [main] base.BaseTest BaseTest.java47 - .........BeforeMethod  executed---------------
20240605 13:44:23 INFO  [main] base.BaseTest BaseTest.java68 - Browser instance has started
20240605 13:44:26 INFO  [main] base.BaseTest BaseTest.java149 - https://login.salesforce.com/ is entered
20240605 13:44:26 INFO  [main] base.BaseTest BaseTest.java182 - Waiting until page loads within  expectedtime period
20240605 13:44:26 INFO  [main] utility.SalesforceListenerUtility SalesforceListenerUtility.java28 - createContacts.......test execution started........
20240605 13:44:26 INFO  [main] lighteningSalesforce.LoginAccountsTestcases LoginAccountsTestcases.java50 - ..............stated login_Homepage()...............
20240605 13:44:26 INFO  [main] base.BasePage BasePage.java229 - Current URL is = https://login.salesforce.com/
20240605 13:44:34 INFO  [main] lighteningSalesforce.LoginAccountsTestcases LoginAccountsTestcases.java62 - https://login.salesforce.com/  matched with https://login.salesforce.com/
20240605 13:44:34 INFO  [main] base.BasePage BasePage.java89 - UserName  IS WAITED FOR VISIBLITY
20240605 13:44:34 INFO  [main] base.BasePage BasePage.java152 - [[ChromeDriver: chrome on MAC (00ffb6d13e3ab2b2ad8a0916beec1b62)] -> xpath: //*[@id='username']]Is enabled and clicked
20240605 13:44:35 INFO  [main] base.BasePage BasePage.java156 - Username textboxIs displayed  in textarea
20240605 13:44:35 INFO  [main] lighteningSalesforce.LoginAccountsTestcases LoginAccountsTestcases.java72 - User name entered successfully
20240605 13:44:35 INFO  [main] base.BasePage BasePage.java152 - [[ChromeDriver: chrome on MAC (00ffb6d13e3ab2b2ad8a0916beec1b62)] -> xpath: //*[@id='password']]Is enabled and clicked
20240605 13:44:35 INFO  [main] base.BasePage BasePage.java156 - password field Is displayed  in textarea
20240605 13:44:35 INFO  [main] lighteningSalesforce.LoginAccountsTestcases LoginAccountsTestcases.java75 - Password entered successfully
20240605 13:44:43 INFO  [main] base.BasePage BasePage.java89 - Login Button IS WAITED FOR VISIBLITY
20240605 13:44:49 INFO  [main] base.BasePage BasePage.java70 - Login ButtonIs enabled and clicked
20240605 13:44:51 INFO  [main] lighteningSalesforce.LoginAccountsTestcases LoginAccountsTestcases.java89 - Home | Salesforce  matched with Home | Salesforce
20240605 13:44:51 INFO  [main] lighteningSalesforce.LoginAccountsTestcases LoginAccountsTestcases.java97 - All assertions Passed
20240605 13:44:51 INFO  [main] lighteningSalesforce.LoginAccountsTestcases LoginAccountsTestcases.java99 - ..............ended Login_Homepage()...............
20240605 13:44:51 INFO  [main] base.BasePage BasePage.java403 - Waiting until page loads within  expectedtime period
20240605 13:45:00 INFO  [main] base.BasePage BasePage.java248 - Element extracted text is = Acc_a53
20240605 13:45:04 INFO  [main] base.BasePage BasePage.java70 - Contact button on Accounts page Is enabled and clicked
20240605 13:45:08 INFO  [main] base.BasePage BasePage.java152 - [[ChromeDriver: chrome on MAC (00ffb6d13e3ab2b2ad8a0916beec1b62)] -> xpath: //input[@name='lastName']]Is enabled and clicked
20240605 13:45:08 INFO  [main] base.BasePage BasePage.java156 - last name Is displayed  in textarea
20240605 13:45:21 INFO  [main] base.BasePage BasePage.java70 - Birthday calendar clickIs enabled and clicked
20240605 13:45:21 INFO  [main] base.BasePage BasePage.java70 - CLicking ON BackAction ARROW Button Is enabled and clicked
20240605 13:45:21 INFO  [main] base.BasePage BasePage.java70 - CLicking ON BackAction ARROW Button Is enabled and clicked
20240605 13:45:21 INFO  [main] base.BasePage BasePage.java70 - CLicking ON BackAction ARROW Button Is enabled and clicked
20240605 13:45:21 INFO  [main] base.BasePage BasePage.java70 - CLicking ON BackAction ARROW Button Is enabled and clicked
20240605 13:45:21 INFO  [main] base.BasePage BasePage.java70 - CLicking ON BackAction ARROW Button Is enabled and clicked
20240605 13:45:26 INFO  [main] home.ContactsPage ContactsPage.java94 - Dropdown element is clicked
20240605 13:45:26 INFO  [main] home.ContactsPage ContactsPage.java99 - Text '2001' is selected from dropdown
20240605 13:45:27 INFO  [main] home.ContactsPage ContactsPage.java104 - selected option matches to the Actual option
20240605 13:45:36 INFO  [main] base.BasePage BasePage.java114 -  IS WAITED FOR VISIBLITY OF ELEMENT TO BE LOCATED
20240605 13:45:36 INFO  [main] base.BasePage BasePage.java70 - Save Action ButtonIs enabled and clicked
20240605 13:45:36 INFO  [main] utility.SalesforceListenerUtility SalesforceListenerUtility.java38 - createContacts.......test execution sucess........
20240605 13:45:36 INFO  [main] utility.SalesforceListenerUtility SalesforceListenerUtility.java73 - .......<test> execution completed........
